-- MySQL dump 10.13  Distrib 8.0.32, for Win64 (x86_64)
--
-- Host: 127.0.0.1    Database: toyota_car_maintenance
-- ------------------------------------------------------
-- Server version	8.0.32

/*!40101 SET @OLD_CHARACTER_SET_CLIENT=@@CHARACTER_SET_CLIENT */;
/*!40101 SET @OLD_CHARACTER_SET_RESULTS=@@CHARACTER_SET_RESULTS */;
/*!40101 SET @OLD_COLLATION_CONNECTION=@@COLLATION_CONNECTION */;
/*!50503 SET NAMES utf8 */;
/*!40103 SET @OLD_TIME_ZONE=@@TIME_ZONE */;
/*!40103 SET TIME_ZONE='+00:00' */;
/*!40014 SET @OLD_UNIQUE_CHECKS=@@UNIQUE_CHECKS, UNIQUE_CHECKS=0 */;
/*!40014 SET @OLD_FOREIGN_KEY_CHECKS=@@FOREIGN_KEY_CHECKS, FOREIGN_KEY_CHECKS=0 */;
/*!40101 SET @OLD_SQL_MODE=@@SQL_MODE, SQL_MODE='NO_AUTO_VALUE_ON_ZERO' */;
/*!40111 SET @OLD_SQL_NOTES=@@SQL_NOTES, SQL_NOTES=0 */;

--
-- Table structure for table `accessories`
--

DROP TABLE IF EXISTS `accessories`;
/*!40101 SET @saved_cs_client     = @@character_set_client */;
/*!50503 SET character_set_client = utf8mb4 */;
CREATE TABLE `accessories` (
  `id` bigint NOT NULL AUTO_INCREMENT,
  `created_at` datetime(6) DEFAULT NULL,
  `created_by` varchar(255) DEFAULT NULL,
  `deleted` tinyint(1) DEFAULT '0',
  `updated_at` datetime(6) DEFAULT NULL,
  `updated_by` varchar(255) DEFAULT NULL,
  `code` varchar(255) NOT NULL,
  `name` varchar(255) NOT NULL,
  `price` decimal(10,0) NOT NULL,
  `quantity` decimal(10,2) NOT NULL,
  `unit` varchar(255) NOT NULL,
  `accessory_role_id` bigint NOT NULL,
  PRIMARY KEY (`id`),
  KEY `FKt73a5hn63cpypy9y3oggacc3l` (`accessory_role_id`),
  CONSTRAINT `FKt73a5hn63cpypy9y3oggacc3l` FOREIGN KEY (`accessory_role_id`) REFERENCES `accessory_role` (`id`)
) ENGINE=InnoDB AUTO_INCREMENT=1881 DEFAULT CHARSET=utf8mb4 COLLATE=utf8mb4_0900_ai_ci;
/*!40101 SET character_set_client = @saved_cs_client */;

--
-- Dumping data for table `accessories`
--

LOCK TABLES `accessories` WRITE;
/*!40000 ALTER TABLE `accessories` DISABLE KEYS */;
INSERT INTO `accessories` VALUES (1,'2023-08-01 15:10:11.562000',NULL,1,'2023-08-14 09:26:46.752000',NULL,'EEP10005597','Ắc quy',3666000,5.00,'UNIT_PACKAGE',4),(2,'2023-08-01 15:10:11.580000',NULL,0,'2023-08-02 09:11:58.337000',NULL,'EEP10010624','Âm Ly',4147000,5.00,'UNIT_PACKAGE',4),(3,'2023-08-01 15:10:11.582000',NULL,0,'2023-08-02 09:11:58.338000',NULL,'EEP10008804','Ăng ten',709000,5.00,'UNIT_PACKAGE',4),(4,'2023-08-01 15:10:11.583000',NULL,0,'2023-08-02 09:11:58.339000',NULL,'BEX10008661','Ba đờ sốc trước, loại có cảm biến khoảng cách 2 bên',5175000,5.00,'UNIT_PACKAGE',5),(5,'2023-08-01 15:10:11.584000',NULL,0,'2023-08-02 09:11:58.340000',NULL,'CHS10002376','Bạc',342000,5.00,'UNIT_PACKAGE',2),(6,'2023-08-01 15:10:11.585000',NULL,0,'2023-08-02 09:11:58.340000',NULL,'ENG10006032','Bạc chặn dȁn hướng trên - đỏ 50,00MM',127000,5.00,'UNIT_PACKAGE',2),(7,'2023-08-01 15:10:11.586000',NULL,0,'2023-08-02 09:11:58.341000',NULL,'ENG10006034','Bạc chặn dȁn hướng trên - vàng 50,00MM',127000,5.00,'UNIT_PACKAGE',2),(8,'2023-08-01 15:10:11.587000',NULL,0,'2023-08-02 09:11:58.342000',NULL,'ENG10006033','Bạc chặn dȁn hướng trên - xanh 50,00MM',127000,5.00,'UNIT_PACKAGE',2),(9,'2023-08-01 15:10:11.588000',NULL,0,'2023-08-02 09:11:58.343000',NULL,'ENG10006029','Bạc chặn dưới, đỏ 50,00MM',21000,5.00,'UNIT_PACKAGE',2),(10,'2023-08-01 15:10:11.589000',NULL,0,'2023-08-02 09:11:58.344000',NULL,'ENG10006031','Bạc chặn dưới, vàng 50,00MM',21000,5.00,'UNIT_PACKAGE',2),(11,'2023-08-01 15:10:11.590000',NULL,0,'2023-08-02 09:11:58.344000',NULL,'ENG10006030','Bạc chặn dưới, xanh 50,00MM',21000,5.00,'UNIT_PACKAGE',2),(12,'2023-08-01 15:10:11.591000',NULL,0,'2023-08-02 09:11:58.345000',NULL,'ENG10006026','Bạc chặn, đỏ 50,00MM',21000,5.00,'UNIT_PACKAGE',2),(13,'2023-08-01 15:10:11.592000',NULL,0,'2023-08-02 09:11:58.345000',NULL,'ENG10006028','Bạc chặn, vàng 50,00MM',21000,5.00,'UNIT_PACKAGE',2),(14,'2023-08-01 15:10:11.597000',NULL,0,'2023-08-02 09:11:58.346000',NULL,'ENG10006027','Bạc chặn, xanh 50,00MM',21000,5.00,'UNIT_PACKAGE',2),(15,'2023-08-01 15:10:11.598000',NULL,0,'2023-08-02 09:11:58.346000',NULL,'ENG10005854','Bạc thanh truyền dưới, đỏ 50,00MM(0)',93000,5.00,'UNIT_PACKAGE',2),(16,'2023-08-01 15:10:11.599000',NULL,0,'2023-08-02 09:11:58.347000',NULL,'ENG10005855','Bạc thanh truyền dưới, xanh 50,00MM(0)',93000,5.00,'UNIT_PACKAGE',2),(17,'2023-08-01 15:10:11.600000',NULL,0,'2023-08-02 09:11:58.348000',NULL,'ENG10006035','Bạc thanh truyền trên, đỏ 50,00MM(0)',95000,5.00,'UNIT_PACKAGE',2),(18,'2023-08-01 15:10:11.601000',NULL,0,'2023-08-02 09:11:58.348000',NULL,'ENG10006036','Bạc thanh truyền trên, tím 50,00MM(0)',95000,5.00,'UNIT_PACKAGE',2),(19,'2023-08-01 15:10:11.602000',NULL,1,'2023-08-14 08:41:43.888000',NULL,'CHS10002218','Bàn đạp chân ga',467000,5.00,'UNIT_PACKAGE',1),(20,'2023-08-01 15:10:11.603000',NULL,1,'2023-08-14 08:43:35.422000',NULL,'BIW10001696','Bản lề cốp, bên phải',744000,5.00,'UNIT_PACKAGE',1),(21,'2023-08-01 15:10:11.604000',NULL,1,'2023-08-14 08:43:53.316000',NULL,'BIW10001695','Bản lề cốp, bên trái',744000,5.00,'UNIT_PACKAGE',1),(22,'2023-08-01 15:10:11.604000',NULL,1,'2023-08-14 08:44:09.856000',NULL,'ENG10005892','Bánh dȁn động trục cam',38000,5.00,'UNIT_PACKAGE',1),(23,'2023-08-01 15:10:11.605000',NULL,1,'2023-08-14 08:44:56.900000',NULL,'CHS10002595','Bát bèo giảm xóc sau 2 bên x 2',340000,5.00,'UNIT_PACKAGE',1),(24,'2023-08-01 15:10:11.605000',NULL,1,'2023-08-14 08:45:26.897000',NULL,'CHS10002364','Bát bèo giảm xóc trước 2 bên x 2',280000,5.00,'UNIT_PACKAGE',1),(25,'2023-08-01 15:10:11.606000',NULL,1,'2023-08-14 08:55:49.623000',NULL,'PWT10002915','Bầu giảm âm',944000,5.00,'UNIT_PACKAGE',1),(26,'2023-08-01 15:10:11.607000',NULL,1,'2023-08-14 08:57:13.744000',NULL,'PWT10002824','Bầu lọc gió',1149000,5.00,'UNIT_PACKAGE',1),(27,'2023-08-01 15:10:11.611000',NULL,1,'2023-08-14 09:07:20.559000',NULL,'PWT10002823','Bầu lọc gió',1513000,5.00,'UNIT_PACKAGE',1),(28,'2023-08-01 15:10:11.613000',NULL,1,'2023-08-14 09:07:43.107000',NULL,'SVK10000043','Bầu phanh',1838000,5.00,'UNIT_PACKAGE',1),(29,'2023-08-01 15:10:11.614000',NULL,1,'2023-08-14 09:07:54.331000',NULL,'ENG10006038','Bệ gắn lò xo',5000,5.00,'UNIT_PACKAGE',1),(30,'2023-08-01 15:10:11.615000',NULL,1,'2023-08-14 09:08:11.288000',NULL,'CHS10009339','Bi moay ơ',1072000,5.00,'UNIT_PACKAGE',1),(31,'2023-08-01 15:10:11.616000',NULL,1,'2023-08-14 09:08:20.892000',NULL,'CHS10009302','Bi moay ơ sau 2 bên x 2',940000,5.00,'UNIT_PACKAGE',1),(32,'2023-08-01 15:10:11.616000',NULL,1,'2023-08-14 09:12:03.396000',NULL,'CHS10002686','Bi moay ơ trước 2 bên x 2',1509000,5.00,'UNIT_PACKAGE',1),(33,'2023-08-01 15:10:11.617000',NULL,1,'2023-08-14 09:12:05.528000',NULL,'ENG10005859','Bi tăng đai tổng thành',535000,5.00,'UNIT_PACKAGE',1),(34,'2023-08-01 15:10:11.618000',NULL,1,'2023-08-14 09:12:07.649000',NULL,'CHS10006628','Bình dầu',294000,5.00,'UNIT_PACKAGE',1),(35,'2023-08-01 15:10:11.619000',NULL,1,'2023-08-14 09:12:09.349000',NULL,'BEX10003321','Bình nước rửa kính',419000,5.00,'UNIT_PACKAGE',1),(36,'2023-08-01 15:10:11.619000',NULL,1,'2023-08-14 09:12:10.700000',NULL,'ENG10005937','Bô bin',401000,5.00,'UNIT_PACKAGE',1),(37,'2023-08-01 15:10:11.620000',NULL,1,'2023-08-14 09:12:12.547000',NULL,'STD99000031','Bộ bu lông nắp quy lát',4000,5.00,'UNIT_PACKAGE',1),(38,'2023-08-01 15:10:11.621000',NULL,1,'2023-08-14 09:25:39.080000',NULL,'CHS10006492','Bộ cao su chụp bui piston',225000,5.00,'UNIT_PACKAGE',1),(39,'2023-08-01 15:10:11.622000',NULL,1,'2023-08-14 09:25:42.462000',NULL,'SVC10008793','Bộ chấp hành',382000,5.00,'UNIT_PACKAGE',1),(40,'2023-08-01 15:10:11.622000',NULL,1,'2023-08-14 09:26:20.354000',NULL,'BIW10001674','Bộ cơ cấu dȁn động',1639000,5.00,'UNIT_PACKAGE',1),(41,'2023-08-01 15:10:11.623000',NULL,1,'2023-08-14 09:26:42.638000',NULL,'BEX10003336','Bộ cơ cấu gạt nước',2451000,5.00,'UNIT_PACKAGE',1),(42,'2023-08-01 15:10:11.623000',NULL,0,'2023-08-02 09:11:58.361000',NULL,'EEP10005748','Bộ cổng kết nối sạc',201000,5.00,'UNIT_PACKAGE',3),(43,'2023-08-01 15:10:11.624000',NULL,0,'2023-08-02 09:11:58.361000',NULL,'EEP10005737','Bộ cổng kết nối USB/sạc',373000,5.00,'UNIT_PACKAGE',3),(44,'2023-08-01 15:10:11.628000',NULL,0,'2023-08-02 09:11:58.362000',NULL,'EEP10007080','Bộ công tắc chỉnh đèn',483000,5.00,'UNIT_PACKAGE',4),(45,'2023-08-01 15:10:11.629000',NULL,0,'2023-08-02 09:11:58.362000',NULL,'EEP10008767','Bộ công tắc chỉnh đèn',538000,5.00,'UNIT_PACKAGE',4),(46,'2023-08-01 15:10:11.630000',NULL,0,'2023-08-02 09:11:58.362000',NULL,'EEP10005549','Bộ công tắc điều chỉnh trên vô lăng',2075000,5.00,'UNIT_PACKAGE',4),(47,'2023-08-01 15:10:11.631000',NULL,0,'2023-08-02 09:11:58.363000',NULL,'EEP10005756','Bộ công tắc khởi động, phía sau',404000,5.00,'UNIT_PACKAGE',4),(48,'2023-08-01 15:10:11.632000',NULL,0,'2023-08-02 09:11:58.363000',NULL,'EEP10005702','Bộ công tắc khởi động, phía trước',277000,5.00,'UNIT_PACKAGE',4),(49,'2023-08-01 15:10:11.632000',NULL,0,'2023-08-02 09:11:58.364000',NULL,'ENG10005955','Bộ dây điện',2598000,5.00,'UNIT_PACKAGE',4),(50,'2023-08-01 15:10:11.633000',NULL,0,'2023-08-02 09:11:58.364000',NULL,'EEP10006520','Bộ dây điện cản sau',599000,5.00,'UNIT_PACKAGE',4),(51,'2023-08-01 15:10:11.634000',NULL,0,'2023-08-02 09:11:58.364000',NULL,'EEP10006521','Bộ dây điện cản sau',641000,5.00,'UNIT_PACKAGE',4),(52,'2023-08-01 15:10:11.634000',NULL,0,'2023-08-02 09:11:58.365000',NULL,'EEP10006559','Bộ dây điện cản sau',1030000,5.00,'UNIT_PACKAGE',4),(53,'2023-08-01 15:10:11.635000',NULL,0,'2023-08-02 09:11:58.365000',NULL,'EEP10006560','Bộ dây điện cản sau',1170000,5.00,'UNIT_PACKAGE',4),(54,'2023-08-01 15:10:11.636000',NULL,0,'2023-08-02 09:11:58.366000',NULL,'EEP10007325','Bộ dây điện cản trước',624000,5.00,'UNIT_PACKAGE',4),(55,'2023-08-01 15:10:11.636000',NULL,0,'2023-08-02 09:11:58.366000',NULL,'EEP10007356','Bộ dây điện cản trước',614000,5.00,'UNIT_PACKAGE',4),(56,'2023-08-01 15:10:11.637000',NULL,0,'2023-08-02 09:11:58.366000',NULL,'EEP10006554','Bộ dây điện chính',16185000,5.00,'UNIT_PACKAGE',4),(57,'2023-08-01 15:10:11.638000',NULL,0,'2023-08-02 09:11:58.367000',NULL,'EEP10006558','Bộ dây điện chính',16185000,5.00,'UNIT_PACKAGE',4),(58,'2023-08-01 15:10:11.638000',NULL,0,'2023-08-02 09:11:58.367000',NULL,'EEP10006571','Bộ dây điện chính',16185000,5.00,'UNIT_PACKAGE',4),(59,'2023-08-01 15:10:11.639000',NULL,0,'2023-08-02 09:11:58.368000',NULL,'EEP10006572','Bộ dây điện chính',16185000,5.00,'UNIT_PACKAGE',4),(60,'2023-08-01 15:10:11.640000',NULL,0,'2023-08-02 09:11:58.368000',NULL,'EEP10006573','Bộ dây điện chính',16185000,5.00,'UNIT_PACKAGE',4),(61,'2023-08-01 15:10:11.640000',NULL,0,'2023-08-02 09:11:58.368000',NULL,'EEP10006574','Bộ dây điện chính',16185000,5.00,'UNIT_PACKAGE',4),(62,'2023-08-01 15:10:11.642000',NULL,0,'2023-08-02 09:11:58.369000',NULL,'EEP10006578','Bộ dây điện chính',16185000,5.00,'UNIT_PACKAGE',4),(63,'2023-08-01 15:10:11.645000',NULL,0,'2023-08-02 09:11:58.370000',NULL,'EEP10006579','Bộ dây điện chính',16185000,5.00,'UNIT_PACKAGE',4),(64,'2023-08-01 15:10:11.646000',NULL,0,'2023-08-02 09:11:58.370000',NULL,'EEP10006581','Bộ dây điện chính',16185000,5.00,'UNIT_PACKAGE',4),(65,'2023-08-01 15:10:11.647000',NULL,0,'2023-08-02 09:11:58.371000',NULL,'EEP10007340','Bộ dây điện chính',16185000,5.00,'UNIT_PACKAGE',4),(66,'2023-08-01 15:10:11.648000',NULL,0,'2023-08-02 09:11:58.371000',NULL,'EEP10007354','Bộ dây điện chính',16185000,5.00,'UNIT_PACKAGE',4),(67,'2023-08-01 15:10:11.649000',NULL,0,'2023-08-02 09:11:58.371000',NULL,'EEP10007355','Bộ dây điện chính',16185000,5.00,'UNIT_PACKAGE',4),(68,'2023-08-01 15:10:11.650000',NULL,0,'2023-08-02 09:11:58.372000',NULL,'EEP10007362','Bộ dây điện chính',16185000,5.00,'UNIT_PACKAGE',4),(69,'2023-08-01 15:10:11.650000',NULL,0,'2023-08-02 09:11:58.372000',NULL,'EEP10007363','Bộ dây điện chính',16185000,5.00,'UNIT_PACKAGE',4),(70,'2023-08-01 15:10:11.651000',NULL,0,'2023-08-02 09:11:58.373000',NULL,'EEP10007490','Bộ dây điện chính',16185000,5.00,'UNIT_PACKAGE',4),(71,'2023-08-01 15:10:11.652000',NULL,0,'2023-08-02 09:11:58.373000',NULL,'EEP10007491','Bộ dây điện chính',16185000,5.00,'UNIT_PACKAGE',4),(72,'2023-08-01 15:10:11.652000',NULL,0,'2023-08-02 09:11:58.374000',NULL,'EEP10007492','Bộ dây điện chính',16185000,5.00,'UNIT_PACKAGE',4),(73,'2023-08-01 15:10:11.653000',NULL,0,'2023-08-02 09:11:58.374000',NULL,'EEP10007493','Bộ dây điện chính',16185000,5.00,'UNIT_PACKAGE',4),(74,'2023-08-01 15:10:11.654000',NULL,0,'2023-08-02 09:11:58.374000',NULL,'EEP10007932','Bộ dây điện cho rơ mooc',1806000,5.00,'UNIT_PACKAGE',4),(75,'2023-08-01 15:10:11.654000',NULL,0,'2023-08-02 09:11:58.375000',NULL,'EEP10009864','Bộ dây điện cửa lái',901000,5.00,'UNIT_PACKAGE',4),(76,'2023-08-01 15:10:11.655000',NULL,0,'2023-08-02 09:11:58.375000',NULL,'EEP10009865','Bộ dây điện cửa lái',952000,5.00,'UNIT_PACKAGE',4),(77,'2023-08-01 15:10:11.655000',NULL,0,'2023-08-02 09:11:58.375000',NULL,'EEP10009691','Bộ dây điện cửa sau phải',627000,5.00,'UNIT_PACKAGE',4),(78,'2023-08-01 15:10:11.656000',NULL,0,'2023-08-02 09:11:58.376000',NULL,'EEP10009692','Bộ dây điện cửa sau phải',636000,5.00,'UNIT_PACKAGE',4),(79,'2023-08-01 15:10:11.657000',NULL,0,'2023-08-02 09:11:58.376000',NULL,'EEP10006536','Bộ dây điện cửa sau trái',626000,5.00,'UNIT_PACKAGE',4),(80,'2023-08-01 15:10:11.657000',NULL,0,'2023-08-02 09:11:58.377000',NULL,'EEP10006538','Bộ dây điện cửa sau trái',635000,5.00,'UNIT_PACKAGE',4),(81,'2023-08-01 15:10:11.661000',NULL,0,'2023-08-02 09:11:58.377000',NULL,'EEP10006575','Bộ dây điện cửa sau, trái',616000,5.00,'UNIT_PACKAGE',4),(82,'2023-08-01 15:10:11.663000',NULL,0,'2023-08-02 09:11:58.378000',NULL,'EEP10006577','Bộ dây điện cửa sau, trái',630000,5.00,'UNIT_PACKAGE',4),(83,'2023-08-01 15:10:11.664000',NULL,0,'2023-08-02 09:11:58.378000',NULL,'EEP10006527','Bộ dây điện cửa trước phải',771000,5.00,'UNIT_PACKAGE',4),(84,'2023-08-01 15:10:11.664000',NULL,0,'2023-08-02 09:11:58.379000',NULL,'EEP10007327','Bộ dây điện cửa trước phải',866000,5.00,'UNIT_PACKAGE',4),(85,'2023-08-01 15:10:11.665000',NULL,0,'2023-08-02 09:11:58.379000',NULL,'EEP10006524','Bộ dây điện cửa trước trái',1020000,5.00,'UNIT_PACKAGE',4),(86,'2023-08-01 15:10:11.666000',NULL,0,'2023-08-02 09:11:58.379000',NULL,'EEP10007326','Bộ dây điện cửa trước trái',1063000,5.00,'UNIT_PACKAGE',4),(87,'2023-08-01 15:10:11.667000',NULL,0,'2023-08-02 09:11:58.380000',NULL,'EEP10006565','Bộ dây điện cửa trước, phải',892000,5.00,'UNIT_PACKAGE',4),(88,'2023-08-01 15:10:11.667000',NULL,0,'2023-08-02 09:11:58.380000',NULL,'EEP10007358','Bộ dây điện cửa trước, phải',916000,5.00,'UNIT_PACKAGE',4),(89,'2023-08-01 15:10:11.668000',NULL,0,'2023-08-02 09:11:58.381000',NULL,'EEP10009866','Bộ dây điện cửa trước, phải',768000,5.00,'UNIT_PACKAGE',4),(90,'2023-08-01 15:10:11.669000',NULL,0,'2023-08-02 09:11:58.381000',NULL,'EEP10009867','Bộ dây điện cửa trước, phải',818000,5.00,'UNIT_PACKAGE',4),(91,'2023-08-01 15:10:11.670000',NULL,0,'2023-08-02 09:11:58.382000',NULL,'EEP10006562','Bộ dây điện cửa trước, trái',1067000,5.00,'UNIT_PACKAGE',4),(92,'2023-08-01 15:10:11.671000',NULL,0,'2023-08-02 09:11:58.382000',NULL,'EEP10007357','Bộ dây điện cửa trước, trái',1102000,5.00,'UNIT_PACKAGE',4),(93,'2023-08-01 15:10:11.672000',NULL,0,'2023-08-02 09:11:58.383000',NULL,'BIN10004642','Bộ dây điện cụm điều hòa',537000,5.00,'UNIT_PACKAGE',4),(94,'2023-08-01 15:10:11.673000',NULL,0,'2023-08-02 09:11:58.383000',NULL,'EEP10006553','Bộ dây điện khoang động cơ',3971000,5.00,'UNIT_PACKAGE',4),(95,'2023-08-01 15:10:11.673000',NULL,0,'2023-08-02 09:11:58.384000',NULL,'EEP10006555','Bộ dây điện khoang động cơ',4691000,5.00,'UNIT_PACKAGE',4),(96,'2023-08-01 15:10:11.674000',NULL,0,'2023-08-02 09:11:58.385000',NULL,'EEP10006557','Bộ dây điện khoang động cơ',652000,5.00,'UNIT_PACKAGE',4),(97,'2023-08-01 15:10:11.675000',NULL,0,'2023-08-02 09:11:58.386000',NULL,'EEP10007349','Bộ dây điện khoang động cơ',5091000,5.00,'UNIT_PACKAGE',4),(98,'2023-08-01 15:10:11.678000',NULL,0,'2023-08-02 09:11:58.386000',NULL,'EEP10006516','Bộ dây điện khoang động cơ, bên phải',1196000,5.00,'UNIT_PACKAGE',4),(99,'2023-08-01 15:10:11.680000',NULL,0,'2023-08-02 09:11:58.387000',NULL,'EEP10006518','Bộ dây điện khoang động cơ, bên phải',652000,5.00,'UNIT_PACKAGE',4),(100,'2023-08-01 15:10:11.681000',NULL,0,'2023-08-02 09:11:58.387000',NULL,'EEP10007318','Bộ dây điện khoang động cơ, bên phải',1398000,5.00,'UNIT_PACKAGE',4),(101,'2023-08-01 15:10:11.681000',NULL,0,'2023-08-02 09:11:58.388000',NULL,'EEP10007322','Bộ dây điện khoang động cơ, bên phải',652000,5.00,'UNIT_PACKAGE',4),(102,'2023-08-01 15:10:11.682000',NULL,0,'2023-08-02 09:11:58.388000',NULL,'EEP10006514','Bộ dây điện khoang động cơ, bên trái',6404000,5.00,'UNIT_PACKAGE',4),(103,'2023-08-01 15:10:11.683000',NULL,0,'2023-08-02 09:11:58.389000',NULL,'EEP10006515','Bộ dây điện khoang động cơ, bên trái',4127000,5.00,'UNIT_PACKAGE',4),(104,'2023-08-01 15:10:11.683000',NULL,0,'2023-08-02 09:11:58.389000',NULL,'EEP10006541','Bộ dây điện khoang hành khách',4374000,5.00,'UNIT_PACKAGE',4),(105,'2023-08-01 15:10:11.684000',NULL,0,'2023-08-02 09:11:58.389000',NULL,'EEP10006542','Bộ dây điện khoang hành khách',4374000,5.00,'UNIT_PACKAGE',4),(106,'2023-08-01 15:10:11.685000',NULL,0,'2023-08-02 09:11:58.390000',NULL,'EEP10006547','Bộ dây điện khoang hành khách',6357000,5.00,'UNIT_PACKAGE',4),(107,'2023-08-01 15:10:11.685000',NULL,0,'2023-08-02 09:11:58.390000',NULL,'EEP10006549','Bộ dây điện khoang hành khách',4374000,5.00,'UNIT_PACKAGE',4),(108,'2023-08-01 15:10:11.686000',NULL,0,'2023-08-02 09:11:58.390000',NULL,'EEP10006550','Bộ dây điện khoang hành khách',4374000,5.00,'UNIT_PACKAGE',4),(109,'2023-08-01 15:10:11.687000',NULL,0,'2023-08-02 09:11:58.391000',NULL,'EEP10007311','Bộ dây điện khoang hành khách',4374000,5.00,'UNIT_PACKAGE',4),(110,'2023-08-01 15:10:11.687000',NULL,0,'2023-08-02 09:11:58.391000',NULL,'EEP10007333','Bộ dây điện khoang hành khách',4374000,5.00,'UNIT_PACKAGE',4),(111,'2023-08-01 15:10:11.688000',NULL,0,'2023-08-02 09:11:58.392000',NULL,'EEP10007334','Bộ dây điện khoang hành khách',4374000,5.00,'UNIT_PACKAGE',4),(112,'2023-08-01 15:10:11.689000',NULL,0,'2023-08-02 09:11:58.392000',NULL,'EEP10008287','Bộ dây điện phanh đỗ',844000,5.00,'UNIT_PACKAGE',4),(113,'2023-08-01 15:10:11.689000',NULL,0,'2023-08-02 09:11:58.392000',NULL,'EEP10006532','Bộ dây điện thân xe',11811000,5.00,'UNIT_PACKAGE',4),(114,'2023-08-01 15:10:11.690000',NULL,0,'2023-08-02 09:11:58.393000',NULL,'EEP10006533','Bộ dây điện thân xe',11811000,5.00,'UNIT_PACKAGE',4),(115,'2023-08-01 15:10:11.691000',NULL,0,'2023-08-02 09:11:58.393000',NULL,'EEP10006534','Bộ dây điện thân xe',11811000,5.00,'UNIT_PACKAGE',4),(116,'2023-08-01 15:10:11.695000',NULL,0,'2023-08-02 09:11:58.394000',NULL,'EEP10006535','Bộ dây điện thân xe',11811000,5.00,'UNIT_PACKAGE',4),(117,'2023-08-01 15:10:11.696000',NULL,0,'2023-08-02 09:11:58.394000',NULL,'EEP10007308','Bộ dây điện thân xe',11811000,5.00,'UNIT_PACKAGE',4),(118,'2023-08-01 15:10:11.697000',NULL,0,'2023-08-02 09:11:58.395000',NULL,'EEP10007309','Bộ dây điện thân xe',11811000,5.00,'UNIT_PACKAGE',4),(119,'2023-08-01 15:10:11.698000',NULL,0,'2023-08-02 09:11:58.395000',NULL,'EEP10007324','Bộ dây điện thân xe',11811000,5.00,'UNIT_PACKAGE',4),(120,'2023-08-01 15:10:11.699000',NULL,0,'2023-08-02 09:11:58.396000',NULL,'EEP10007330','Bộ dây điện thân xe',11811000,5.00,'UNIT_PACKAGE',4),(121,'2023-08-01 15:10:11.699000',NULL,0,'2023-08-02 09:11:58.396000',NULL,'EEP10007331','Bộ dây điện thân xe',11811000,5.00,'UNIT_PACKAGE',4),(122,'2023-08-01 15:10:11.700000',NULL,0,'2023-08-02 09:11:58.397000',NULL,'EEP10007496','Bộ dây điện thân xe',11811000,5.00,'UNIT_PACKAGE',4),(123,'2023-08-01 15:10:11.701000',NULL,0,'2023-08-02 09:11:58.398000',NULL,'EEP10007497','Bộ dây điện thân xe',11811000,5.00,'UNIT_PACKAGE',4),(124,'2023-08-01 15:10:11.702000',NULL,0,'2023-08-02 09:11:58.398000',NULL,'EEP10009854','Bộ dây điện thân xe',13332000,5.00,'UNIT_PACKAGE',4),(125,'2023-08-01 15:10:11.703000',NULL,0,'2023-08-02 09:11:58.398000',NULL,'EEP10009855','Bộ dây điện thân xe',13836000,5.00,'UNIT_PACKAGE',4),(126,'2023-08-01 15:10:11.704000',NULL,0,'2023-08-02 09:11:58.399000',NULL,'EEP10009856','Bộ dây điện thân xe',13564000,5.00,'UNIT_PACKAGE',4),(127,'2023-08-01 15:10:11.705000',NULL,0,'2023-08-02 09:11:58.400000',NULL,'EEP10009857','Bộ dây điện thân xe',14159000,5.00,'UNIT_PACKAGE',4),(128,'2023-08-01 15:10:11.709000',NULL,0,'2023-08-02 09:11:58.403000',NULL,'EEP10009858','Bộ dây điện thân xe',13950000,5.00,'UNIT_PACKAGE',4),(129,'2023-08-01 15:10:11.713000',NULL,0,'2023-08-02 09:11:58.405000',NULL,'EEP10009859','Bộ dây điện thân xe',14549000,5.00,'UNIT_PACKAGE',4),(130,'2023-08-01 15:10:11.717000',NULL,0,'2023-08-02 09:11:58.407000',NULL,'EEP10009860','Bộ dây điện thân xe',14276000,5.00,'UNIT_PACKAGE',4),(131,'2023-08-01 15:10:11.717000',NULL,0,'2023-08-02 09:11:58.407000',NULL,'EEP10009861','Bộ dây điện thân xe',14773000,5.00,'UNIT_PACKAGE',4),(132,'2023-08-01 15:10:11.719000',NULL,0,'2023-08-02 09:11:58.408000',NULL,'EEP10007306','Bộ dây điện trợ lực lái',633000,5.00,'UNIT_PACKAGE',4),(133,'2023-08-01 15:10:11.719000',NULL,0,'2023-08-02 09:11:58.409000',NULL,'EEP10007495','Bộ dây điện, bản Nga',11811000,5.00,'UNIT_PACKAGE',4),(134,'2023-08-01 15:10:11.720000',NULL,0,'2023-08-02 09:11:58.410000',NULL,'ENG10005957','Bộ dây điện, hệ thống đánh lửa',808000,5.00,'UNIT_PACKAGE',4),(135,'2023-08-01 15:10:11.720000',NULL,0,'2023-08-02 09:11:58.410000',NULL,'PWT10006991','Bộ dây điện, hộp số',488000,5.00,'UNIT_PACKAGE',4),(136,'2023-08-01 15:10:11.721000',NULL,0,'2023-08-02 09:11:58.411000',NULL,'PWT10005963','Bộ dây điện, hộp số',712000,5.00,'UNIT_PACKAGE',4),(137,'2023-08-01 15:10:11.725000',NULL,0,'2023-08-02 09:11:58.411000',NULL,'CHS10007683','Bộ điều khiểm giảm sóc khí sau',2336000,5.00,'UNIT_PACKAGE',4),(138,'2023-08-01 15:10:11.729000',NULL,0,'2023-08-02 09:11:58.412000',NULL,'ENG10006051','Bộ điều khiển',1752000,5.00,'UNIT_PACKAGE',4),(139,'2023-08-01 15:10:11.729000',NULL,0,'2023-08-02 09:11:58.412000',NULL,'SVC10008987','Bộ điều khiển',1688000,5.00,'UNIT_PACKAGE',4),(140,'2023-08-01 15:10:11.730000',NULL,0,'2023-08-02 09:11:58.413000',NULL,'EEP10005743','Bộ điều khiển',5963000,5.00,'UNIT_PACKAGE',4),(141,'2023-08-01 15:10:11.731000',NULL,0,'2023-08-02 09:11:58.413000',NULL,'CHS10002411','Bộ điều khiển bơm xăng',1167000,5.00,'UNIT_PACKAGE',4),(142,'2023-08-01 15:10:11.732000',NULL,0,'2023-08-02 09:11:58.414000',NULL,'BEX10003335','Bộ điều khiển của hậu',555000,5.00,'UNIT_PACKAGE',4),(143,'2023-08-01 15:10:11.732000',NULL,0,'2023-08-02 09:11:58.415000',NULL,'EEP10005551','Bộ điều khiển cửa hậu điện',2401000,5.00,'UNIT_PACKAGE',4),(144,'2023-08-01 15:10:11.733000',NULL,0,'2023-08-02 09:11:58.418000',NULL,'PWT10005939','Bộ điều khiển động cơ',4736000,5.00,'UNIT_PACKAGE',4),(145,'2023-08-01 15:10:11.734000',NULL,0,'2023-08-02 09:11:58.525000',NULL,'EEP10009468','Bộ điều khiển hệ thống túi khí',1977000,5.00,'UNIT_PACKAGE',4),(146,'2023-08-01 15:10:11.734000',NULL,0,'2023-08-02 09:11:58.527000',NULL,'EEP10009474','Bộ điều khiển hệ thống túi khí',4044000,5.00,'UNIT_PACKAGE',4),(147,'2023-08-01 15:10:11.735000',NULL,0,'2023-08-02 09:11:58.528000',NULL,'CHS10002517','Bộ giảm sóc trước',1524000,5.00,'UNIT_PACKAGE',4),(148,'2023-08-01 15:10:11.736000',NULL,0,'2023-08-02 09:11:58.529000',NULL,'SVC10002885','Bộ làm mát khí nạp',2427000,5.00,'UNIT_PACKAGE',4),(149,'2023-08-01 15:10:11.736000',NULL,0,'2023-08-02 09:11:58.529000',NULL,'SVC10002884','Bộ làm mát khí nạp',6087000,5.00,'UNIT_PACKAGE',4),(150,'2023-08-01 15:10:11.737000',NULL,0,'2023-08-02 09:11:58.530000',NULL,'EEP10005697','Bộ loa bass dưới ghế trái',1040000,5.00,'UNIT_PACKAGE',4),(151,'2023-08-01 15:10:11.737000',NULL,0,'2023-08-02 09:11:58.530000',NULL,'EEP10005766','Bộ loa giả dưới ghế trái',170000,5.00,'UNIT_PACKAGE',4),(152,'2023-08-01 15:10:11.738000',NULL,0,'2023-08-02 09:11:58.531000',NULL,'SVK10000161','Bộ má phanh',832000,5.00,'UNIT_PACKAGE',2),(153,'2023-08-01 15:10:11.739000',NULL,0,'2023-08-02 09:11:58.531000',NULL,'SVK10000165','Bộ má phanh',1636000,5.00,'UNIT_PACKAGE',2),(154,'2023-08-01 15:10:11.740000',NULL,0,'2023-08-02 09:11:58.532000',NULL,'SVK10000163','Bộ ốc lắp càng phanh + chụp bụi',128000,5.00,'UNIT_PACKAGE',2),(155,'2023-08-01 15:10:11.740000',NULL,0,'2023-08-02 09:11:58.532000',NULL,'CHS10006491','Bộ sửa chữa: Chụp bụi số 7+…',265000,5.00,'UNIT_PACKAGE',2),(156,'2023-08-01 15:10:11.741000',NULL,0,'2023-08-02 09:11:58.533000',NULL,'BIW10008842','Bộ tấm che + nắp chụp',380000,5.00,'UNIT_PACKAGE',5),(157,'2023-08-01 15:10:11.742000',NULL,0,'2023-08-02 09:11:58.533000',NULL,'EEP10005561','Bộ tăng âm',4147000,5.00,'UNIT_PACKAGE',5),(158,'2023-08-01 15:10:11.745000',NULL,0,'2023-08-02 09:11:58.534000',NULL,'BEX10003337','Bộ thanh liên kết kèm motor',2510000,5.00,'UNIT_PACKAGE',5),(159,'2023-08-01 15:10:11.746000',NULL,0,'2023-08-02 09:11:58.534000',NULL,'EEP10005588','Bộ thu phát Sesam ở cửa trước trái+phải',98000,5.00,'UNIT_PACKAGE',5),(160,'2023-08-01 15:10:11.747000',NULL,0,'2023-08-02 09:11:58.535000',NULL,'EEP10006199','Bộ thu phát Sesam trung tâm',98000,5.00,'UNIT_PACKAGE',5),(161,'2023-08-01 15:10:11.747000',NULL,0,'2023-08-02 09:11:58.535000',NULL,'EEP10005559BKA','Bộ thu sóng',743000,5.00,'UNIT_PACKAGE',5),(162,'2023-08-01 15:10:11.748000',NULL,0,'2023-08-02 09:11:58.536000',NULL,'EEP10005559GYA','Bộ thu sóng',743000,5.00,'UNIT_PACKAGE',5),(163,'2023-08-01 15:10:11.749000',NULL,0,'2023-08-02 09:11:58.536000',NULL,'EEP10005559SIA','Bộ thu sóng',743000,5.00,'UNIT_PACKAGE',5),(164,'2023-08-01 15:10:11.750000',NULL,0,'2023-08-02 09:11:58.538000',NULL,'EEP10005559WHA','Bộ thu sóng',743000,5.00,'UNIT_PACKAGE',5),(165,'2023-08-01 15:10:11.750000',NULL,0,'2023-08-02 09:11:58.539000',NULL,'PWT10002878','Bộ trao đổi nhiệt',2923000,5.00,'UNIT_PACKAGE',5),(166,'2023-08-01 15:10:11.751000',NULL,0,'2023-08-02 09:11:58.540000',NULL,'ENG10005868','Bộ truyền động theo trục cam',187000,5.00,'UNIT_PACKAGE',3),(167,'2023-08-01 15:10:11.752000',NULL,0,'2023-08-02 09:11:58.542000',NULL,'PWT10002936','Bộ xúc tác',22243000,5.00,'UNIT_PACKAGE',3),(168,'2023-08-01 15:10:11.752000',NULL,0,'2023-08-02 09:11:58.543000',NULL,'STD90000235','Bọc đường ống',195000,5.00,'UNIT_PACKAGE',3),(169,'2023-08-01 15:10:11.753000',NULL,0,'2023-08-02 09:11:58.543000',NULL,'BEX10003649','Bọc làm kín, bên phải',1040000,5.00,'UNIT_PACKAGE',5),(170,'2023-08-01 15:10:11.753000',NULL,0,'2023-08-02 09:11:58.544000',NULL,'BEX10008071','Bọc làm kín, bên phải',688000,5.00,'UNIT_PACKAGE',5),(171,'2023-08-01 15:10:11.754000',NULL,0,'2023-08-02 09:11:58.545000',NULL,'BEX10003648','Bọc làm kín, bên trái',1040000,5.00,'UNIT_PACKAGE',5),(172,'2023-08-01 15:10:11.755000',NULL,0,'2023-08-02 09:11:58.546000',NULL,'BEX10008070','Bọc làm kín, bên trái',688000,5.00,'UNIT_PACKAGE',5),(173,'2023-08-01 15:10:11.755000',NULL,1,'2023-08-14 14:52:38.296000',NULL,'ENG10005974','Bơm cao áp',2804000,5.00,'UNIT_PACKAGE',1),(174,'2023-08-01 15:10:11.756000',NULL,1,'2023-08-14 14:53:29.660000',NULL,'ENG10005930','Bơm chân không',1170000,5.00,'UNIT_PACKAGE',1),(175,'2023-08-01 15:10:11.757000',NULL,1,'2023-08-14 14:53:43.370000',NULL,'CHS10006229','Bơm dầu',8277000,5.00,'UNIT_PACKAGE',1),(176,'2023-08-01 15:10:11.758000',NULL,1,'2023-08-14 14:54:11.731000',NULL,'ENG10005917','Bơm nước',5040000,5.00,'UNIT_PACKAGE',1),(177,'2023-08-01 15:10:11.759000',NULL,1,'2023-08-14 14:54:36.806000',NULL,'ENG10006053','Bu gi',151000,5.00,'UNIT_PACKAGE',1),(178,'2023-08-01 15:10:11.762000',NULL,0,'2023-08-02 09:11:58.550000',NULL,'STD90000862','Bu lông',4000,5.00,'UNIT_PACKAGE',5),(179,'2023-08-01 15:10:11.763000',NULL,0,'2023-08-02 09:11:58.550000',NULL,'STD99000066','Bu lông',1000,5.00,'UNIT_PACKAGE',5),(180,'2023-08-01 15:10:11.764000',NULL,0,'2023-08-02 09:11:58.550000',NULL,'CHS10008855','Bu lông',12000,5.00,'UNIT_PACKAGE',5),(181,'2023-08-01 15:10:11.765000',NULL,0,'2023-08-02 09:11:58.552000',NULL,'STD90000156','Bu lông',3000,5.00,'UNIT_PACKAGE',5),(182,'2023-08-01 15:10:11.766000',NULL,0,'2023-08-02 09:11:58.553000',NULL,'STD90000182','Bu lông',53000,5.00,'UNIT_PACKAGE',5),(183,'2023-08-01 15:10:11.767000',NULL,0,'2023-08-02 09:11:58.554000',NULL,'STD90000259','Bu lông',2000,5.00,'UNIT_PACKAGE',5),(184,'2023-08-01 15:10:11.768000',NULL,0,'2023-08-02 09:11:58.557000',NULL,'STD90000432','Bu lông',6000,5.00,'UNIT_PACKAGE',5),(185,'2023-08-01 15:10:11.769000',NULL,0,'2023-08-02 09:11:58.558000',NULL,'STD90000476','Bu lông',12000,5.00,'UNIT_PACKAGE',5),(186,'2023-08-01 15:10:11.770000',NULL,0,'2023-08-02 09:11:58.558000',NULL,'STD90000991','Bu lông',6000,5.00,'UNIT_PACKAGE',5),(187,'2023-08-01 15:10:11.771000',NULL,0,'2023-08-02 09:11:58.559000',NULL,'STD90001234','Bu lông',31000,5.00,'UNIT_PACKAGE',5),(188,'2023-08-01 15:10:11.771000',NULL,0,'2023-08-02 09:11:58.559000',NULL,'STD90001259','Bu lông',2000,5.00,'UNIT_PACKAGE',5),(189,'2023-08-01 15:10:11.772000',NULL,0,'2023-08-02 09:11:58.560000',NULL,'STD90001336','Bu lông',19000,5.00,'UNIT_PACKAGE',5),(190,'2023-08-01 15:10:11.773000',NULL,0,'2023-08-02 09:11:58.561000',NULL,'STD99000015','Bu lông',3000,5.00,'UNIT_PACKAGE',5),(191,'2023-08-01 15:10:11.774000',NULL,0,'2023-08-02 09:11:58.561000',NULL,'STD99000150','Bu lông',7000,5.00,'UNIT_PACKAGE',5),(192,'2023-08-01 15:10:11.775000',NULL,0,'2023-08-02 09:11:58.562000',NULL,'STD99001148','Bu lông',3000,5.00,'UNIT_PACKAGE',5),(193,'2023-08-01 15:10:11.779000',NULL,0,'2023-08-02 09:11:58.563000',NULL,'STD99000161','Bu lông AM12x1.5',20000,5.00,'UNIT_PACKAGE',5),(194,'2023-08-01 15:10:11.781000',NULL,0,'2023-08-02 09:11:58.564000',NULL,'STD99000159','Bu lông AM14x1.5x100',52000,5.00,'UNIT_PACKAGE',5),(195,'2023-08-01 15:10:11.782000',NULL,0,'2023-08-02 09:11:58.565000',NULL,'STD99000058','Bu lông ASA M8X40',4000,5.00,'UNIT_PACKAGE',5),(196,'2023-08-01 15:10:11.783000',NULL,0,'2023-08-02 09:11:58.565000',NULL,'STD99000225','Bu lông có vòng đệm',13000,5.00,'UNIT_PACKAGE',5),(197,'2023-08-01 15:10:11.785000',NULL,0,'2023-08-02 09:11:58.566000',NULL,'STD99000011','Bu lông đệm vênh M8x18',6000,5.00,'UNIT_PACKAGE',5),(198,'2023-08-01 15:10:11.786000',NULL,0,'2023-08-02 09:11:58.566000',NULL,'STD90000865','Bu lông kèm gioăng',57000,5.00,'UNIT_PACKAGE',5),(199,'2023-08-01 15:10:11.787000',NULL,0,'2023-08-02 09:11:58.567000',NULL,'ENG10006022','Bu lông lẻ M10x173',31000,5.00,'UNIT_PACKAGE',5),(200,'2023-08-01 15:10:11.788000',NULL,0,'2023-08-02 09:11:58.567000',NULL,'ENG10006020','Bu lông lẻ M11x173',34000,5.00,'UNIT_PACKAGE',5),(201,'2023-08-01 15:10:11.788000',NULL,0,'2023-08-02 09:11:58.568000',NULL,'ENG10006024','Bu lông lẻ M9x30',15000,5.00,'UNIT_PACKAGE',5),(202,'2023-08-01 15:10:11.789000',NULL,0,'2023-08-02 09:11:58.568000',NULL,'ENG10006025','Bu lông lẻ M9x70',9000,5.00,'UNIT_PACKAGE',5),(203,'2023-08-01 15:10:11.790000',NULL,0,'2023-08-02 09:11:58.568000',NULL,'STD90000159','Bu lông lục giác có đệm vênh',7000,5.00,'UNIT_PACKAGE',5),(204,'2023-08-01 15:10:11.791000',NULL,0,'2023-08-02 09:11:58.569000',NULL,'STD99000053','Bu lông lục giác có vòng đệm',3000,5.00,'UNIT_PACKAGE',5),(205,'2023-08-01 15:10:11.792000',NULL,0,'2023-08-02 09:11:58.569000',NULL,'STD90000846','Bu lông lục giác M10X100',18000,5.00,'UNIT_PACKAGE',5),(206,'2023-08-01 15:10:11.795000',NULL,0,'2023-08-02 09:11:58.570000',NULL,'STD99000054','Bu lông M10x105',13000,5.00,'UNIT_PACKAGE',5),(207,'2023-08-01 15:10:11.796000',NULL,0,'2023-08-02 09:11:58.574000',NULL,'STD90000872','Bu lông M10x17,5',6000,5.00,'UNIT_PACKAGE',5),(208,'2023-08-01 15:10:11.796000',NULL,0,'2023-08-02 09:11:58.574000',NULL,'STD90001321','Bu lông M10x1x22',7000,5.00,'UNIT_PACKAGE',5),(209,'2023-08-01 15:10:11.797000',NULL,0,'2023-08-02 09:11:58.575000',NULL,'ENG10006057','Bu lông M10x30',17000,5.00,'UNIT_PACKAGE',5),(210,'2023-08-01 15:10:11.798000',NULL,0,'2023-08-02 09:11:58.576000',NULL,'STD90000357','Bu lông M10x47',14000,5.00,'UNIT_PACKAGE',5),(211,'2023-08-01 15:10:11.799000',NULL,0,'2023-08-02 09:11:58.577000',NULL,'STD90000200','Bu lông M10X50 (có vòng đệm)',14000,5.00,'UNIT_PACKAGE',5),(212,'2023-08-01 15:10:11.800000',NULL,0,'2023-08-02 09:11:58.578000',NULL,'STD99000026','Bu lông M12X1,5',66000,5.00,'UNIT_PACKAGE',5),(213,'2023-08-01 15:10:11.801000',NULL,0,'2023-08-02 09:11:58.579000',NULL,'STD99000151','Bu Lông M14x35',23000,5.00,'UNIT_PACKAGE',5),(214,'2023-08-01 15:10:11.802000',NULL,0,'2023-08-02 09:11:58.579000',NULL,'ENG10006065','Bu lông M6X119 - 8.8',10000,5.00,'UNIT_PACKAGE',5),(215,'2023-08-01 15:10:11.803000',NULL,0,'2023-08-02 09:11:58.580000',NULL,'STD99000172','Bu lông M6X12',2000,5.00,'UNIT_PACKAGE',5),(216,'2023-08-01 15:10:11.804000',NULL,0,'2023-08-02 09:11:58.580000',NULL,'STD99000027','Bu lông M6X16',2000,5.00,'UNIT_PACKAGE',5),(217,'2023-08-01 15:10:11.804000',NULL,0,'2023-08-02 09:11:58.581000',NULL,'ENG10006067','Bu lông M6X25',4000,5.00,'UNIT_PACKAGE',5),(218,'2023-08-01 15:10:11.805000',NULL,0,'2023-08-02 09:11:58.581000',NULL,'ENG10006066','Bu lông M6X25 - 8.8',3000,5.00,'UNIT_PACKAGE',5),(219,'2023-08-01 15:10:11.805000',NULL,0,'2023-08-02 09:11:58.582000',NULL,'STD99000020','Bu lông M6x35',4000,5.00,'UNIT_PACKAGE',5),(220,'2023-08-01 15:10:11.806000',NULL,0,'2023-08-02 09:11:58.582000',NULL,'ENG10006064','Bu lông M6X88 - 8.8',7000,5.00,'UNIT_PACKAGE',5),(221,'2023-08-01 15:10:11.807000',NULL,0,'2023-08-02 09:11:58.582000',NULL,'ENG10005821','Bu lông M7x16',10000,5.00,'UNIT_PACKAGE',5),(222,'2023-08-01 15:10:11.807000',NULL,0,'2023-08-02 09:11:58.583000',NULL,'STD90000851','Bu lông M7X39MM',3000,5.00,'UNIT_PACKAGE',5),(223,'2023-08-01 15:10:11.808000',NULL,0,'2023-08-02 09:11:58.584000',NULL,'STD90000613','Bu lông M7X68MM',4000,5.00,'UNIT_PACKAGE',5),(224,'2023-08-01 15:10:11.809000',NULL,0,'2023-08-02 09:11:58.584000',NULL,'STD99000097','Bu lông M8X16',11000,5.00,'UNIT_PACKAGE',5),(225,'2023-08-01 15:10:11.812000',NULL,0,'2023-08-02 09:11:58.585000',NULL,'STD99000096','Bu lông M8x25',6000,5.00,'UNIT_PACKAGE',5),(226,'2023-08-01 15:10:11.813000',NULL,0,'2023-08-02 09:11:58.585000',NULL,'STD90000845','Bu lông M8x40',9000,5.00,'UNIT_PACKAGE',5),(227,'2023-08-01 15:10:11.814000',NULL,0,'2023-08-02 09:11:58.585000',NULL,'STD90000844','Bu lông M8x75',11000,5.00,'UNIT_PACKAGE',5),(228,'2023-08-01 15:10:11.815000',NULL,0,'2023-08-02 09:11:58.586000',NULL,'STD90000528','Bu lông nối tấm đỡ và thanh tăng cứng',5000,5.00,'UNIT_PACKAGE',5),(229,'2023-08-01 15:10:11.815000',NULL,0,'2023-08-02 09:11:58.586000',NULL,'ENG10005867','Bu lông ổ đỡ',20000,5.00,'UNIT_PACKAGE',5),(230,'2023-08-01 15:10:11.816000',NULL,0,'2023-08-02 09:11:58.588000',NULL,'ENG10005866','Bu lông ổ đỡ',12000,5.00,'UNIT_PACKAGE',5),(231,'2023-08-01 15:10:11.816000',NULL,0,'2023-08-02 09:11:58.591000',NULL,'STD90000534','Bu lông phanh hãm cửa',7000,5.00,'UNIT_PACKAGE',5),(232,'2023-08-01 15:10:11.817000',NULL,0,'2023-08-02 09:11:58.592000',NULL,'STD90001256','Bu lông tự khóa',4000,5.00,'UNIT_PACKAGE',5),(233,'2023-08-01 15:10:11.818000',NULL,0,'2023-08-02 09:11:58.593000',NULL,'STD90001040','Bu lông với vòng đệm M10',7000,5.00,'UNIT_PACKAGE',5),(234,'2023-08-01 15:10:11.818000',NULL,0,'2023-08-02 09:11:58.594000',NULL,'STD90000196','Bu lông với vòng đệm M10X35',13000,5.00,'UNIT_PACKAGE',5),(235,'2023-08-01 15:10:11.819000',NULL,0,'2023-08-02 09:11:58.594000',NULL,'STD90000231','Bu lông với vòng đệm M12X1,5X65',26000,5.00,'UNIT_PACKAGE',5),(236,'2023-08-01 15:10:11.820000',NULL,0,'2023-08-02 09:11:58.595000',NULL,'STD90000203','Bu lông với vòng đệm M14X1,5X148',52000,5.00,'UNIT_PACKAGE',5),(237,'2023-08-01 15:10:11.820000',NULL,0,'2023-08-02 09:11:58.596000',NULL,'STD90000987','Bu lông xiết',16000,5.00,'UNIT_PACKAGE',5),(238,'2023-08-01 15:10:11.821000',NULL,0,'2023-08-02 09:11:58.596000',NULL,'STD99001068','Bu lông(có đệm)',7000,5.00,'UNIT_PACKAGE',5),(239,'2023-08-01 15:10:11.822000',NULL,0,'2023-08-02 09:11:58.597000',NULL,'STD99000110','Bulong',11000,5.00,'UNIT_PACKAGE',5),(240,'2023-08-01 15:10:11.823000',NULL,0,'2023-08-02 09:11:58.597000',NULL,'ENG10005985','Bướm ga điện tử',1417000,5.00,'UNIT_PACKAGE',5),(241,'2023-08-01 15:10:11.823000',NULL,0,'2023-08-02 09:11:58.598000',NULL,'ENG10005837','Các te',2495000,5.00,'UNIT_PACKAGE',5),(242,'2023-08-01 15:10:11.824000',NULL,0,'2023-08-02 09:11:58.599000',NULL,'ENG10005976','Cách âm',46000,5.00,'UNIT_PACKAGE',5),(243,'2023-08-01 15:10:11.825000',NULL,0,'2023-08-02 09:11:58.600000',NULL,'BEX10003783','Cách âm chỗ hộp số',851000,5.00,'UNIT_PACKAGE',5),(244,'2023-08-01 15:10:11.827000',NULL,0,'2023-08-02 09:11:58.600000',NULL,'BEX10003787','Cách âm, phải',190000,5.00,'UNIT_PACKAGE',5),(245,'2023-08-01 15:10:11.829000',NULL,0,'2023-08-02 09:11:58.601000',NULL,'BIN10003973','Cách âm, Tham khảo hình đính kèm',50000,5.00,'UNIT_PACKAGE',5),(246,'2023-08-01 15:10:11.830000',NULL,0,'2023-08-02 09:11:58.602000',NULL,'BIN10003974','Cách âm, Tham khảo hình đính kèm',48000,5.00,'UNIT_PACKAGE',5),(247,'2023-08-01 15:10:11.830000',NULL,0,'2023-08-02 09:11:58.602000',NULL,'BIN10004294','Cách âm, Tham khảo hình đính kèm',276000,5.00,'UNIT_PACKAGE',5),(248,'2023-08-01 15:10:11.831000',NULL,0,'2023-08-02 09:11:58.603000',NULL,'BIN10004295','Cách âm, Tham khảo hình đính kèm',176000,5.00,'UNIT_PACKAGE',5),(249,'2023-08-01 15:10:11.832000',NULL,0,'2023-08-02 09:11:58.603000',NULL,'BIN10004302','Cách âm, Tham khảo hình đính kèm',93000,5.00,'UNIT_PACKAGE',5),(250,'2023-08-01 15:10:11.832000',NULL,0,'2023-08-02 09:11:58.607000',NULL,'BIN10004303','Cách âm, Tham khảo hình đính kèm',34000,5.00,'UNIT_PACKAGE',5),(251,'2023-08-01 15:10:11.833000',NULL,0,'2023-08-02 09:11:58.609000',NULL,'BIN10004306','Cách âm, Tham khảo hình đính kèm',746000,5.00,'UNIT_PACKAGE',5),(252,'2023-08-01 15:10:11.834000',NULL,0,'2023-08-02 09:11:58.611000',NULL,'BIN10004307','Cách âm, Tham khảo hình đính kèm',746000,5.00,'UNIT_PACKAGE',5),(253,'2023-08-01 15:10:11.835000',NULL,0,'2023-08-02 09:11:58.612000',NULL,'BIN10004486','Cách âm, Tham khảo hình đính kèm',67000,5.00,'UNIT_PACKAGE',5),(254,'2023-08-01 15:10:11.835000',NULL,0,'2023-08-02 09:11:58.613000',NULL,'BIN10004489','Cách âm, Tham khảo hình đính kèm',1952000,5.00,'UNIT_PACKAGE',5),(255,'2023-08-01 15:10:11.836000',NULL,0,'2023-08-02 09:11:58.613000',NULL,'BIN10004492','Cách âm, Tham khảo hình đính kèm',49000,5.00,'UNIT_PACKAGE',5),(256,'2023-08-01 15:10:11.837000',NULL,0,'2023-08-02 09:11:58.614000',NULL,'BIN10004493','Cách âm, Tham khảo hình đính kèm',46000,5.00,'UNIT_PACKAGE',5),(257,'2023-08-01 15:10:11.838000',NULL,0,'2023-08-02 09:11:58.616000',NULL,'BIN10004494','Cách âm, Tham khảo hình đính kèm',52000,5.00,'UNIT_PACKAGE',5),(258,'2023-08-01 15:10:11.839000',NULL,0,'2023-08-02 09:11:58.617000',NULL,'BIN10004498','Cách âm, Tham khảo hình đính kèm',145000,5.00,'UNIT_PACKAGE',5),(259,'2023-08-01 15:10:11.840000',NULL,0,'2023-08-02 09:11:58.617000',NULL,'BIN10004500','Cách âm, Tham khảo hình đính kèm',184000,5.00,'UNIT_PACKAGE',5),(260,'2023-08-01 15:10:11.840000',NULL,0,'2023-08-02 09:11:58.618000',NULL,'BIN10004502','Cách âm, Tham khảo hình đính kèm',91000,5.00,'UNIT_PACKAGE',5),(261,'2023-08-01 15:10:11.841000',NULL,0,'2023-08-02 09:11:58.618000',NULL,'BEX10003786','Cách âm, trái',191000,5.00,'UNIT_PACKAGE',5),(262,'2023-08-01 15:10:11.844000',NULL,0,'2023-08-02 09:11:58.619000',NULL,'ENG10005991','Cảm biến',433000,5.00,'UNIT_PACKAGE',5),(263,'2023-08-01 15:10:11.845000',NULL,0,'2023-08-02 09:11:58.619000',NULL,'ENG10005990','Cảm biến áp suất',248000,5.00,'UNIT_PACKAGE',5),(264,'2023-08-01 15:10:11.846000',NULL,0,'2023-08-02 09:11:58.620000',NULL,'CHS10006505','Cảm biến áp suất chân không',402000,5.00,'UNIT_PACKAGE',5),(265,'2023-08-01 15:10:11.846000',NULL,0,'2023-08-02 09:11:58.620000',NULL,'SVC10009213','Cảm biến bên phải',1395000,5.00,'UNIT_PACKAGE',5),(266,'2023-08-01 15:10:11.847000',NULL,0,'2023-08-02 09:11:58.621000',NULL,'SVC10009214','Cảm biến bên trái',1678000,5.00,'UNIT_PACKAGE',5),(267,'2023-08-01 15:10:11.847000',NULL,0,'2023-08-02 09:11:58.624000',NULL,'EEP10006208','Cảm biến biến dạng đầu xe',885000,5.00,'UNIT_PACKAGE',5),(268,'2023-08-01 15:10:11.848000',NULL,0,'2023-08-02 09:11:58.625000',NULL,'SVC10010079','Cảm biến BSM',281000,5.00,'UNIT_PACKAGE',5),(269,'2023-08-01 15:10:11.848000',NULL,0,'2023-08-02 09:11:58.625000',NULL,'EEP10005592','Cảm biến cảm biến ánh sáng, mưa',359000,5.00,'UNIT_PACKAGE',5),(270,'2023-08-01 15:10:11.849000',NULL,0,'2023-08-02 09:11:58.625000',NULL,'EEP10005583','Cảm biến đầu cực ắc quy (BAS)',601000,5.00,'UNIT_PACKAGE',5),(271,'2023-08-01 15:10:11.849000',NULL,0,'2023-08-02 09:11:58.626000',NULL,'EEP10005728','Cảm biến điểm mù',286000,5.00,'UNIT_PACKAGE',5),(272,'2023-08-01 15:10:11.850000',NULL,0,'2023-08-02 09:11:58.626000',NULL,'CHS10002432','Cảm biến độ cao bên trái',211000,5.00,'UNIT_PACKAGE',5),(273,'2023-08-01 15:10:11.850000',NULL,0,'2023-08-02 09:11:58.627000',NULL,'EEP10007947','Cảm biến đóng/mở cửa sau tự động dưới',209000,5.00,'UNIT_PACKAGE',5),(274,'2023-08-01 15:10:11.850000',NULL,0,'2023-08-02 09:11:58.627000',NULL,'EEP10005707','Cảm biến đóng/mở cửa sau tự động trên',209000,5.00,'UNIT_PACKAGE',5),(275,'2023-08-01 15:10:11.851000',NULL,0,'2023-08-02 09:11:58.628000',NULL,'CHS10006228','Cảm biến góc quay',689000,5.00,'UNIT_PACKAGE',5),(276,'2023-08-01 15:10:11.851000',NULL,0,'2023-08-02 09:11:58.628000',NULL,'EEP10006485','Cảm biến khoảng cách',195000,5.00,'UNIT_PACKAGE',5),(277,'2023-08-01 15:10:11.852000',NULL,0,'2023-08-02 09:11:58.629000',NULL,'ENG10005993','Cám biến kích nổ',91000,5.00,'UNIT_PACKAGE',5),(278,'2023-08-01 15:10:11.852000',NULL,0,'2023-08-02 09:11:58.630000',NULL,'ENG10005965','Cảm biến mức dầu động cơ',482000,5.00,'UNIT_PACKAGE',5),(279,'2023-08-01 15:10:11.853000',NULL,0,'2023-08-02 09:11:58.630000',NULL,'BIN10007739','Cảm biến người ngồi, ghế trước phải',1519000,5.00,'UNIT_PACKAGE',5),(280,'2023-08-01 15:10:11.853000',NULL,0,'2023-08-02 09:11:58.631000',NULL,'SVK10000008','Cảm biến nhiên liệu',555000,5.00,'UNIT_PACKAGE',5),(281,'2023-08-01 15:10:11.853000',NULL,0,'2023-08-02 09:11:58.632000',NULL,'ENG10005992','Cảm biến nhiệt độ',126000,5.00,'UNIT_PACKAGE',5),(282,'2023-08-01 15:10:11.854000',NULL,0,'2023-08-02 09:11:58.632000',NULL,'SVC10001132','Cảm biến nhiệt độ',97000,5.00,'UNIT_PACKAGE',5),(283,'2023-08-01 15:10:11.854000',NULL,0,'2023-08-02 09:11:58.632000',NULL,'SVC10008799','Cảm biến nhiệt độ',89000,5.00,'UNIT_PACKAGE',5),(284,'2023-08-01 15:10:11.855000',NULL,0,'2023-08-02 09:11:58.633000',NULL,'ENG10005964','Cảm biến nhiệt độ dầu động cơ',1177000,5.00,'UNIT_PACKAGE',5),(285,'2023-08-01 15:10:11.855000',NULL,0,'2023-08-02 09:11:58.633000',NULL,'SVC10008797','Cảm biến nhiệt giàn lạnh',75000,5.00,'UNIT_PACKAGE',5),(286,'2023-08-01 15:10:11.855000',NULL,0,'2023-08-02 09:11:58.634000',NULL,'SVC10008798','Cảm biến nhiệt giàn nóng',91000,5.00,'UNIT_PACKAGE',5),(287,'2023-08-01 15:10:11.856000',NULL,0,'2023-08-02 09:11:58.634000',NULL,'ENG10005934','Cảm biến oxy số 1',1055000,5.00,'UNIT_PACKAGE',5),(288,'2023-08-01 15:10:11.856000',NULL,0,'2023-08-02 09:11:58.634000',NULL,'ENG10005935','Cảm biến oxy số 2',634000,5.00,'UNIT_PACKAGE',5),(289,'2023-08-01 15:10:11.857000',NULL,0,'2023-08-02 09:11:58.635000',NULL,'SVC10010085','Cảm biến PDC',189000,5.00,'UNIT_PACKAGE',5),(290,'2023-08-01 15:10:11.857000',NULL,0,'2023-08-02 09:11:58.635000',NULL,'CHS10006504','Cảm biến tốc độ',279000,5.00,'UNIT_PACKAGE',5),(291,'2023-08-01 15:10:11.858000',NULL,0,'2023-08-02 09:11:58.635000',NULL,'CHS10007768','Cảm biến tốc độ',279000,5.00,'UNIT_PACKAGE',5),(292,'2023-08-01 15:10:11.862000',NULL,0,'2023-08-02 09:11:58.636000',NULL,'CHS10007767','Cảm biến tốc độ bánh xe phía trước',295000,5.00,'UNIT_PACKAGE',5),(293,'2023-08-01 15:10:11.862000',NULL,0,'2023-08-02 09:11:58.636000',NULL,'CHS10006503','Cảm biến tốc độ, bánh trước',295000,5.00,'UNIT_PACKAGE',5),(294,'2023-08-01 15:10:11.863000',NULL,0,'2023-08-02 09:11:58.636000',NULL,'ENG10007199','Cảm biến trục cam',281000,5.00,'UNIT_PACKAGE',5),(295,'2023-08-01 15:10:11.864000',NULL,0,'2023-08-02 09:11:58.637000',NULL,'ENG10005988','Cảm biến trục khuỷu',516000,5.00,'UNIT_PACKAGE',5),(296,'2023-08-01 15:10:11.864000',NULL,0,'2023-08-02 09:11:58.639000',NULL,'EEP10006206','Cảm biến túi khí bên',369000,5.00,'UNIT_PACKAGE',5),(297,'2023-08-01 15:10:11.865000',NULL,0,'2023-08-02 09:11:58.641000',NULL,'EEP10006205','Cảm biến túi khí bên',312000,5.00,'UNIT_PACKAGE',5),(298,'2023-08-01 15:10:11.866000',NULL,0,'2023-08-02 09:11:58.641000',NULL,'EEP10005595','Cảm biến túi khí trước',312000,5.00,'UNIT_PACKAGE',5),(299,'2023-08-01 15:10:11.867000',NULL,0,'2023-08-02 09:11:58.642000',NULL,'EEP10010189','Camera bên phải',985000,5.00,'UNIT_PACKAGE',5),(300,'2023-08-01 15:10:11.867000',NULL,0,'2023-08-02 09:11:58.642000',NULL,'EEP10010188','Camera bên trái',985000,5.00,'UNIT_PACKAGE',5),(301,'2023-08-01 15:10:11.868000',NULL,0,'2023-08-02 09:11:58.643000',NULL,'EEP10010181','Camera trên gương chiếu hậu bên lái, gồm cả tai bắt và\ndây điện',985000,5.00,'UNIT_PACKAGE',5),(302,'2023-08-01 15:10:11.869000',NULL,0,'2023-08-02 09:11:58.643000',NULL,'EEP10010182','Camera trên gương chiếu hậu bên phụ, gồm cả tai bắt và\ndây điện',985000,5.00,'UNIT_PACKAGE',5),(303,'2023-08-01 15:10:11.869000',NULL,0,'2023-08-02 09:11:58.644000',NULL,'BEX10008653','Cản sau, sơn lót, tấm bên phải',900000,5.00,'UNIT_PACKAGE',5),(304,'2023-08-01 15:10:11.870000',NULL,0,'2023-08-02 09:11:58.645000',NULL,'BEX10008044','Cản sau, sơn lót, tấm bên phải',555000,5.00,'UNIT_PACKAGE',5),(305,'2023-08-01 15:10:11.870000',NULL,0,'2023-08-02 09:11:58.645000',NULL,'BEX10008652','Cản sau, sơn lót, tấm bên trái',899000,5.00,'UNIT_PACKAGE',5),(306,'2023-08-01 15:10:11.871000',NULL,0,'2023-08-02 09:11:58.646000',NULL,'BEX10008043','Cản sau, sơn lót, tấm bên trái',555000,5.00,'UNIT_PACKAGE',5),(307,'2023-08-01 15:10:11.871000',NULL,0,'2023-08-02 09:11:58.646000',NULL,'BEX10008651','Cản sau, sơn lót, tấm giữa',4459000,5.00,'UNIT_PACKAGE',5),(308,'2023-08-01 15:10:11.872000',NULL,0,'2023-08-02 09:11:58.646000',NULL,'PWT10003036','Cần số',3320000,5.00,'UNIT_PACKAGE',5),(309,'2023-08-01 15:10:11.872000',NULL,0,'2023-08-02 09:11:58.647000',NULL,'BEX10008656','Cản trước, tấm dưới, sơn lót',2945000,5.00,'UNIT_PACKAGE',5),(310,'2023-08-01 15:10:11.873000',NULL,0,'2023-08-02 09:11:58.647000',NULL,'BEX10008657','Cản trước, tấm trên, sơn lót',5920000,5.00,'UNIT_PACKAGE',5),(311,'2023-08-01 15:10:11.873000',NULL,0,'2023-08-02 09:11:58.647000',NULL,'CHS10002273','Càng A dưới, bên phải',1742000,5.00,'UNIT_PACKAGE',5),(312,'2023-08-01 15:10:11.874000',NULL,0,'2023-08-02 09:11:58.648000',NULL,'CHS10002272','Càng A dưới, bên trái',1742000,5.00,'UNIT_PACKAGE',5),(313,'2023-08-01 15:10:11.874000',NULL,0,'2023-08-02 09:11:58.648000',NULL,'CHS10002292','Càng chữ H trái',3530000,5.00,'UNIT_PACKAGE',5),(314,'2023-08-01 15:10:11.878000',NULL,0,'2023-08-02 09:11:58.648000',NULL,'CHS10002638','Càng dưới, bên phải',1060000,5.00,'UNIT_PACKAGE',5),(315,'2023-08-01 15:10:11.879000',NULL,0,'2023-08-02 09:11:58.648000',NULL,'CHS10002637','Càng dưới, bên trái',1060000,5.00,'UNIT_PACKAGE',5),(316,'2023-08-01 15:10:11.880000',NULL,0,'2023-08-02 09:11:58.649000',NULL,'CHS10002303','Càng I lớn phải',823000,5.00,'UNIT_PACKAGE',5),(317,'2023-08-01 15:10:11.881000',NULL,0,'2023-08-02 09:11:58.649000',NULL,'CHS10002305','Càng I lớn phải',737000,5.00,'UNIT_PACKAGE',5),(318,'2023-08-01 15:10:11.881000',NULL,0,'2023-08-02 09:11:58.649000',NULL,'CHS10002304','Càng I lớn trái',737000,5.00,'UNIT_PACKAGE',5),(319,'2023-08-01 15:10:11.883000',NULL,0,'2023-08-02 09:11:58.650000',NULL,'CHS10002285','Càng I nhỏ phải',534000,5.00,'UNIT_PACKAGE',5),(320,'2023-08-01 15:10:11.883000',NULL,0,'2023-08-02 09:11:58.650000',NULL,'CHS10002284','Càng I nhỏ trái',534000,5.00,'UNIT_PACKAGE',5),(321,'2023-08-01 15:10:11.884000',NULL,0,'2023-08-02 09:11:58.650000',NULL,'CHS10002299','Càng kéo, bên phải',1303000,5.00,'UNIT_PACKAGE',5),(322,'2023-08-01 15:10:11.885000',NULL,0,'2023-08-02 09:11:58.651000',NULL,'CHS10002636','Càng kéo, bên phải',1122000,5.00,'UNIT_PACKAGE',5),(323,'2023-08-01 15:10:11.885000',NULL,0,'2023-08-02 09:11:58.651000',NULL,'CHS10002298','Càng kéo, bên trái',1303000,5.00,'UNIT_PACKAGE',5),(324,'2023-08-01 15:10:11.886000',NULL,0,'2023-08-02 09:11:58.651000',NULL,'CHS10002635','Càng kéo, bên trái',1122000,5.00,'UNIT_PACKAGE',5),(325,'2023-08-01 15:10:11.905000',NULL,0,'2023-08-02 09:11:58.652000',NULL,'PWT10003131','Cao su 1',22000,5.00,'UNIT_PACKAGE',5),(326,'2023-08-01 15:10:11.907000',NULL,0,'2023-08-02 09:11:58.652000',NULL,'PWT10003086','Cao su 2',6000,5.00,'UNIT_PACKAGE',5),(327,'2023-08-01 15:10:11.908000',NULL,0,'2023-08-02 09:11:58.652000',NULL,'CHS10002746','Cao su che bụi giảm xóc trước 2 bên x2, gồm cả cao su\ntăm bông',110000,5.00,'UNIT_PACKAGE',5),(328,'2023-08-01 15:10:11.923000',NULL,0,'2023-08-02 09:11:58.653000',NULL,'SVK10000164','Cao su chụp bui piston',300000,5.00,'UNIT_PACKAGE',5),(329,'2023-08-01 15:10:11.924000',NULL,0,'2023-08-02 09:11:58.653000',NULL,'SVK10000103','Cao su chụp bui piston',16000,5.00,'UNIT_PACKAGE',5),(330,'2023-08-01 15:10:11.925000',NULL,0,'2023-08-02 09:11:58.654000',NULL,'CHS10002723','Cao su giảm chấn',315000,5.00,'UNIT_PACKAGE',5),(331,'2023-08-01 15:10:11.926000',NULL,0,'2023-08-02 09:11:58.657000',NULL,'CHS10002719','Cao su giảm chấn',240000,5.00,'UNIT_PACKAGE',5),(332,'2023-08-01 15:10:11.927000',NULL,0,'2023-08-02 09:11:58.658000',NULL,'CHS10002720','Cao su giảm chấn',189000,5.00,'UNIT_PACKAGE',5),(333,'2023-08-01 15:10:11.927000',NULL,0,'2023-08-02 09:11:58.658000',NULL,'CHS10002373','Cao su giảm chấn giữa bát bèo và giảm xóc sau, che toàn\nbộ ty giảm xóc sau 2 bên x 2, cao su tăm bông',94000,5.00,'UNIT_PACKAGE',5),(334,'2023-08-01 15:10:11.928000',NULL,0,'2023-08-02 09:11:58.659000',NULL,'CHS10002496','Cao su giảm chấn phía trước',347000,5.00,'UNIT_PACKAGE',5),(335,'2023-08-01 15:10:11.929000',NULL,0,'2023-08-02 09:11:58.659000',NULL,'CHS10006364','Cao su giảm giật càng A dưới sau, phía trong x4',339000,5.00,'UNIT_PACKAGE',5),(336,'2023-08-01 15:10:11.929000',NULL,0,'2023-08-02 09:11:58.660000',NULL,'CHS10002691','Cao su giảm giật càng A sau dưới 2 bên x2, phía sau bên\nngoài',334000,5.00,'UNIT_PACKAGE',5),(337,'2023-08-01 15:10:11.930000',NULL,0,'2023-08-02 09:11:58.660000',NULL,'CHS10002302','Cao su giảm giật càng I sau bên trong 2 bên x2',823000,5.00,'UNIT_PACKAGE',5),(338,'2023-08-01 15:10:11.931000',NULL,0,'2023-08-02 09:11:58.662000',NULL,'CHS10002386','Cao su giảm giật của giá đỡ đuôi hộp số x 2, bắt giá đỡ vào\ndầm bắt với sàn thân xe',239000,5.00,'UNIT_PACKAGE',5),(339,'2023-08-01 15:10:11.931000',NULL,0,'2023-08-02 09:11:58.662000',NULL,'STD90000932','Cao su làm kín',11000,5.00,'UNIT_PACKAGE',5),(340,'2023-08-01 15:10:11.932000',NULL,0,'2023-08-02 09:11:58.663000',NULL,'CHS10002229','Cao su thanh cân bằng cầu trước vào dầm cầu trước 2 bên\nx 2',1220000,5.00,'UNIT_PACKAGE',5),(341,'2023-08-01 15:10:11.933000',NULL,0,'2023-08-02 09:11:58.663000',NULL,'SVC10001135','Cao su treo đuôi ống xả',262000,5.00,'UNIT_PACKAGE',5),(342,'2023-08-01 15:10:11.933000',NULL,0,'2023-08-02 09:11:58.663000',NULL,'BIW10000698','Cáp',31000,5.00,'UNIT_PACKAGE',5),(343,'2023-08-01 15:10:11.934000',NULL,0,'2023-08-02 09:11:58.664000',NULL,'BIN10005026','Cáp khẩn cấp',4000,5.00,'UNIT_PACKAGE',5),(344,'2023-08-01 15:10:11.934000',NULL,0,'2023-08-02 09:11:58.664000',NULL,'BEX10003678','Chắn bùn gầm xe',550000,5.00,'UNIT_PACKAGE',5),(345,'2023-08-01 15:10:11.935000',NULL,0,'2023-08-02 09:11:58.664000',NULL,'BEX10003675','Chắn bùn gầm xe',545000,5.00,'UNIT_PACKAGE',5),(346,'2023-08-01 15:10:11.935000',NULL,0,'2023-08-02 09:11:58.665000',NULL,'BEX10003676','Chắn bùn gầm xe',538000,5.00,'UNIT_PACKAGE',5),(347,'2023-08-01 15:10:11.936000',NULL,0,'2023-08-02 09:11:58.665000',NULL,'BEX10003679','Chắn bùn gầm xe',556000,5.00,'UNIT_PACKAGE',5),(348,'2023-08-01 15:10:11.936000',NULL,0,'2023-08-02 09:11:58.665000',NULL,'BEX10003680','Chắn bùn gầm xe',59000,5.00,'UNIT_PACKAGE',5),(349,'2023-08-01 15:10:11.937000',NULL,0,'2023-08-02 09:11:58.666000',NULL,'BEX10003681','Chắn bùn gầm xe',59000,5.00,'UNIT_PACKAGE',5),(350,'2023-08-01 15:10:11.937000',NULL,0,'2023-08-02 09:11:58.666000',NULL,'BEX10003682','Chắn bùn gầm xe',112000,5.00,'UNIT_PACKAGE',5),(351,'2023-08-01 15:10:11.938000',NULL,0,'2023-08-02 09:11:58.666000',NULL,'BEX10003683','Chắn bùn gầm xe',111000,5.00,'UNIT_PACKAGE',5),(352,'2023-08-01 15:10:11.939000',NULL,0,'2023-08-02 09:11:58.667000',NULL,'BEX10003655','Chắn bùn hốc lốp nửa sau, lốp trước phải',505000,5.00,'UNIT_PACKAGE',5),(353,'2023-08-01 15:10:11.939000',NULL,0,'2023-08-02 09:11:58.667000',NULL,'BEX10003656','Chắn bùn hốc lốp nửa sau, lốp trước trái',501000,5.00,'UNIT_PACKAGE',5),(354,'2023-08-01 15:10:11.940000',NULL,0,'2023-08-02 09:11:58.667000',NULL,'BEX10003654','Chắn bùn hốc lốp nửa trước, lốp trước phải',532000,5.00,'UNIT_PACKAGE',5),(355,'2023-08-01 15:10:11.941000',NULL,0,'2023-08-02 09:11:58.668000',NULL,'BEX10003661','Chắn bùn hốc lốp nửa trước, lốp trước trái',532000,5.00,'UNIT_PACKAGE',5),(356,'2023-08-01 15:10:11.941000',NULL,0,'2023-08-02 09:11:58.668000',NULL,'BEX10003660','Chắn bùn phụ lốp trước phải',171000,5.00,'UNIT_PACKAGE',5),(357,'2023-08-01 15:10:11.942000',NULL,0,'2023-08-02 09:11:58.668000',NULL,'BEX10003659','Chắn bùn phụ lốp trước trái',173000,5.00,'UNIT_PACKAGE',5),(358,'2023-08-01 15:10:11.943000',NULL,0,'2023-08-02 09:11:58.669000',NULL,'STD90000358','Chân cài dây mở khóa hàng ghế sau',3000,5.00,'UNIT_PACKAGE',5),(359,'2023-08-01 15:10:11.944000',NULL,0,'2023-08-02 09:11:58.669000',NULL,'STD90001195','Chân cài tap pi',5000,5.00,'UNIT_PACKAGE',5),(360,'2023-08-01 15:10:11.944000',NULL,0,'2023-08-02 09:11:58.669000',NULL,'BEX10003820','Chân đế gương chiếu hậu bên trong',56000,5.00,'UNIT_PACKAGE',5),(361,'2023-08-01 15:10:11.945000',NULL,0,'2023-08-02 09:11:58.669000',NULL,'BEX10003821','Chân đế gương chiếu hậu bên trong',57000,5.00,'UNIT_PACKAGE',5),(362,'2023-08-01 15:10:11.945000',NULL,0,'2023-08-02 09:11:58.670000',NULL,'CHS10002231','Che bụi',145000,5.00,'UNIT_PACKAGE',5),(363,'2023-08-01 15:10:11.946000',NULL,0,'2023-08-02 09:11:58.671000',NULL,'STD90000466','Chốt',23000,5.00,'UNIT_PACKAGE',5),(364,'2023-08-01 15:10:11.946000',NULL,0,'2023-08-02 09:11:58.674000',NULL,'STD90000197','Chốt bàn đạp chân phanh',5000,5.00,'UNIT_PACKAGE',5),(365,'2023-08-01 15:10:11.947000',NULL,0,'2023-08-02 09:11:58.675000',NULL,'STD90000348','Chốt cài',1000,5.00,'UNIT_PACKAGE',5),(366,'2023-08-01 15:10:11.948000',NULL,0,'2023-08-02 09:11:58.675000',NULL,'STD90000441','Chốt cài',1000,5.00,'UNIT_PACKAGE',5),(367,'2023-08-01 15:10:11.948000',NULL,0,'2023-08-02 09:11:58.676000',NULL,'STD90000451','Chốt cài thnah nẹp',2000,5.00,'UNIT_PACKAGE',5),(368,'2023-08-01 15:10:11.949000',NULL,0,'2023-08-02 09:11:58.676000',NULL,'ENG10005793','Chốt D=10,5MM',4000,5.00,'UNIT_PACKAGE',5),(369,'2023-08-01 15:10:11.950000',NULL,0,'2023-08-02 09:11:58.676000',NULL,'STD90000611','Chốt D=11,1MM',6000,5.00,'UNIT_PACKAGE',5),(370,'2023-08-01 15:10:11.950000',NULL,0,'2023-08-02 09:11:58.677000',NULL,'ENG10005786','Chốt D=12,5MM',3000,5.00,'UNIT_PACKAGE',5),(371,'2023-08-01 15:10:11.950000',NULL,0,'2023-08-02 09:11:58.678000',NULL,'ENG10005787','Chốt D=13,0MM',17000,5.00,'UNIT_PACKAGE',5),(372,'2023-08-01 15:10:11.951000',NULL,0,'2023-08-02 09:11:58.678000',NULL,'ENG10005788','Chốt D=13,5MM',6000,5.00,'UNIT_PACKAGE',5),(373,'2023-08-01 15:10:11.951000',NULL,0,'2023-08-02 09:11:58.678000',NULL,'PWT10005796','Chốt D=14,5MM',10000,5.00,'UNIT_PACKAGE',5),(374,'2023-08-01 15:10:11.952000',NULL,0,'2023-08-02 09:11:58.679000',NULL,'ENG10005813','Chốt D=7,5MM',5000,5.00,'UNIT_PACKAGE',5),(375,'2023-08-01 15:10:11.952000',NULL,0,'2023-08-02 09:11:58.679000',NULL,'CHS10007693','Chốt gài',13000,5.00,'UNIT_PACKAGE',5),(376,'2023-08-01 15:10:11.953000',NULL,0,'2023-08-02 09:11:58.679000',NULL,'STD90001252','Chốt lò xo đầu tròn',22000,5.00,'UNIT_PACKAGE',5),(377,'2023-08-01 15:10:11.953000',NULL,0,'2023-08-02 09:11:58.680000',NULL,'STD90000848','Chốt M6X12',12000,5.00,'UNIT_PACKAGE',5),(378,'2023-08-01 15:10:11.954000',NULL,0,'2023-08-02 09:11:58.680000',NULL,'STD90000502','Chốt nhựa',2000,5.00,'UNIT_PACKAGE',5),(379,'2023-08-01 15:10:11.954000',NULL,0,'2023-08-02 09:11:58.680000',NULL,'STD90000537','Chốt nhựa',5000,5.00,'UNIT_PACKAGE',5),(380,'2023-08-01 15:10:11.955000',NULL,0,'2023-08-02 09:11:58.681000',NULL,'STD90000831','Chốt vít có vòng đệm hãm',28000,5.00,'UNIT_PACKAGE',5),(381,'2023-08-01 15:10:11.955000',NULL,0,'2023-08-02 09:11:58.681000',NULL,'BEX10008264','Chữ Lux SA.2.0 Turbo',217000,5.00,'UNIT_PACKAGE',5),(382,'2023-08-01 15:10:11.956000',NULL,0,'2023-08-02 09:11:58.681000',NULL,'BEX10003641','Chữ P trang trí trên lưới tản nhiệt, Crom',128000,5.00,'UNIT_PACKAGE',5),(383,'2023-08-01 15:10:11.957000',NULL,0,'2023-08-02 09:11:58.682000',NULL,'BEX10003341','Chữ V phía sau',241000,5.00,'UNIT_PACKAGE',5),(384,'2023-08-01 15:10:11.958000',NULL,0,'2023-08-02 09:11:58.682000',NULL,'ENG10005845','Chụp đầu trục khuỷu',98000,5.00,'UNIT_PACKAGE',5),(385,'2023-08-01 15:10:11.960000',NULL,0,'2023-08-02 09:11:58.683000',NULL,'STD90000607','Clip',6000,5.00,'UNIT_PACKAGE',5),(386,'2023-08-01 15:10:11.962000',NULL,0,'2023-08-02 09:11:58.684000',NULL,'ENG10006604','Cơ cấu bánh đà',1218000,5.00,'UNIT_PACKAGE',5),(387,'2023-08-01 15:10:11.963000',NULL,0,'2023-08-02 09:11:58.684000',NULL,'ENG10005862','Cơ cấu cam nạp',1318000,5.00,'UNIT_PACKAGE',5),(388,'2023-08-01 15:10:11.964000',NULL,0,'2023-08-02 09:11:58.685000',NULL,'ENG10005861','Cơ cấu cam xả',1196000,5.00,'UNIT_PACKAGE',5),(389,'2023-08-01 15:10:11.966000',NULL,0,'2023-08-02 09:11:58.685000',NULL,'ENG10005864','Cơ cấu căng xích',338000,5.00,'UNIT_PACKAGE',5),(390,'2023-08-01 15:10:11.967000',NULL,0,'2023-08-02 09:11:58.686000',NULL,'BIW10002035','Cơ cấu chống đẩy nắp cốp',3319000,5.00,'UNIT_PACKAGE',5),(391,'2023-08-01 15:10:11.967000',NULL,0,'2023-08-02 09:11:58.686000',NULL,'BIW10002039','Cơ cấu chống đẩy nắp cốp, bên phải, cốp điện',635000,5.00,'UNIT_PACKAGE',5),(392,'2023-08-01 15:10:11.968000',NULL,0,'2023-08-02 09:11:58.686000',NULL,'ENG10005873','Cơ cấu điều chỉnh khe hở xu páp thủy lực',52000,5.00,'UNIT_PACKAGE',5),(393,'2023-08-01 15:10:11.969000',NULL,0,'2023-08-02 09:11:58.687000',NULL,'ENG10005894','Cơ cấu điều chỉnh, cụm cam nạp',1101000,5.00,'UNIT_PACKAGE',5),(394,'2023-08-01 15:10:11.969000',NULL,0,'2023-08-02 09:11:58.690000',NULL,'ENG10005893','Cơ cấu điều chỉnh, cụm cam xả',1101000,5.00,'UNIT_PACKAGE',5),(395,'2023-08-01 15:10:11.970000',NULL,0,'2023-08-02 09:11:58.691000',NULL,'ENG10005891','Cơ cấu điều khiển vị trí trục cam',371000,5.00,'UNIT_PACKAGE',5),(396,'2023-08-01 15:10:11.971000',NULL,0,'2023-08-02 09:11:58.691000',NULL,'PWT10002983','Cơ cấu giảm rung',33000,5.00,'UNIT_PACKAGE',5),(397,'2023-08-01 15:10:11.971000',NULL,0,'2023-08-02 09:11:58.692000',NULL,'BIW10001516','Cơ cấu khóa cốp sau',898000,5.00,'UNIT_PACKAGE',5),(398,'2023-08-01 15:10:11.972000',NULL,0,'2023-08-02 09:11:58.692000',NULL,'BIW10000648','Cơ cấu nâng hạ kính, cửa sau phải',1202000,5.00,'UNIT_PACKAGE',5),(399,'2023-08-01 15:10:11.972000',NULL,0,'2023-08-02 09:11:58.693000',NULL,'BIW10000647','Cơ cấu nâng hạ kính, cửa sau trái',1202000,5.00,'UNIT_PACKAGE',5),(400,'2023-08-01 15:10:11.973000',NULL,0,'2023-08-02 09:11:58.693000',NULL,'BIW10000644','Cơ cấu nâng hạ kính, cửa trước phải',1470000,5.00,'UNIT_PACKAGE',5),(401,'2023-08-01 15:10:11.973000',NULL,0,'2023-08-02 09:11:58.693000',NULL,'BIW10000643','Cơ cấu nâng hạ kính, cửa trước trái',1470000,5.00,'UNIT_PACKAGE',5),(402,'2023-08-01 15:10:11.974000',NULL,0,'2023-08-02 09:11:58.694000',NULL,'PWT10003237','Cơ cấu nối',71000,5.00,'UNIT_PACKAGE',5),(403,'2023-08-01 15:10:11.975000',NULL,0,'2023-08-02 09:11:58.695000',NULL,'SVC10007506','Cơ cấu phanh tay điện tử',1345000,5.00,'UNIT_PACKAGE',5),(404,'2023-08-01 15:10:11.976000',NULL,0,'2023-08-02 09:11:58.695000',NULL,'EEP10007121','Còi âm tần thấp',186000,5.00,'UNIT_PACKAGE',5),(405,'2023-08-01 15:10:11.979000',NULL,0,'2023-08-02 09:11:58.695000',NULL,'ENG10005870','Con đội',63000,5.00,'UNIT_PACKAGE',5),(406,'2023-08-01 15:10:11.980000',NULL,0,'2023-08-02 09:11:58.696000',NULL,'EEP10005700','Công tắc của hậu',139000,5.00,'UNIT_PACKAGE',5),(407,'2023-08-01 15:10:11.980000',NULL,0,'2023-08-02 09:11:58.696000',NULL,'EEP10005574','Công tắc cửa kính hành khách',114000,5.00,'UNIT_PACKAGE',5),(408,'2023-08-01 15:10:11.981000',NULL,0,'2023-08-02 09:11:58.696000',NULL,'EEP10008047','Công tắc cửa kính sau',114000,5.00,'UNIT_PACKAGE',5),(409,'2023-08-01 15:10:11.982000',NULL,0,'2023-08-02 09:11:58.696000',NULL,'EEP10007084','Công tắc điều khiển chiếu sáng',537000,5.00,'UNIT_PACKAGE',5),(410,'2023-08-01 15:10:11.982000',NULL,0,'2023-08-02 09:11:58.697000',NULL,'EEP10007089','Công tắc điều khiển chiếu sáng',574000,5.00,'UNIT_PACKAGE',5),(411,'2023-08-01 15:10:11.983000',NULL,0,'2023-08-02 09:11:58.697000',NULL,'EEP10005749','Công tắc sưởi ghế trước',96000,5.00,'UNIT_PACKAGE',5),(412,'2023-08-01 15:10:11.983000',NULL,0,'2023-08-02 09:11:58.698000',NULL,'BIN10008865','Cửa gió điều hòa, bên trái',489000,5.00,'UNIT_PACKAGE',5),(413,'2023-08-01 15:10:11.984000',NULL,0,'2023-08-02 09:11:58.698000',NULL,'BIN10004114','Cửa gió sưởi kính',1554000,5.00,'UNIT_PACKAGE',5),(414,'2023-08-01 15:10:11.984000',NULL,0,'2023-08-02 09:11:58.698000',NULL,'BIN10008866','Cửa gió, bên trái',490000,5.00,'UNIT_PACKAGE',5),(415,'2023-08-01 15:10:11.985000',NULL,0,'2023-08-02 09:11:58.699000',NULL,'BEX10008658','Cụm Ba đờ sốc sau, cho xe có 2 cảm biến khoảng cách sau',4988000,5.00,'UNIT_PACKAGE',5),(416,'2023-08-01 15:10:11.986000',NULL,0,'2023-08-02 09:11:58.699000',NULL,'BEX10008659','Cụm Ba đờ sốc sau, cho xe có 4  cảm biến khoảng cách sau',5036000,5.00,'UNIT_PACKAGE',5),(417,'2023-08-01 15:10:11.987000',NULL,0,'2023-08-02 09:11:58.699000',NULL,'BEX10010039','Cụm biếu tượng',294000,5.00,'UNIT_PACKAGE',5),(418,'2023-08-01 15:10:11.987000',NULL,0,'2023-08-02 09:11:58.700000',NULL,'BEX10010040','Cụm biếu tượng',294000,5.00,'UNIT_PACKAGE',5),(419,'2023-08-01 15:10:11.988000',NULL,0,'2023-08-02 09:11:58.700000',NULL,'BEX10010038','Cụm biểu tượng, phía trước',290000,5.00,'UNIT_PACKAGE',5),(420,'2023-08-01 15:10:11.989000',NULL,0,'2023-08-02 09:11:58.700000',NULL,'BEX10010037','Cụm biểu tượng, phía trước',290000,5.00,'UNIT_PACKAGE',5),(421,'2023-08-01 15:10:11.989000',NULL,0,'2023-08-02 09:11:58.701000',NULL,'ENG10005906','Cụm bơm dầu',2341000,5.00,'UNIT_PACKAGE',5),(422,'2023-08-01 15:10:11.990000',NULL,0,'2023-08-02 09:11:58.701000',NULL,'SVK10000036','Cụm bơm nhiên liệu',2962000,5.00,'UNIT_PACKAGE',5),(423,'2023-08-01 15:10:11.991000',NULL,0,'2023-08-02 09:11:58.702000',NULL,'SVC10009211','Cụm bơm xăng bên phải',4131000,5.00,'UNIT_PACKAGE',5),(424,'2023-08-01 15:10:11.991000',NULL,0,'2023-08-02 09:11:58.702000',NULL,'SVC10009212','Cụm bơm xăng bên trái',2175000,5.00,'UNIT_PACKAGE',5),(425,'2023-08-01 15:10:11.994000',NULL,0,'2023-08-02 09:11:58.702000',NULL,'BIW10001607','Cụm công tắc cơ',198000,5.00,'UNIT_PACKAGE',5),(426,'2023-08-01 15:10:11.995000',NULL,0,'2023-08-02 09:11:58.703000',NULL,'ENG10005910','Cụm dȁn động xích',846000,5.00,'UNIT_PACKAGE',5),(427,'2023-08-01 15:10:11.996000',NULL,0,'2023-08-02 09:11:58.703000',NULL,'BIN10007547','Cụm dây đai an toàn trước phải',988000,5.00,'UNIT_PACKAGE',5),(428,'2023-08-01 15:10:11.997000',NULL,0,'2023-08-02 09:11:58.704000',NULL,'BIN10007547BGA','Cụm dây đai an toàn trước phải',958000,5.00,'UNIT_PACKAGE',5),(429,'2023-08-01 15:10:11.997000',NULL,0,'2023-08-02 09:11:58.707000',NULL,'BIN10007547BKA','Cụm dây đai an toàn trước phải',940000,5.00,'UNIT_PACKAGE',5),(430,'2023-08-01 15:10:11.998000',NULL,0,'2023-08-02 09:11:58.708000',NULL,'BIN10007546','Cụm dây đai an toàn trước trái',988000,5.00,'UNIT_PACKAGE',5),(431,'2023-08-01 15:10:11.998000',NULL,0,'2023-08-02 09:11:58.709000',NULL,'BIN10007546BGA','Cụm dây đai an toàn trước trái',958000,5.00,'UNIT_PACKAGE',5),(432,'2023-08-01 15:10:11.998000',NULL,0,'2023-08-02 09:11:58.709000',NULL,'BIN10007546BKA','Cụm dây đai an toàn trước trái',940000,5.00,'UNIT_PACKAGE',5),(433,'2023-08-01 15:10:11.999000',NULL,0,'2023-08-02 09:11:58.710000',NULL,'BEX10003610','Cụm đèn xi nhan bên lái, đèn LED được bắt vào tai xe, cài\nvào ba đờ sốc',2177000,5.00,'UNIT_PACKAGE',5),(434,'2023-08-01 15:10:12.000000',NULL,0,'2023-08-02 09:11:58.711000',NULL,'BEX10003611','Cụm đèn xi nhan bên phụ, đèn LED được bắt vào tai xe, cài\nvào ba đờ sốc',2177000,5.00,'UNIT_PACKAGE',5),(435,'2023-08-01 15:10:12.001000',NULL,0,'2023-08-02 09:11:58.711000',NULL,'CHS10002255','Cụm đường ống dȁn xăng',1510000,5.00,'UNIT_PACKAGE',5),(436,'2023-08-01 15:10:12.001000',NULL,0,'2023-08-02 09:11:58.712000',NULL,'ENG10005909','Cụm đường ống hút',88000,5.00,'UNIT_PACKAGE',5),(437,'2023-08-01 15:10:12.002000',NULL,0,'2023-08-02 09:11:58.712000',NULL,'ENG10005933','Cụm giá đỡ',227000,5.00,'UNIT_PACKAGE',5),(438,'2023-08-01 15:10:12.003000',NULL,0,'2023-08-02 09:11:58.713000',NULL,'ENG10005826','Cụm giá đỡ giàn phun',32000,5.00,'UNIT_PACKAGE',5),(439,'2023-08-01 15:10:12.004000',NULL,0,'2023-08-02 09:11:58.713000',NULL,'PWT10008070','Cụm giảm thanh phía sau',12230000,5.00,'UNIT_PACKAGE',5),(440,'2023-08-01 15:10:12.004000',NULL,0,'2023-08-02 09:11:58.713000',NULL,'PWT10008764','Cụm giảm thanh phía sau',13119000,5.00,'UNIT_PACKAGE',5),(441,'2023-08-01 15:10:12.005000',NULL,0,'2023-08-02 09:11:58.714000',NULL,'PWT10002868','Cụm giảm thanh trước',3341000,5.00,'UNIT_PACKAGE',5),(442,'2023-08-01 15:10:12.005000',NULL,0,'2023-08-02 09:11:58.714000',NULL,'BIW10000456','Cụm gương bản cao cấp, bên phải',3489000,5.00,'UNIT_PACKAGE',5),(443,'2023-08-01 15:10:12.006000',NULL,0,'2023-08-02 09:11:58.715000',NULL,'BIW10000455','Cụm gương bản cao cấp, bên trái',3433000,5.00,'UNIT_PACKAGE',5),(444,'2023-08-01 15:10:12.007000',NULL,0,'2023-08-02 09:11:58.715000',NULL,'BIW10002056','Cụm gương bản tiêu chuẩn, bên phải',2379000,5.00,'UNIT_PACKAGE',5),(445,'2023-08-01 15:10:12.007000',NULL,0,'2023-08-02 09:11:58.715000',NULL,'BIW10002055','Cụm gương bản tiêu chuẩn, bên trái',2324000,5.00,'UNIT_PACKAGE',5),(446,'2023-08-01 15:10:12.008000',NULL,0,'2023-08-02 09:11:58.716000',NULL,'SVC10000067','Cụm gương chiếu hậu bên lái có camera, gồm cả mặt\ngương, đèn LED, cơ cấu nhớ, ốp gương..',3455000,5.00,'UNIT_PACKAGE',5),(447,'2023-08-01 15:10:12.012000',NULL,0,'2023-08-02 09:11:58.716000',NULL,'SVC10000063','Cụm gương chiếu hậu bên lái có camera, gồm ốp gương, mặt gương, đèn LED, xương gương, cơ cấu nhớ',3434000,5.00,'UNIT_PACKAGE',5),(448,'2023-08-01 15:10:12.013000',NULL,0,'2023-08-02 09:11:58.716000',NULL,'SVC10000061','Cụm gương chiếu hậu bên lái không camera, gồm ốp gương, mặt gương, đèn LED, xương gương, cơ cấu nhớ',2324000,5.00,'UNIT_PACKAGE',5),(449,'2023-08-01 15:10:12.013000',NULL,0,'2023-08-02 09:11:58.717000',NULL,'SVC10000068','Cụm gương chiếu hậu bên phụ có camera, gồm cả mặt\ngương, đèn LED, cơ cấu nhớ, ốp gương..',3511000,5.00,'UNIT_PACKAGE',5),(450,'2023-08-01 15:10:12.028000',NULL,0,'2023-08-02 09:11:58.717000',NULL,'SVC10000064','Cụm gương chiếu hậu bên phụ có camera, gồm ốp gương, mặt gương, đèn LED, xương gương, cơ cấu nhớ',3489000,5.00,'UNIT_PACKAGE',5),(451,'2023-08-01 15:10:12.029000',NULL,0,'2023-08-02 09:11:58.717000',NULL,'SVC10010066','Cụm gương chiếu hậu bên phụ không camera',2400000,5.00,'UNIT_PACKAGE',5),(452,'2023-08-01 15:10:12.030000',NULL,0,'2023-08-02 09:11:58.718000',NULL,'SVC10000066','Cụm gương chiếu hậu bên phụ không camera, gồm cả mặt\ngương, đèn LED, cơ cấu nhớ, ốp gương..',2400000,5.00,'UNIT_PACKAGE',5),(453,'2023-08-01 15:10:12.030000',NULL,0,'2023-08-02 09:11:58.718000',NULL,'SVC10000062','Cụm gương chiếu hậu bên phụ không camera, gồm ốp gương, mặt gương, đèn LED, xương gương, cơ cấu nhớ',2379000,5.00,'UNIT_PACKAGE',5),(454,'2023-08-01 15:10:12.031000',NULL,0,'2023-08-02 09:11:58.719000',NULL,'BIW10001460','Cụm khóa cửa sau, bên phải',333000,5.00,'UNIT_PACKAGE',5),(455,'2023-08-01 15:10:12.031000',NULL,0,'2023-08-02 09:11:58.719000',NULL,'BIW10001459','Cụm khóa cửa sau, bên trái',333000,5.00,'UNIT_PACKAGE',5),(456,'2023-08-01 15:10:12.032000',NULL,0,'2023-08-02 09:11:58.720000',NULL,'BIW10001458','Cụm khóa cửa, bên phải',327000,5.00,'UNIT_PACKAGE',5),(457,'2023-08-01 15:10:12.032000',NULL,0,'2023-08-02 09:11:58.720000',NULL,'BIW10001455','Cụm khóa cửa, bên trái',354000,5.00,'UNIT_PACKAGE',5),(458,'2023-08-01 15:10:12.033000',NULL,0,'2023-08-02 09:11:58.723000',NULL,'BIW10002041','Cụm khóa nắp capo',1482000,5.00,'UNIT_PACKAGE',5),(459,'2023-08-01 15:10:12.033000',NULL,0,'2023-08-02 09:11:58.724000',NULL,'ENG10005911','Cụm lọc dầu và làm mát dầu đi kèm',2386000,5.00,'UNIT_PACKAGE',5),(460,'2023-08-01 15:10:12.034000',NULL,0,'2023-08-02 09:11:58.725000',NULL,'BIW10000650','Cụm mô tơ nâng hạ kính, sau phải',1326000,5.00,'UNIT_PACKAGE',5),(461,'2023-08-01 15:10:12.034000',NULL,0,'2023-08-02 09:11:58.726000',NULL,'BIW10000649','Cụm mô tơ nâng hạ kính, sau trái',1326000,5.00,'UNIT_PACKAGE',5),(462,'2023-08-01 15:10:12.035000',NULL,0,'2023-08-02 09:11:58.726000',NULL,'BIW10000646','Cụm mô tơ nâng hạ kính, trước phải',1616000,5.00,'UNIT_PACKAGE',5),(463,'2023-08-01 15:10:12.035000',NULL,0,'2023-08-02 09:11:58.727000',NULL,'BIW10000645','Cụm mô tơ nâng hạ kính, trước trái',1616000,5.00,'UNIT_PACKAGE',5),(464,'2023-08-01 15:10:12.036000',NULL,0,'2023-08-02 09:11:58.727000',NULL,'CHS10002632','Cụm moay ơ, bánh trước',1616000,5.00,'UNIT_PACKAGE',5),(465,'2023-08-01 15:10:12.036000',NULL,0,'2023-08-02 09:11:58.728000',NULL,'ENG10005830','Cụm nắp chụp đầu xy lanh',1504000,5.00,'UNIT_PACKAGE',5),(466,'2023-08-01 15:10:12.037000',NULL,0,'2023-08-02 09:11:58.728000',NULL,'BEX10003286','Cụm nẹp viền hốc lốp sau bên lái cỡ 20 inch, gồm cả giá\nbắt nẹp viền hốc lốp sau, được bắt vào giá bắt nẹp viên hốc lốp sau, giá bắt góc ba đờ sốc sau, tai xe sau, khung cánh cửa sau',443000,5.00,'UNIT_PACKAGE',5),(467,'2023-08-01 15:10:12.038000',NULL,0,'2023-08-02 09:11:58.729000',NULL,'PWT10002933','Cụm ống điều hòa số 1',675000,5.00,'UNIT_PACKAGE',5),(468,'2023-08-01 15:10:12.038000',NULL,0,'2023-08-02 09:11:58.729000',NULL,'PWT10002871','Cụm ống điều hòa số 2',674000,5.00,'UNIT_PACKAGE',5),(469,'2023-08-01 15:10:12.039000',NULL,0,'2023-08-02 09:11:58.729000',NULL,'PWT10002898','Cụm ống điều hòa số 3',563000,5.00,'UNIT_PACKAGE',5),(470,'2023-08-01 15:10:12.040000',NULL,0,'2023-08-02 09:11:58.730000',NULL,'PWT10002930','Cụm ống điều hòa số 4',663000,5.00,'UNIT_PACKAGE',5),(471,'2023-08-01 15:10:12.040000',NULL,0,'2023-08-02 09:11:58.730000',NULL,'PWT10008765','Cụm ống xả sau',13129000,5.00,'UNIT_PACKAGE',5),(472,'2023-08-01 15:10:12.041000',NULL,0,'2023-08-02 09:11:58.731000',NULL,'PWT10002867','Cụm ống xả trước',2877000,5.00,'UNIT_PACKAGE',5),(473,'2023-08-01 15:10:12.042000',NULL,0,'2023-08-02 09:11:58.731000',NULL,'BIW10008843','Cụm ốp và công tắc mở nắp cốp',465000,5.00,'UNIT_PACKAGE',5),(474,'2023-08-01 15:10:12.045000',NULL,0,'2023-08-02 09:11:58.732000',NULL,'ENG10005856','Cụm Pit tông',608000,5.00,'UNIT_PACKAGE',3),(475,'2023-08-01 15:10:12.046000',NULL,0,'2023-08-02 09:11:58.732000',NULL,'ENG10005849','Cụm pu li',795000,5.00,'UNIT_PACKAGE',3),(476,'2023-08-01 15:10:12.047000',NULL,0,'2023-08-02 09:11:58.733000',NULL,'PWT10002865','Cụm quạt két nước làm mát',3798000,5.00,'UNIT_PACKAGE',3),(477,'2023-08-01 15:10:12.048000',NULL,0,'2023-08-02 09:11:58.733000',NULL,'ENG10007810','Cụm que thăm dầu',172000,5.00,'UNIT_PACKAGE',3),(478,'2023-08-01 15:10:12.048000',NULL,0,'2023-08-02 09:11:58.733000',NULL,'BIN10003926','Cụm túi khí rèm, bên phải',1617000,5.00,'UNIT_PACKAGE',3),(479,'2023-08-01 15:10:12.049000',NULL,0,'2023-08-02 09:11:58.734000',NULL,'BIN10003925','Cụm túi khí rèm, bên trái',1617000,5.00,'UNIT_PACKAGE',3),(480,'2023-08-01 15:10:12.049000',NULL,0,'2023-08-02 09:11:58.734000',NULL,'ENG10005925','Cụm Turbo',18624000,5.00,'UNIT_PACKAGE',3),(481,'2023-08-01 15:10:12.050000',NULL,0,'2023-08-02 09:11:58.735000',NULL,'STD90000526','Đai D11.9',5000,5.00,'UNIT_PACKAGE',3),(482,'2023-08-01 15:10:12.051000',NULL,0,'2023-08-02 09:11:58.735000',NULL,'PWT10003051','Đai đỡ 3',11000,5.00,'UNIT_PACKAGE',3),(483,'2023-08-01 15:10:12.051000',NULL,0,'2023-08-02 09:11:58.736000',NULL,'STD99000183','Đai kẹp',8000,5.00,'UNIT_PACKAGE',3),(484,'2023-08-01 15:10:12.051000',NULL,0,'2023-08-02 09:11:58.736000',NULL,'STD90000856','Đai kẹp',15000,5.00,'UNIT_PACKAGE',3),(485,'2023-08-01 15:10:12.052000',NULL,0,'2023-08-02 09:11:58.736000',NULL,'STD90000176','Đai kẹp D12/14',3000,5.00,'UNIT_PACKAGE',3),(486,'2023-08-01 15:10:12.052000',NULL,0,'2023-08-02 09:11:58.738000',NULL,'STD90000446','Đai kẹp D12/18',12000,5.00,'UNIT_PACKAGE',3),(487,'2023-08-01 15:10:12.056000',NULL,0,'2023-08-02 09:11:58.741000',NULL,'STD90000145','Đai kẹp D12/D8',11000,5.00,'UNIT_PACKAGE',3),(488,'2023-08-01 15:10:12.057000',NULL,0,'2023-08-02 09:11:58.742000',NULL,'STD90000469','Đai kẹp D4.75_D12.5',9000,5.00,'UNIT_PACKAGE',3),(489,'2023-08-01 15:10:12.058000',NULL,0,'2023-08-02 09:11:58.742000',NULL,'STD90000573','Đai kẹp D8,_D12_TOE_21,8',7000,5.00,'UNIT_PACKAGE',3),(490,'2023-08-01 15:10:12.059000',NULL,0,'2023-08-02 09:11:58.743000',NULL,'STD90000166','Đai kẹp D8/D12/2XD4,75',9000,5.00,'UNIT_PACKAGE',3),(491,'2023-08-01 15:10:12.062000',NULL,0,'2023-08-02 09:11:58.743000',NULL,'STD90000170','Đai kẹp D8/D12/2XD4,75',8000,5.00,'UNIT_PACKAGE',3),(492,'2023-08-01 15:10:12.063000',NULL,0,'2023-08-02 09:11:58.744000',NULL,'ENG10006009','Đai nẹp',3000,5.00,'UNIT_PACKAGE',3),(493,'2023-08-01 15:10:12.064000',NULL,0,'2023-08-02 09:11:58.745000',NULL,'STD90001106','Đai nẹp',3000,5.00,'UNIT_PACKAGE',3),(494,'2023-08-01 15:10:12.065000',NULL,0,'2023-08-02 09:11:58.745000',NULL,'STD99000072','Đai ốc',2000,5.00,'UNIT_PACKAGE',3),(495,'2023-08-01 15:10:12.065000',NULL,0,'2023-08-02 09:11:58.746000',NULL,'STD99000117','Đai ốc',3000,5.00,'UNIT_PACKAGE',3),(496,'2023-08-01 15:10:12.066000',NULL,0,'2023-08-02 09:11:58.746000',NULL,'STD90000610','Đai ốc',11000,5.00,'UNIT_PACKAGE',3),(497,'2023-08-01 15:10:12.067000',NULL,0,'2023-08-02 09:11:58.746000',NULL,'STD90000677','Đai ốc',5000,5.00,'UNIT_PACKAGE',3),(498,'2023-08-01 15:10:12.067000',NULL,0,'2023-08-02 09:11:58.747000',NULL,'STD90000138','Đai ốc',2000,5.00,'UNIT_PACKAGE',3),(499,'2023-08-01 15:10:12.068000',NULL,0,'2023-08-02 09:11:58.747000',NULL,'STD90000486','Đai ốc',7000,5.00,'UNIT_PACKAGE',3),(500,'2023-08-01 15:10:12.068000',NULL,0,'2023-08-02 09:11:58.747000',NULL,'STD99000035','Đai ốc',2000,5.00,'UNIT_PACKAGE',3),(501,'2023-08-01 15:10:12.069000',NULL,0,'2023-08-02 09:11:58.748000',NULL,'STD99000036','Đai ốc',1000,5.00,'UNIT_PACKAGE',3),(502,'2023-08-01 15:10:12.069000',NULL,0,'2023-08-02 09:11:58.748000',NULL,'STD99000052','Đai ốc',1000,5.00,'UNIT_PACKAGE',3),(503,'2023-08-01 15:10:12.070000',NULL,0,'2023-08-02 09:11:58.748000',NULL,'STD99000235','Đai ốc',2000,5.00,'UNIT_PACKAGE',3),(504,'2023-08-01 15:10:12.070000',NULL,0,'2023-08-02 09:11:58.749000',NULL,'STD90000503','Đai ốc',6000,5.00,'UNIT_PACKAGE',3),(505,'2023-08-01 15:10:12.071000',NULL,0,'2023-08-02 09:11:58.749000',NULL,'STD90000120','Đai ốc',2000,5.00,'UNIT_PACKAGE',3),(506,'2023-08-01 15:10:12.072000',NULL,0,'2023-08-02 09:11:58.749000',NULL,'STD90000316','Đai ốc',7000,5.00,'UNIT_PACKAGE',3),(507,'2023-08-01 15:10:12.072000',NULL,0,'2023-08-02 09:11:58.750000',NULL,'STD90000539','Đai ốc',2000,5.00,'UNIT_PACKAGE',3),(508,'2023-08-01 15:10:12.073000',NULL,0,'2023-08-02 09:11:58.750000',NULL,'STD90000587','Đai ốc',4000,5.00,'UNIT_PACKAGE',3),(509,'2023-08-01 15:10:12.073000',NULL,0,'2023-08-02 09:11:58.750000',NULL,'STD90000916','Đai ốc',1000,5.00,'UNIT_PACKAGE',3),(510,'2023-08-01 15:10:12.074000',NULL,0,'2023-08-02 09:11:58.751000',NULL,'STD90000984','Đai ốc',3000,5.00,'UNIT_PACKAGE',3),(511,'2023-08-01 15:10:12.074000',NULL,0,'2023-08-02 09:11:58.751000',NULL,'STD90001000','Đai ốc',4000,5.00,'UNIT_PACKAGE',3),(512,'2023-08-01 15:10:12.076000',NULL,0,'2023-08-02 09:11:58.751000',NULL,'STD90001191','Đai ốc',8000,5.00,'UNIT_PACKAGE',3),(513,'2023-08-01 15:10:12.080000',NULL,0,'2023-08-02 09:11:58.752000',NULL,'STD90001308','Đai ốc',2000,5.00,'UNIT_PACKAGE',3),(514,'2023-08-01 15:10:12.081000',NULL,0,'2023-08-02 09:11:58.753000',NULL,'STD99000038','Đai ốc',1000,5.00,'UNIT_PACKAGE',3),(515,'2023-08-01 15:10:12.083000',NULL,0,'2023-08-02 09:11:58.753000',NULL,'STD99000047','Đai ốc',2000,5.00,'UNIT_PACKAGE',3),(516,'2023-08-01 15:10:12.084000',NULL,0,'2023-08-02 09:11:58.757000',NULL,'STD99000057','Đai ốc',2000,5.00,'UNIT_PACKAGE',3),(517,'2023-08-01 15:10:12.085000',NULL,0,'2023-08-02 09:11:58.759000',NULL,'STD99001201','Đai ốc',2000,5.00,'UNIT_PACKAGE',3),(518,'2023-08-01 15:10:12.086000',NULL,0,'2023-08-02 09:11:58.760000',NULL,'STD99000063','Đai ốc',2000,5.00,'UNIT_PACKAGE',3),(519,'2023-08-01 15:10:12.087000',NULL,0,'2023-08-02 09:11:58.761000',NULL,'STD90000288','Đai ốc',3000,5.00,'UNIT_PACKAGE',3),(520,'2023-08-01 15:10:12.087000',NULL,0,'2023-08-02 09:11:58.762000',NULL,'STD90001039','Đai ốc có đệm vênh',8000,5.00,'UNIT_PACKAGE',3),(521,'2023-08-01 15:10:12.088000',NULL,0,'2023-08-02 09:11:58.762000',NULL,'STD90000100','Đai ốc cố định bộố]ởi ghế',1000,5.00,'UNIT_PACKAGE',3),(522,'2023-08-01 15:10:12.088000',NULL,0,'2023-08-02 09:11:58.762000',NULL,'STD90000543','Đai ốc cố định dầm sau',6000,5.00,'UNIT_PACKAGE',3),(523,'2023-08-01 15:10:12.089000',NULL,0,'2023-08-02 09:11:58.763000',NULL,'STD90000739','Đai ốc có vòng đệm M16X1.5-AL',30000,5.00,'UNIT_PACKAGE',3),(524,'2023-08-01 15:10:12.089000',NULL,0,'2023-08-02 09:11:58.763000',NULL,'STD90000609','Đai ốc có vòng đệm M18X1,5',31000,5.00,'UNIT_PACKAGE',3),(525,'2023-08-01 15:10:12.089000',NULL,0,'2023-08-02 09:11:58.764000',NULL,'STD90000465','Đai ốc đầu cực',2000,5.00,'UNIT_PACKAGE',3),(526,'2023-08-01 15:10:12.090000',NULL,0,'2023-08-02 09:11:58.764000',NULL,'STD99000081','Đai ốc đầu lục giác',5000,5.00,'UNIT_PACKAGE',3),(527,'2023-08-01 15:10:12.090000',NULL,0,'2023-08-02 09:11:58.764000',NULL,'CHS10006459','Đai ốc hãm',37000,5.00,'UNIT_PACKAGE',3),(528,'2023-08-01 15:10:12.091000',NULL,0,'2023-08-02 09:11:58.765000',NULL,'STD99000074','Đai ốc lắp bầu lọc hơi xăng',3000,5.00,'UNIT_PACKAGE',3),(529,'2023-08-01 15:10:12.091000',NULL,0,'2023-08-02 09:11:58.765000',NULL,'STD90000473','Đai ốc lắp bình xăng vào body',7000,5.00,'UNIT_PACKAGE',3),(530,'2023-08-01 15:10:12.092000',NULL,0,'2023-08-02 09:11:58.765000',NULL,'STD90000289','Đai ốc lắp thanh bên',2000,5.00,'UNIT_PACKAGE',3),(531,'2023-08-01 15:10:12.096000',NULL,0,'2023-08-02 09:11:58.765000',NULL,'STD90000568','Đai ốc lắp thanh bên giữa',2000,5.00,'UNIT_PACKAGE',3),(532,'2023-08-01 15:10:12.096000',NULL,0,'2023-08-02 09:11:58.766000',NULL,'STD90000273','Đai ốc lục giác',1000,5.00,'UNIT_PACKAGE',3),(533,'2023-08-01 15:10:12.097000',NULL,0,'2023-08-02 09:11:58.766000',NULL,'STD90001157','Đai ốc lục giác',2000,5.00,'UNIT_PACKAGE',3),(534,'2023-08-01 15:10:12.098000',NULL,0,'2023-08-02 09:11:58.766000',NULL,'STD99000068','Đai ốc M10',3000,5.00,'UNIT_PACKAGE',3),(535,'2023-08-01 15:10:12.098000',NULL,0,'2023-08-02 09:11:58.767000',NULL,'STD99001082','Đai ốc M10',4000,5.00,'UNIT_PACKAGE',3),(536,'2023-08-01 15:10:12.099000',NULL,0,'2023-08-02 09:11:58.767000',NULL,'STD99001115','Đai ốc M10',4000,5.00,'UNIT_PACKAGE',3),(537,'2023-08-01 15:10:12.099000',NULL,0,'2023-08-02 09:11:58.767000',NULL,'STD90000216','Đai ốc M12 ZNS3',4000,5.00,'UNIT_PACKAGE',3),(538,'2023-08-01 15:10:12.099000',NULL,0,'2023-08-02 09:11:58.768000',NULL,'STD90000250','Đai ốc M12x1,5',6000,5.00,'UNIT_PACKAGE',3),(539,'2023-08-01 15:10:12.100000',NULL,0,'2023-08-02 09:11:58.768000',NULL,'STD99000093','Đai ốc M12X1,5',4000,5.00,'UNIT_PACKAGE',3),(540,'2023-08-01 15:10:12.100000',NULL,0,'2023-08-02 09:11:58.768000',NULL,'ENG10006056','Đai ốc M12x1,5x19',9000,5.00,'UNIT_PACKAGE',3),(541,'2023-08-01 15:10:12.100000',NULL,0,'2023-08-02 09:11:58.768000',NULL,'STD90000817','Đai ốc M12X1.5',9000,5.00,'UNIT_PACKAGE',3),(542,'2023-08-01 15:10:12.101000',NULL,0,'2023-08-02 09:11:58.769000',NULL,'STD90001250','Đai ốc M5',5000,5.00,'UNIT_PACKAGE',3),(543,'2023-08-01 15:10:12.101000',NULL,0,'2023-08-02 09:11:58.769000',NULL,'STD90000122','Đai ốc M5',2000,5.00,'UNIT_PACKAGE',3),(544,'2023-08-01 15:10:12.102000',NULL,0,'2023-08-02 09:11:58.769000',NULL,'STD90000366','Đai ốc M6',4000,5.00,'UNIT_PACKAGE',3),(545,'2023-08-01 15:10:12.102000',NULL,0,'2023-08-02 09:11:58.769000',NULL,'STD99000075','Đai ốc M6',2000,5.00,'UNIT_PACKAGE',3),(546,'2023-08-01 15:10:12.102000',NULL,0,'2023-08-02 09:11:58.770000',NULL,'STD99000094','Đai ốc M6',2000,5.00,'UNIT_PACKAGE',3),(547,'2023-08-01 15:10:12.103000',NULL,0,'2023-08-02 09:11:58.770000',NULL,'STD99001197','Đai ốc M6',2000,5.00,'UNIT_PACKAGE',3),(548,'2023-08-01 15:10:12.103000',NULL,0,'2023-08-02 09:11:58.774000',NULL,'STD99000037','Đai ốc M6-8-ZNNIV SI',1000,5.00,'UNIT_PACKAGE',3),(549,'2023-08-01 15:10:12.104000',NULL,0,'2023-08-02 09:11:58.775000',NULL,'STD90000390','Đai ốc M8',5000,5.00,'UNIT_PACKAGE',3),(550,'2023-08-01 15:10:12.104000',NULL,0,'2023-08-02 09:11:58.775000',NULL,'STD99000076','Đai ốc M8',4000,5.00,'UNIT_PACKAGE',3),(551,'2023-08-01 15:10:12.105000',NULL,0,'2023-08-02 09:11:58.776000',NULL,'STD99000099','Đai ốc M8',5000,5.00,'UNIT_PACKAGE',3),(552,'2023-08-01 15:10:12.105000',NULL,0,'2023-08-02 09:11:58.776000',NULL,'STD99000149','Đai ốc M8x12',4000,5.00,'UNIT_PACKAGE',3),(553,'2023-08-01 15:10:12.106000',NULL,0,'2023-08-02 09:11:58.777000',NULL,'STD90000936','Đai ốc mở rộng',2000,5.00,'UNIT_PACKAGE',3),(554,'2023-08-01 15:10:12.106000',NULL,0,'2023-08-02 09:11:58.777000',NULL,'STD90000099','Đai ốc nhựa',1000,5.00,'UNIT_PACKAGE',3),(555,'2023-08-01 15:10:12.106000',NULL,0,'2023-08-02 09:11:58.778000',NULL,'STD90000127','Đai ốc nhựa',3000,5.00,'UNIT_PACKAGE',3),(556,'2023-08-01 15:10:12.107000',NULL,0,'2023-08-02 09:11:58.778000',NULL,'STD90000134','Đai ốc nhựa',4000,5.00,'UNIT_PACKAGE',3),(557,'2023-08-01 15:10:12.107000',NULL,0,'2023-08-02 09:11:58.779000',NULL,'STD90000415','Đai ốc nhựa',1000,5.00,'UNIT_PACKAGE',3),(558,'2023-08-01 15:10:12.107000',NULL,0,'2023-08-02 09:11:58.779000',NULL,'STD90000529','Đai ốc nhựa',4000,5.00,'UNIT_PACKAGE',3),(559,'2023-08-01 15:10:12.108000',NULL,0,'2023-08-02 09:11:58.780000',NULL,'STD90000579','Đai ốc nhựa',2000,5.00,'UNIT_PACKAGE',3),(560,'2023-08-01 15:10:12.109000',NULL,0,'2023-08-02 09:11:58.780000',NULL,'STD90000893','Đai ốc nhựa',3000,5.00,'UNIT_PACKAGE',3),(561,'2023-08-01 15:10:12.112000',NULL,0,'2023-08-02 09:11:58.780000',NULL,'STD90000450','Đai ốc nhựa',3000,5.00,'UNIT_PACKAGE',3),(562,'2023-08-01 15:10:12.113000',NULL,0,'2023-08-02 09:11:58.781000',NULL,'STD90000956','Đai ốc nhựa 1.8mm',5000,5.00,'UNIT_PACKAGE',3),(563,'2023-08-01 15:10:12.113000',NULL,0,'2023-08-02 09:11:58.781000',NULL,'STD90000015','Đai ốc nhựa lắp bộ điều khiển',2000,5.00,'UNIT_PACKAGE',3),(564,'2023-08-01 15:10:12.114000',NULL,0,'2023-08-02 09:11:58.781000',NULL,'STD90000324','Đai ốc nở',1000,5.00,'UNIT_PACKAGE',3),(565,'2023-08-01 15:10:12.114000',NULL,0,'2023-08-02 09:11:58.782000',NULL,'STD90000355','Đai ốc nở',3000,5.00,'UNIT_PACKAGE',3),(566,'2023-08-01 15:10:12.115000',NULL,0,'2023-08-02 09:11:58.782000',NULL,'STD90000385','Đai ốc nở',1000,5.00,'UNIT_PACKAGE',3),(567,'2023-08-01 15:10:12.115000',NULL,0,'2023-08-02 09:11:58.782000',NULL,'STD90000495','Đai ốc nở',2000,5.00,'UNIT_PACKAGE',3),(568,'2023-08-01 15:10:12.116000',NULL,0,'2023-08-02 09:11:58.783000',NULL,'STD90000961','Đai ốc tự hãm',3000,5.00,'UNIT_PACKAGE',3),(569,'2023-08-01 15:10:12.116000',NULL,0,'2023-08-02 09:11:58.783000',NULL,'STD99001094','Đai ốc tự hãm',2000,5.00,'UNIT_PACKAGE',3),(570,'2023-08-01 15:10:12.117000',NULL,0,'2023-08-02 09:11:58.783000',NULL,'STD99000091','Đai ốc tự khóa',2000,5.00,'UNIT_PACKAGE',3),(571,'2023-08-01 15:10:12.117000',NULL,0,'2023-08-02 09:11:58.784000',NULL,'STD90000228','Đai ốc tự khóa M14',58000,5.00,'UNIT_PACKAGE',3),(572,'2023-08-01 15:10:12.118000',NULL,0,'2023-08-02 09:11:58.784000',NULL,'STD90000245','Đai ốc tự xiết',19000,5.00,'UNIT_PACKAGE',3),(573,'2023-08-01 15:10:12.118000',NULL,0,'2023-08-02 09:11:58.784000',NULL,'STD90000107','Đai ốc xiết cần gạt',2000,5.00,'UNIT_PACKAGE',3),(574,'2023-08-01 15:10:12.119000',NULL,0,'2023-08-02 09:11:58.785000',NULL,'STD99000184','Đai sắt',12000,5.00,'UNIT_PACKAGE',3),(575,'2023-08-01 15:10:12.120000',NULL,0,'2023-08-02 09:11:58.785000',NULL,'ENG10005858','Đai V máy phát điều hòa',174000,5.00,'UNIT_PACKAGE',3),(576,'2023-08-01 15:10:12.120000',NULL,0,'2023-08-02 09:11:58.786000',NULL,'PWT10003196','Đai xiết',15000,5.00,'UNIT_PACKAGE',3),(577,'2023-08-01 15:10:12.121000',NULL,0,'2023-08-02 09:11:58.786000',NULL,'CHS10002257','Dầm cầu trước',32401000,5.00,'UNIT_PACKAGE',3),(578,'2023-08-01 15:10:12.121000',NULL,0,'2023-08-02 09:11:58.787000',NULL,'CHS10002519','Dầm ngang',981000,5.00,'UNIT_PACKAGE',3),(579,'2023-08-01 15:10:12.121000',NULL,0,'2023-08-02 09:11:58.790000',NULL,'CHS10002342','Dầm sau',42753000,5.00,'UNIT_PACKAGE',3),(580,'2023-08-01 15:10:12.122000',NULL,0,'2023-08-02 09:11:58.791000',NULL,'BEX10003725','Dȁn hướng dải led cửa sau phải',70000,5.00,'UNIT_PACKAGE',3),(581,'2023-08-01 15:10:12.122000',NULL,0,'2023-08-02 09:11:58.792000',NULL,'BEX10003724','Dȁn hướng dải led cửa sau trái',70000,5.00,'UNIT_PACKAGE',3),(582,'2023-08-01 15:10:12.123000',NULL,0,'2023-08-02 09:11:58.792000',NULL,'BEX10003721','Dȁn hướng dải led cửa trước phải',73000,5.00,'UNIT_PACKAGE',3),(583,'2023-08-01 15:10:12.123000',NULL,0,'2023-08-02 09:11:58.793000',NULL,'BEX10003720','Dȁn hướng dải led cửa trước trái',73000,5.00,'UNIT_PACKAGE',3),(584,'2023-08-01 15:10:12.135000',NULL,0,'2023-08-02 09:11:58.794000',NULL,'SVC10002974','Dàn nóng',3457000,5.00,'UNIT_PACKAGE',3),(585,'2023-08-01 15:10:12.135000',NULL,0,'2023-08-02 09:11:58.795000',NULL,'CHS10002740','Đầu bảo vệ giảm xóc',13000,5.00,'UNIT_PACKAGE',3),(586,'2023-08-01 15:10:12.136000',NULL,0,'2023-08-02 09:11:58.795000',NULL,'BEX10003358','Đầu bịt',3000,5.00,'UNIT_PACKAGE',3),(587,'2023-08-01 15:10:12.136000',NULL,0,'2023-08-02 09:11:58.796000',NULL,'STD90001269','Đầu nối',234000,5.00,'UNIT_PACKAGE',3),(588,'2023-08-01 15:10:12.138000',NULL,0,'2023-08-02 09:11:58.796000',NULL,'BEX10008021','Đầu vòi phun đã gồm ống',61000,5.00,'UNIT_PACKAGE',3),(589,'2023-08-01 15:10:12.138000',NULL,0,'2023-08-02 09:11:58.796000',NULL,'PWT10006983','Dây  tiếp mát',175000,5.00,'UNIT_PACKAGE',3),(590,'2023-08-01 15:10:12.139000',NULL,0,'2023-08-02 09:11:58.797000',NULL,'ENG10005838','Đáy cac te',817000,5.00,'UNIT_PACKAGE',3),(591,'2023-08-01 15:10:12.140000',NULL,0,'2023-08-02 09:11:58.797000',NULL,'EEP10006423','Dây cap màn hình đa phương tiện',372000,5.00,'UNIT_PACKAGE',3),(592,'2023-08-01 15:10:12.140000',NULL,0,'2023-08-02 09:11:58.797000',NULL,'EEP10005600','Dây cực âm',191000,5.00,'UNIT_PACKAGE',4),(593,'2023-08-01 15:10:12.141000',NULL,0,'2023-08-02 09:11:58.798000',NULL,'EEP10005598','Dây cực âm ắc quy',218000,5.00,'UNIT_PACKAGE',4),(594,'2023-08-01 15:10:12.144000',NULL,0,'2023-08-02 09:11:58.798000',NULL,'EEP10006599','Dây cực dương',715000,5.00,'UNIT_PACKAGE',4),(595,'2023-08-01 15:10:12.145000',NULL,0,'2023-08-02 09:11:58.799000',NULL,'BIN10004973BKA','Dây đai an toàn',1082000,5.00,'UNIT_PACKAGE',5),(596,'2023-08-01 15:10:12.146000',NULL,0,'2023-08-02 09:11:58.799000',NULL,'BIN10004974BGA','Dây đai an toàn bên phải, màu be',1101000,5.00,'UNIT_PACKAGE',5),(597,'2023-08-01 15:10:12.147000',NULL,0,'2023-08-02 09:11:58.799000',NULL,'BIN10004984BGA','Dây đai an toàn bên phải, màu be',681000,5.00,'UNIT_PACKAGE',5),(598,'2023-08-01 15:10:12.147000',NULL,0,'2023-08-02 09:11:58.800000',NULL,'BIN10004974BKA','Dây đai an toàn bên phải, màu đen',1082000,5.00,'UNIT_PACKAGE',5),(599,'2023-08-01 15:10:12.148000',NULL,0,'2023-08-02 09:11:58.800000',NULL,'BIN10004984BKA','Dây đai an toàn bên phải, màu đen',663000,5.00,'UNIT_PACKAGE',5),(600,'2023-08-01 15:10:12.148000',NULL,0,'2023-08-02 09:11:58.800000',NULL,'BIN10004973BGA','Dây đai an toàn bên trái, màu be',1101000,5.00,'UNIT_PACKAGE',5),(601,'2023-08-01 15:10:12.149000',NULL,0,'2023-08-02 09:11:58.801000',NULL,'BIN10004983BGA','Dây đai an toàn bên trái, màu be',681000,5.00,'UNIT_PACKAGE',5),(602,'2023-08-01 15:10:12.149000',NULL,0,'2023-08-02 09:11:58.801000',NULL,'BIN10004983BKA','Dây đai an toàn bên trái, màu đen',663000,5.00,'UNIT_PACKAGE',5),(603,'2023-08-01 15:10:12.149000',NULL,0,'2023-08-02 09:11:58.801000',NULL,'BIN10004993BGA','Dây đai an toàn ghế sau',533000,5.00,'UNIT_PACKAGE',5),(604,'2023-08-01 15:10:12.150000',NULL,0,'2023-08-02 09:11:58.802000',NULL,'BIN10004993','Dây đai an toàn ghế sau',500000,5.00,'UNIT_PACKAGE',5),(605,'2023-08-01 15:10:12.150000',NULL,0,'2023-08-02 09:11:58.802000',NULL,'BIN10005498BGA','Dây đai an toàn giữa',480000,5.00,'UNIT_PACKAGE',5),(606,'2023-08-01 15:10:12.151000',NULL,0,'2023-08-02 09:11:58.803000',NULL,'BIN10005498','Dây đai an toàn giữa',451000,5.00,'UNIT_PACKAGE',5),(607,'2023-08-01 15:10:12.151000',NULL,0,'2023-08-02 09:11:58.803000',NULL,'BIN10004982BGA','Dây đai an toàn phải, màu be',636000,5.00,'UNIT_PACKAGE',5),(608,'2023-08-01 15:10:12.152000',NULL,0,'2023-08-02 09:11:58.806000',NULL,'BIN10004982BKA','Dây đai an toàn phải, màu đen',618000,5.00,'UNIT_PACKAGE',5),(609,'2023-08-01 15:10:12.152000',NULL,0,'2023-08-02 09:11:58.808000',NULL,'BIN10004981BGA','Dây đai an toàn trái, màu be',636000,5.00,'UNIT_PACKAGE',5),(610,'2023-08-01 15:10:12.152000',NULL,0,'2023-08-02 09:11:58.809000',NULL,'BIN10004981BKA','Dây đai an toàn trái, màu đen',618000,5.00,'UNIT_PACKAGE',5),(611,'2023-08-01 15:10:12.153000',NULL,0,'2023-08-02 09:11:58.809000',NULL,'BIN10004984','Dây đai hàng ghế thứ 2, phải',663000,5.00,'UNIT_PACKAGE',5),(612,'2023-08-01 15:10:12.153000',NULL,0,'2023-08-02 09:11:58.810000',NULL,'BIN10004983','Dây đai hàng ghế thứ 2, trái',663000,5.00,'UNIT_PACKAGE',5),(613,'2023-08-01 15:10:12.153000',NULL,0,'2023-08-02 09:11:58.811000',NULL,'BIN10004982','Dây đai hàng ghế thứ 3, phải',618000,5.00,'UNIT_PACKAGE',5),(614,'2023-08-01 15:10:12.154000',NULL,0,'2023-08-02 09:11:58.812000',NULL,'BIN10004981','Dây đai hàng ghế thứ 3, trái',618000,5.00,'UNIT_PACKAGE',5),(615,'2023-08-01 15:10:12.154000',NULL,0,'2023-08-02 09:11:58.812000',NULL,'PWT10006658','Dây điện',399000,5.00,'UNIT_PACKAGE',4),(616,'2023-08-01 15:10:12.155000',NULL,0,'2023-08-02 09:11:58.813000',NULL,'EEP10006598','Dây điện ắc quy ra',839000,5.00,'UNIT_PACKAGE',4),(617,'2023-08-01 15:10:12.155000',NULL,0,'2023-08-02 09:11:58.813000',NULL,'EEP10007337','Dây điện bơm trợ lực',734000,5.00,'UNIT_PACKAGE',4),(618,'2023-08-01 15:10:12.156000',NULL,0,'2023-08-02 09:11:58.814000',NULL,'EEP10007364','Dây điện đèn phanh thứ 3',561000,5.00,'UNIT_PACKAGE',4),(619,'2023-08-01 15:10:12.156000',NULL,0,'2023-08-02 09:11:58.814000',NULL,'EEP10007922','Dây điện mô đun kéo rơ mooc',1455000,5.00,'UNIT_PACKAGE',4),(620,'2023-08-01 15:10:12.156000',NULL,0,'2023-08-02 09:11:58.815000',NULL,'BIW10001143','Dây khóa',7000,5.00,'UNIT_PACKAGE',4),(621,'2023-08-01 15:10:12.157000',NULL,0,'2023-08-02 09:11:58.815000',NULL,'PWT10007117','Dây máy phát',479000,5.00,'UNIT_PACKAGE',4),(622,'2023-08-01 15:10:12.157000',NULL,0,'2023-08-02 09:11:58.815000',NULL,'PWT10005946','Dây nối đật',205000,5.00,'UNIT_PACKAGE',4),(623,'2023-08-01 15:10:12.159000',NULL,0,'2023-08-02 09:11:58.816000',NULL,'PWT10006989','Dây nối đật',209000,5.00,'UNIT_PACKAGE',4),(624,'2023-08-01 15:10:12.162000',NULL,0,'2023-08-02 09:11:58.816000',NULL,'EEP10006425','Dây nối UBS (dành cho thị trường Nga)',327000,5.00,'UNIT_PACKAGE',4),(625,'2023-08-01 15:10:12.163000',NULL,0,'2023-08-02 09:11:58.817000',NULL,'STD90000554','Đệm',2000,5.00,'UNIT_PACKAGE',5),(626,'2023-08-01 15:10:12.163000',NULL,0,'2023-08-02 09:11:58.817000',NULL,'BEX10007167','Đệm',11000,5.00,'UNIT_PACKAGE',5),(627,'2023-08-01 15:10:12.164000',NULL,0,'2023-08-02 09:11:58.818000',NULL,'BEX10008069','Đệm',27000,5.00,'UNIT_PACKAGE',5),(628,'2023-08-01 15:10:12.164000',NULL,0,'2023-08-02 09:11:58.818000',NULL,'STD90000132','Đệm',2000,5.00,'UNIT_PACKAGE',5),(629,'2023-08-01 15:10:12.164000',NULL,0,'2023-08-02 09:11:58.819000',NULL,'STD90000562','Đêm cao su',46000,5.00,'UNIT_PACKAGE',5),(630,'2023-08-01 15:10:12.165000',NULL,0,'2023-08-02 09:11:58.819000',NULL,'CHS10008965','Đệm cao su',417000,5.00,'UNIT_PACKAGE',5),(631,'2023-08-01 15:10:12.165000',NULL,0,'2023-08-02 09:11:58.820000',NULL,'CHS10002493','Đệm cao su',109000,5.00,'UNIT_PACKAGE',5),(632,'2023-08-01 15:10:12.166000',NULL,0,'2023-08-02 09:11:58.821000',NULL,'PWT10008295','Đệm cao su làm kín, phía dưới',139000,5.00,'UNIT_PACKAGE',5),(633,'2023-08-01 15:10:12.166000',NULL,0,'2023-08-02 09:11:58.824000',NULL,'PWT10008296','Đệm cao su làm kín, phía trên',121000,5.00,'UNIT_PACKAGE',5),(634,'2023-08-01 15:10:12.166000',NULL,0,'2023-08-02 09:11:58.825000',NULL,'STD90000582','Đệm điều chỉnh',24000,5.00,'UNIT_PACKAGE',5),(635,'2023-08-01 15:10:12.167000',NULL,0,'2023-08-02 09:11:58.826000',NULL,'PWT10003238','Đệm định vị',6000,5.00,'UNIT_PACKAGE',5),(636,'2023-08-01 15:10:12.167000',NULL,0,'2023-08-02 09:11:58.827000',NULL,'CHS10002389','Đệm giảm chấn',230000,5.00,'UNIT_PACKAGE',5),(637,'2023-08-01 15:10:12.168000',NULL,0,'2023-08-02 09:11:58.827000',NULL,'SVC10003124','Đệm làm kín với khóa hãm',116000,5.00,'UNIT_PACKAGE',5),(638,'2023-08-01 15:10:12.168000',NULL,0,'2023-08-02 09:11:58.828000',NULL,'BIW10001638','Đệm phía trong gương, phải',52000,5.00,'UNIT_PACKAGE',5),(639,'2023-08-01 15:10:12.169000',NULL,0,'2023-08-02 09:11:58.829000',NULL,'BIW10001637','Đệm phía trong gương, trái',52000,5.00,'UNIT_PACKAGE',5),(640,'2023-08-01 15:10:12.169000',NULL,0,'2023-08-02 09:11:58.829000',NULL,'BEX10003529','Đệm sàn',21000,5.00,'UNIT_PACKAGE',5),(641,'2023-08-01 15:10:12.170000',NULL,0,'2023-08-02 09:11:58.830000',NULL,'BEX10003699','Đèn ban ngày bên phải',1253000,5.00,'UNIT_PACKAGE',5),(642,'2023-08-01 15:10:12.171000',NULL,0,'2023-08-02 09:11:58.831000',NULL,'BEX10003698','Đèn ban ngày bên trái',1253000,5.00,'UNIT_PACKAGE',5),(643,'2023-08-01 15:10:12.172000',NULL,0,'2023-08-02 09:11:58.832000',NULL,'BIW10001561','Đèn báo rẽ, phải',207000,5.00,'UNIT_PACKAGE',5),(644,'2023-08-01 15:10:12.174000',NULL,0,'2023-08-02 09:11:58.832000',NULL,'BIW10001560','Đèn báo rẽ, trái',207000,5.00,'UNIT_PACKAGE',5),(645,'2023-08-01 15:10:12.177000',NULL,0,'2023-08-02 09:11:58.833000',NULL,'BEX10003727','Đèn chân',32000,5.00,'UNIT_PACKAGE',5),(646,'2023-08-01 15:10:12.179000',NULL,0,'2023-08-02 09:11:58.834000',NULL,'BEX10003710','Đèn đọc sách(trái+phải)',251000,5.00,'UNIT_PACKAGE',5),(647,'2023-08-01 15:10:12.180000',NULL,0,'2023-08-02 09:11:58.834000',NULL,'BEX10003710BGA','Đèn đọc sách(trái+phải)',251000,5.00,'UNIT_PACKAGE',5),(648,'2023-08-01 15:10:12.181000',NULL,0,'2023-08-02 09:11:58.835000',NULL,'BEX10003710BKA','Đèn đọc sách(trái+phải)',251000,5.00,'UNIT_PACKAGE',5),(649,'2023-08-01 15:10:12.181000',NULL,0,'2023-08-02 09:11:58.835000',NULL,'BEX10003276','Đèn dừng',481000,5.00,'UNIT_PACKAGE',4),(650,'2023-08-01 15:10:12.181000',NULL,0,'2023-08-02 09:11:58.835000',NULL,'BEX10010030','Đèn hậu',3634000,5.00,'UNIT_PACKAGE',4),(651,'2023-08-01 15:10:12.182000',NULL,0,'2023-08-02 09:11:58.836000',NULL,'BIW10001526','Đèn led xi nhan trên gương bên lái',207000,5.00,'UNIT_PACKAGE',4),(652,'2023-08-01 15:10:12.182000',NULL,0,'2023-08-02 09:11:58.836000',NULL,'BIW10001529','Đèn led xi nhan trên gương bên phụ',207000,5.00,'UNIT_PACKAGE',4),(653,'2023-08-01 15:10:12.182000',NULL,0,'2023-08-02 09:11:58.837000',NULL,'BEX10003477','Đèn phản chiếu bên phải (bao gồm đèn sương mù)',584000,5.00,'UNIT_PACKAGE',4),(654,'2023-08-01 15:10:12.183000',NULL,0,'2023-08-02 09:11:58.840000',NULL,'BEX10003478','Đèn phản chiếu bên trái (bao gồm đèn sương mù)',584000,5.00,'UNIT_PACKAGE',4),(655,'2023-08-01 15:10:12.183000',NULL,0,'2023-08-02 09:11:58.841000',NULL,'BEX10003480','Đèn phản chiếu sau phải (bao gồm đèn sương mù)',597000,5.00,'UNIT_PACKAGE',4),(656,'2023-08-01 15:10:12.183000',NULL,0,'2023-08-02 09:11:58.842000',NULL,'BEX10003479','Đèn phản chiếu sau trái (bao gồm đèn sương mù)',597000,5.00,'UNIT_PACKAGE',4),(657,'2023-08-01 15:10:12.184000',NULL,0,'2023-08-02 09:11:58.843000',NULL,'BEX10003278','Đèn phanh',641000,5.00,'UNIT_PACKAGE',4),(658,'2023-08-01 15:10:12.187000',NULL,0,'2023-08-02 09:11:58.843000',NULL,'BEX10003277','Đèn phanh',707000,5.00,'UNIT_PACKAGE',4),(659,'2023-08-01 15:10:12.189000',NULL,0,'2023-08-02 09:11:58.844000',NULL,'BEX10003301','Đèn sau bên phải',1848000,5.00,'UNIT_PACKAGE',4),(660,'2023-08-01 15:10:12.265000',NULL,0,'2023-08-02 09:11:58.845000',NULL,'BEX10003297','Đèn sau bên phải',2270000,5.00,'UNIT_PACKAGE',4),(661,'2023-08-01 15:10:12.266000',NULL,0,'2023-08-02 09:11:58.845000',NULL,'BEX10003300','Đèn sau bên trái',1848000,5.00,'UNIT_PACKAGE',4),(662,'2023-08-01 15:10:12.266000',NULL,0,'2023-08-02 09:11:58.846000',NULL,'BEX10003296','Đèn sau bên trái',2270000,5.00,'UNIT_PACKAGE',4),(663,'2023-08-01 15:10:12.267000',NULL,0,'2023-08-02 09:11:58.846000',NULL,'BEX10003528','Đèn soi biển số',105000,5.00,'UNIT_PACKAGE',4),(664,'2023-08-01 15:10:12.267000',NULL,0,'2023-08-02 09:11:58.846000',NULL,'BEX10003701','Đèn sương mù bên phải',953000,5.00,'UNIT_PACKAGE',4),(665,'2023-08-01 15:10:12.268000',NULL,0,'2023-08-02 09:11:58.846000',NULL,'BEX10003700','Đèn sương mù bên trái',953000,5.00,'UNIT_PACKAGE',4),(666,'2023-08-01 15:10:12.269000',NULL,0,'2023-08-02 09:11:58.847000',NULL,'BEX10003267','Đèn taply cánh cửa',50000,5.00,'UNIT_PACKAGE',4),(667,'2023-08-01 15:10:12.270000',NULL,0,'2023-08-02 09:11:58.847000',NULL,'BEX10003808','Đèn tay mở cửa',61000,5.00,'UNIT_PACKAGE',4),(668,'2023-08-01 15:10:12.270000',NULL,0,'2023-08-02 09:11:58.847000',NULL,'BEX10007931','Đèn trần',1616000,5.00,'UNIT_PACKAGE',4),(669,'2023-08-01 15:10:12.271000',NULL,0,'2023-08-02 09:11:58.848000',NULL,'BEX10007931BGA','Đèn trần',1616000,5.00,'UNIT_PACKAGE',4),(670,'2023-08-01 15:10:12.271000',NULL,0,'2023-08-02 09:11:58.848000',NULL,'BEX10007931BKA','Đèn trần',1616000,5.00,'UNIT_PACKAGE',4),(671,'2023-08-01 15:10:12.272000',NULL,0,'2023-08-02 09:11:58.848000',NULL,'BEX10007930','Đèn trần',1455000,5.00,'UNIT_PACKAGE',4),(672,'2023-08-01 15:10:12.272000',NULL,0,'2023-08-02 09:11:58.849000',NULL,'BEX10007930BGA','Đèn trần',1455000,5.00,'UNIT_PACKAGE',4),(673,'2023-08-01 15:10:12.273000',NULL,0,'2023-08-02 09:11:58.849000',NULL,'BEX10007930BKA','Đèn trần',1455000,5.00,'UNIT_PACKAGE',4),(674,'2023-08-01 15:10:12.274000',NULL,0,'2023-08-02 09:11:58.849000',NULL,'BEX10003726','Đèn trần phía sau',441000,5.00,'UNIT_PACKAGE',4),(675,'2023-08-01 15:10:12.274000',NULL,0,'2023-08-02 09:11:58.850000',NULL,'BEX10003726BGA','Đèn trần phía sau',441000,5.00,'UNIT_PACKAGE',4),(676,'2023-08-01 15:10:12.275000',NULL,0,'2023-08-02 09:11:58.850000',NULL,'BEX10003707','Đèn trần phía trước',1472000,5.00,'UNIT_PACKAGE',4),(677,'2023-08-01 15:10:12.279000',NULL,0,'2023-08-02 09:11:58.851000',NULL,'BEX10003707BGA','Đèn trần phía trước',1472000,5.00,'UNIT_PACKAGE',4),(678,'2023-08-01 15:10:12.280000',NULL,0,'2023-08-02 09:11:58.851000',NULL,'BEX10003707BKA','Đèn trần phía trước',1472000,5.00,'UNIT_PACKAGE',4),(679,'2023-08-01 15:10:12.281000',NULL,0,'2023-08-02 09:11:58.851000',NULL,'BEX10003706','Đèn trần phía trước',1311000,5.00,'UNIT_PACKAGE',4),(680,'2023-08-01 15:10:12.296000',NULL,0,'2023-08-02 09:11:58.852000',NULL,'BEX10003706BGA','Đèn trần phía trước',1311000,5.00,'UNIT_PACKAGE',4),(681,'2023-08-01 15:10:12.297000',NULL,0,'2023-08-02 09:11:58.852000',NULL,'BEX10003706BKA','Đèn trần phía trước',1311000,5.00,'UNIT_PACKAGE',4),(682,'2023-08-01 15:10:12.299000',NULL,0,'2023-08-02 09:11:58.853000',NULL,'BEX10003539','Đèn trang trí cửa, sau phải',67000,5.00,'UNIT_PACKAGE',4),(683,'2023-08-01 15:10:12.300000',NULL,0,'2023-08-02 09:11:58.853000',NULL,'BEX10003538','Đèn trang trí cửa, sau trái',67000,5.00,'UNIT_PACKAGE',4),(684,'2023-08-01 15:10:12.301000',NULL,0,'2023-08-02 09:11:58.853000',NULL,'BEX10003537','Đèn trang trí cửa, trước phải',67000,5.00,'UNIT_PACKAGE',4),(685,'2023-08-01 15:10:12.302000',NULL,0,'2023-08-02 09:11:58.855000',NULL,'BEX10003536','Đèn trang trí cửa, trước trái',67000,5.00,'UNIT_PACKAGE',4),(686,'2023-08-01 15:10:12.303000',NULL,0,'2023-08-02 09:11:58.857000',NULL,'BEX10003718','Đèn trang trí cụm tap lô, bên phải',82000,5.00,'UNIT_PACKAGE',4),(687,'2023-08-01 15:10:12.304000',NULL,0,'2023-08-02 09:11:58.857000',NULL,'BEX10003540','Đèn trang trí cụm tap lô, bên trái',69000,5.00,'UNIT_PACKAGE',4),(688,'2023-08-01 15:10:12.305000',NULL,0,'2023-08-02 09:11:58.858000',NULL,'BEX10003697','Đèn vị trí bên phải',1253000,5.00,'UNIT_PACKAGE',4),(689,'2023-08-01 15:10:12.305000',NULL,0,'2023-08-02 09:11:58.858000',NULL,'BEX10003696','Đèn vị trí bên trái',1246000,5.00,'UNIT_PACKAGE',4),(690,'2023-08-01 15:10:12.306000',NULL,0,'2023-08-02 09:11:58.859000',NULL,'BEX10003613','Đèn xi-nhan bên phải',2247000,5.00,'UNIT_PACKAGE',4),(691,'2023-08-01 15:10:12.307000',NULL,0,'2023-08-02 09:11:58.859000',NULL,'BEX10003612','Đèn xi-nhan bên trái',2247000,5.00,'UNIT_PACKAGE',4),(692,'2023-08-01 15:10:12.307000',NULL,0,'2023-08-02 09:11:58.859000',NULL,'STD90000318','Đinh ốc',7000,5.00,'UNIT_PACKAGE',5),(693,'2023-08-01 15:10:12.308000',NULL,0,'2023-08-02 09:11:58.860000',NULL,'STD90000142','Đinh ốc',6000,5.00,'UNIT_PACKAGE',5),(694,'2023-08-01 15:10:12.308000',NULL,0,'2023-08-02 09:11:58.860000',NULL,'STD90000226','Đinh ốc',14000,5.00,'UNIT_PACKAGE',5),(695,'2023-08-01 15:10:12.312000',NULL,0,'2023-08-02 09:11:58.861000',NULL,'STD90000310','Đinh ốc',3000,5.00,'UNIT_PACKAGE',5),(696,'2023-08-01 15:10:12.313000',NULL,0,'2023-08-02 09:11:58.861000',NULL,'STD90000311','Đinh ốc',2000,5.00,'UNIT_PACKAGE',5),(697,'2023-08-01 15:10:12.314000',NULL,0,'2023-08-02 09:11:58.861000',NULL,'STD90000351','Đinh ốc',2000,5.00,'UNIT_PACKAGE',5),(698,'2023-08-01 15:10:12.315000',NULL,0,'2023-08-02 09:11:58.862000',NULL,'STD90000393','Đinh ốc',4000,5.00,'UNIT_PACKAGE',5),(699,'2023-08-01 15:10:12.315000',NULL,0,'2023-08-02 09:11:58.862000',NULL,'STD90000514','Đinh ốc',7000,5.00,'UNIT_PACKAGE',5),(700,'2023-08-01 15:10:12.316000',NULL,0,'2023-08-02 09:11:58.862000',NULL,'STD90000953','Đinh ốc',4000,5.00,'UNIT_PACKAGE',5),(701,'2023-08-01 15:10:12.317000',NULL,0,'2023-08-02 09:11:58.863000',NULL,'STD90001058','Đinh ốc',3000,5.00,'UNIT_PACKAGE',5),(702,'2023-08-01 15:10:12.317000',NULL,0,'2023-08-02 09:11:58.863000',NULL,'STD90001076','Đinh ốc',2000,5.00,'UNIT_PACKAGE',5),(703,'2023-08-01 15:10:12.318000',NULL,0,'2023-08-02 09:11:58.863000',NULL,'STD90001325','Đinh ốc',1000,5.00,'UNIT_PACKAGE',5),(704,'2023-08-01 15:10:12.319000',NULL,0,'2023-08-02 09:11:58.864000',NULL,'STD90001328','Đinh ốc',2000,5.00,'UNIT_PACKAGE',5),(705,'2023-08-01 15:10:12.319000',NULL,0,'2023-08-02 09:11:58.864000',NULL,'STD90001334','Đinh ốc',1000,5.00,'UNIT_PACKAGE',5),(706,'2023-08-01 15:10:12.320000',NULL,0,'2023-08-02 09:11:58.865000',NULL,'STD99000003','Đinh ốc',2000,5.00,'UNIT_PACKAGE',5),(707,'2023-08-01 15:10:12.320000',NULL,0,'2023-08-02 09:11:58.865000',NULL,'STD99000102','Đinh ốc',19000,5.00,'UNIT_PACKAGE',5),(708,'2023-08-01 15:10:12.321000',NULL,0,'2023-08-02 09:11:58.866000',NULL,'STD99000008','Đinh ốc  M6X16-ZNNIV SI',2000,5.00,'UNIT_PACKAGE',5),(709,'2023-08-01 15:10:12.321000',NULL,0,'2023-08-02 09:11:58.866000',NULL,'STD90000540','Đinh ốc bản lề cửa',3000,5.00,'UNIT_PACKAGE',5),(710,'2023-08-01 15:10:12.322000',NULL,0,'2023-08-02 09:11:58.866000',NULL,'STD90001186','Đinh ốc bản lề cửa có đệm',11000,5.00,'UNIT_PACKAGE',5),(711,'2023-08-01 15:10:12.322000',NULL,0,'2023-08-02 09:11:58.867000',NULL,'STD99001091','Đinh ốc bắt loa trung tâm',2000,5.00,'UNIT_PACKAGE',5),(712,'2023-08-01 15:10:12.323000',NULL,0,'2023-08-02 09:11:58.867000',NULL,'STD90001158','Đinh ốc chìm',1000,5.00,'UNIT_PACKAGE',5),(713,'2023-08-01 15:10:12.323000',NULL,0,'2023-08-02 09:11:58.868000',NULL,'STD90001316','Đinh ốc cố định camera quan sát phía sau',17000,5.00,'UNIT_PACKAGE',5),(714,'2023-08-01 15:10:12.324000',NULL,0,'2023-08-02 09:11:58.868000',NULL,'STD99000002','Đinh ốc cố định cụm thanh gạt mở khóa hàng ghế sau',2000,5.00,'UNIT_PACKAGE',5),(715,'2023-08-01 15:10:12.324000',NULL,0,'2023-08-02 09:11:58.868000',NULL,'STD90001020','Đinh ốc cố định ghế và sàn xe',6000,5.00,'UNIT_PACKAGE',5),(716,'2023-08-01 15:10:12.325000',NULL,0,'2023-08-02 09:11:58.869000',NULL,'STD90001107','Đinh ốc cố định giá đỡ bộ điều khiển SESAM',4000,5.00,'UNIT_PACKAGE',5),(717,'2023-08-01 15:10:12.329000',NULL,0,'2023-08-02 09:11:58.869000',NULL,'STD90000605','Đinh ốc cố định gương',3000,5.00,'UNIT_PACKAGE',5),(718,'2023-08-01 15:10:12.331000',NULL,0,'2023-08-02 09:11:58.869000',NULL,'STD90000593','Đinh ốc cố định lưới tản nhiệt',10000,5.00,'UNIT_PACKAGE',5),(719,'2023-08-01 15:10:12.331000',NULL,0,'2023-08-02 09:11:58.869000',NULL,'STD90000994','Đinh ốc cố định tai đỡ',4000,5.00,'UNIT_PACKAGE',5),(720,'2023-08-01 15:10:12.332000',NULL,0,'2023-08-02 09:11:58.870000',NULL,'STD90000422','Đinh ốc cố định tấm nối',2000,5.00,'UNIT_PACKAGE',5),(721,'2023-08-01 15:10:12.333000',NULL,0,'2023-08-02 09:11:58.870000',NULL,'STD90000513','Đinh ốc cố định thanh đỡ cản trước, phía dưới',4000,5.00,'UNIT_PACKAGE',5),(722,'2023-08-01 15:10:12.334000',NULL,0,'2023-08-02 09:11:58.872000',NULL,'STD90001078','Đinh ốc cố định thanh nẹp ắc quy',9000,5.00,'UNIT_PACKAGE',5),(723,'2023-08-01 15:10:12.334000',NULL,0,'2023-08-02 09:11:58.874000',NULL,'STD90000960','Đinh ốc có gioăng',4000,5.00,'UNIT_PACKAGE',5),(724,'2023-08-01 15:10:12.335000',NULL,0,'2023-08-02 09:11:58.874000',NULL,'STD90000507','Đinh ốc đầu oval',6000,5.00,'UNIT_PACKAGE',5),(725,'2023-08-01 15:10:12.335000',NULL,0,'2023-08-02 09:11:58.875000',NULL,'STD90001007','Đinh ốc kèm vòng đệm',7000,5.00,'UNIT_PACKAGE',5),(726,'2023-08-01 15:10:12.336000',NULL,0,'2023-08-02 09:11:58.875000',NULL,'STD90000541','Đinh ốc lắp bản lề lắp capo',4000,5.00,'UNIT_PACKAGE',5),(727,'2023-08-01 15:10:12.336000',NULL,0,'2023-08-02 09:11:58.875000',NULL,'STD90000244','Đinh ốc M6x13',7000,5.00,'UNIT_PACKAGE',5),(728,'2023-08-01 15:10:12.337000',NULL,0,'2023-08-02 09:11:58.875000',NULL,'STD99000042','Đinh ốc M6x14',2000,5.00,'UNIT_PACKAGE',5),(729,'2023-08-01 15:10:12.337000',NULL,0,'2023-08-02 09:11:58.876000',NULL,'STD99000056','Đinh ốc M6x16',2000,5.00,'UNIT_PACKAGE',5),(730,'2023-08-01 15:10:12.338000',NULL,0,'2023-08-02 09:11:58.876000',NULL,'STD99000113','Đinh ốc M6x25',4000,5.00,'UNIT_PACKAGE',5),(731,'2023-08-01 15:10:12.338000',NULL,0,'2023-08-02 09:11:58.877000',NULL,'STD90000879','Đinh ốc M6x35',3000,5.00,'UNIT_PACKAGE',5),(732,'2023-08-01 15:10:12.339000',NULL,0,'2023-08-02 09:11:58.877000',NULL,'STD90000850','Đinh ốc M6X52-8.8',4000,5.00,'UNIT_PACKAGE',5),(733,'2023-08-01 15:10:12.339000',NULL,0,'2023-08-02 09:11:58.877000',NULL,'STD90000601','Đinh ốc M8x75',8000,5.00,'UNIT_PACKAGE',5),(734,'2023-08-01 15:10:12.339000',NULL,0,'2023-08-02 09:11:58.877000',NULL,'STD90000456','Đinh ốc móc khóa',2000,5.00,'UNIT_PACKAGE',5),(735,'2023-08-01 15:10:12.340000',NULL,0,'2023-08-02 09:11:58.878000',NULL,'STD90000979','Đinh ốc nhựa',4000,5.00,'UNIT_PACKAGE',5),(736,'2023-08-01 15:10:12.340000',NULL,0,'2023-08-02 09:11:58.878000',NULL,'STD90000896','Đinh ốc nở',2000,5.00,'UNIT_PACKAGE',5),(737,'2023-08-01 15:10:12.341000',NULL,0,'2023-08-02 09:11:58.878000',NULL,'STD90001030','Đinh ốc tự xiết',12000,5.00,'UNIT_PACKAGE',5),(738,'2023-08-01 15:10:12.341000',NULL,0,'2023-08-02 09:11:58.879000',NULL,'STD90000116','Đinh tán',1000,5.00,'UNIT_PACKAGE',5),(739,'2023-08-01 15:10:12.342000',NULL,0,'2023-08-02 09:11:58.879000',NULL,'STD90000559','Đinh tán',4000,5.00,'UNIT_PACKAGE',5),(740,'2023-08-01 15:10:12.346000',NULL,0,'2023-08-02 09:11:58.879000',NULL,'STD90001029','Đinh tán',3000,5.00,'UNIT_PACKAGE',5),(741,'2023-08-01 15:10:12.347000',NULL,0,'2023-08-02 09:11:58.879000',NULL,'STD90000214','Đinh tán chìm',5000,5.00,'UNIT_PACKAGE',5),(742,'2023-08-01 15:10:12.347000',NULL,0,'2023-08-02 09:11:58.880000',NULL,'STD90000331','Đinh tán chìm',2000,5.00,'UNIT_PACKAGE',5),(743,'2023-08-01 15:10:12.348000',NULL,0,'2023-08-02 09:11:58.880000',NULL,'STD90000362','Đinh tán chìm',10000,5.00,'UNIT_PACKAGE',5),(744,'2023-08-01 15:10:12.349000',NULL,0,'2023-08-02 09:11:58.880000',NULL,'STD90000412','Đinh tán chìm',24000,5.00,'UNIT_PACKAGE',5),(745,'2023-08-01 15:10:12.349000',NULL,0,'2023-08-02 09:11:58.881000',NULL,'STD90000983','Đinh tán chìm',11000,5.00,'UNIT_PACKAGE',5),(746,'2023-08-01 15:10:12.350000',NULL,0,'2023-08-02 09:11:58.881000',NULL,'STD90000996','Đinh tán chìm',5000,5.00,'UNIT_PACKAGE',5),(747,'2023-08-01 15:10:12.351000',NULL,0,'2023-08-02 09:11:58.881000',NULL,'STD90001093','Đinh tán chìm',1000,5.00,'UNIT_PACKAGE',5),(748,'2023-08-01 15:10:12.351000',NULL,0,'2023-08-02 09:11:58.882000',NULL,'STD90001327','Đinh tán chìm',3000,5.00,'UNIT_PACKAGE',5),(749,'2023-08-01 15:10:12.352000',NULL,0,'2023-08-02 09:11:58.882000',NULL,'STD90000118','Đinh tán nở',1000,5.00,'UNIT_PACKAGE',5),(750,'2023-08-01 15:10:12.352000',NULL,0,'2023-08-02 09:11:58.882000',NULL,'STD90000402','Đinh tán nở',8000,5.00,'UNIT_PACKAGE',5),(751,'2023-08-01 15:10:12.353000',NULL,0,'2023-08-02 09:11:58.883000',NULL,'STD90000898','Đinh tán nở',1000,5.00,'UNIT_PACKAGE',5),(752,'2023-08-01 15:10:12.353000',NULL,0,'2023-08-02 09:11:58.883000',NULL,'STD90000922','Đinh tán nở',3000,5.00,'UNIT_PACKAGE',5),(753,'2023-08-01 15:10:12.353000',NULL,0,'2023-08-02 09:11:58.883000',NULL,'STD90001249','Đinh vít',1000,5.00,'UNIT_PACKAGE',5),(754,'2023-08-01 15:10:12.354000',NULL,0,'2023-08-02 09:11:58.884000',NULL,'STD90000458','Đinh vít',2000,5.00,'UNIT_PACKAGE',5),(755,'2023-08-01 15:10:12.354000',NULL,0,'2023-08-02 09:11:58.884000',NULL,'STD90001002','Đinh vít cố định cản trước',2000,5.00,'UNIT_PACKAGE',5),(756,'2023-08-01 15:10:12.355000',NULL,0,'2023-08-02 09:11:58.884000',NULL,'STD90000980','Đinh vít dẻo',9000,5.00,'UNIT_PACKAGE',5),(757,'2023-08-01 15:10:12.357000',NULL,0,'2023-08-02 09:11:58.885000',NULL,'STD90000339','Đinh vít lắp biển số',2000,5.00,'UNIT_PACKAGE',5),(758,'2023-08-01 15:10:12.358000',NULL,0,'2023-08-02 09:11:58.885000',NULL,'STD90000426','Đinh vít nhựa',3000,5.00,'UNIT_PACKAGE',5),(759,'2023-08-01 15:10:12.358000',NULL,0,'2023-08-02 09:11:58.885000',NULL,'STD90000963','Đinh vít nhựa',2000,5.00,'UNIT_PACKAGE',5),(760,'2023-08-01 15:10:12.362000',NULL,0,'2023-08-02 09:11:58.885000',NULL,'STD90000113','Đinh vít nở',1000,5.00,'UNIT_PACKAGE',5),(761,'2023-08-01 15:10:12.363000',NULL,0,'2023-08-02 09:11:58.886000',NULL,'STD90000995','Đinh vít tự xiết',6000,5.00,'UNIT_PACKAGE',5),(762,'2023-08-01 15:10:12.364000',NULL,1,'2023-08-14 14:55:36.993000',NULL,'BIN10004169','Đoạn ống dȁn khí bên phải',87000,5.00,'UNIT_PACKAGE',1),(763,'2023-08-01 15:10:12.365000',NULL,1,'2023-08-15 08:58:49.281000',NULL,'BIN10004278','Đoạn ống dȁn khí bên phải phía sau',51000,5.00,'UNIT_PACKAGE',1),(764,'2023-08-01 15:10:12.366000',NULL,1,'2023-08-15 09:00:17.285000',NULL,'BIN10004276','Đoạn ống dȁn khí bên phải phía trước',205000,5.00,'UNIT_PACKAGE',1),(765,'2023-08-01 15:10:12.367000',NULL,1,'2023-08-15 09:00:21.657000',NULL,'BIN10004168','Đoạn ống dȁn khí bên trái',87000,5.00,'UNIT_PACKAGE',1),(766,'2023-08-01 15:10:12.367000',NULL,1,'2023-08-15 09:00:25.086000',NULL,'BIN10004277','Đoạn ống dȁn khí bên trái phía sau',51000,5.00,'UNIT_PACKAGE',1),(767,'2023-08-01 15:10:12.368000',NULL,1,'2023-08-15 09:00:26.780000',NULL,'BIN10004275','Đoạn ống dȁn khí bên trái phía trước',205000,5.00,'UNIT_PACKAGE',1),(768,'2023-08-01 15:10:12.369000',NULL,1,'2023-08-15 09:00:54.419000',NULL,'CHS10002275','Đòn treo giá đỡ động cơ, bên phải',401000,5.00,'UNIT_PACKAGE',1),(769,'2023-08-01 15:10:12.370000',NULL,1,'2023-08-15 10:24:48.971000',NULL,'CHS10002459','Đòn treo giá đỡ động cơ, bên trái',644000,5.00,'UNIT_PACKAGE',1),(770,'2023-08-01 15:10:12.371000',NULL,1,'2023-08-15 16:01:58.620000',NULL,'CHS10002512','Đòn treo thanh cân bằng bên phải',241000,5.00,'UNIT_PACKAGE',1),(771,'2023-08-01 15:10:12.372000',NULL,1,'2023-08-15 16:02:04.476000',NULL,'CHS10002511','Đòn treo thanh cân bằng bên trái',241000,5.00,'UNIT_PACKAGE',1),(772,'2023-08-01 15:10:12.373000',NULL,1,'2023-08-15 14:17:56.329000',NULL,'INP00000384','Động cơ',231727000,5.00,'UNIT_PACKAGE',1),(773,'2023-08-01 15:10:12.373000',NULL,1,'2023-08-15 16:02:21.860000',NULL,'CHS10002784','Đường cao áp',5378000,5.00,'UNIT_PACKAGE',1),(774,'2023-08-01 15:10:12.374000',NULL,1,'2023-08-15 16:02:55.194000',NULL,'PWT10002882','Đường dầu',1052000,5.00,'UNIT_PACKAGE',1),(775,'2023-08-01 15:10:12.374000',NULL,1,'2023-08-15 14:29:01.566000',NULL,'ENG10005916','Đường dầu hồi',262000,5.00,'UNIT_PACKAGE',1),(776,'2023-08-01 15:10:12.375000',NULL,0,'2023-08-02 09:11:58.894000',NULL,'ENG10005915','Đường dầu vào',257000,5.00,'UNIT_PACKAGE',1),(777,'2023-08-01 15:10:12.376000',NULL,0,'2023-08-02 09:11:58.894000',NULL,'CHS10002315','Đường ống',98000,5.00,'UNIT_PACKAGE',1),(778,'2023-08-01 15:10:12.379000',NULL,0,'2023-08-02 09:11:58.895000',NULL,'CHS10002316','Đường ống',204000,5.00,'UNIT_PACKAGE',1),(779,'2023-08-01 15:10:12.379000',NULL,0,'2023-08-02 09:11:58.895000',NULL,'CHS10002319','Đường ống',251000,5.00,'UNIT_PACKAGE',1),(780,'2023-08-01 15:10:12.380000',NULL,0,'2023-08-02 09:11:58.896000',NULL,'ENG10005984','Đường ống cao áp',196000,5.00,'UNIT_PACKAGE',1),(781,'2023-08-01 15:10:12.380000',NULL,0,'2023-08-02 09:11:58.896000',NULL,'ENG10005979','Đường ống cấp',164000,5.00,'UNIT_PACKAGE',1),(782,'2023-08-01 15:10:12.381000',NULL,0,'2023-08-02 09:11:58.897000',NULL,'CHS10002529','Đường ống cấp xăng',1522000,5.00,'UNIT_PACKAGE',1),(783,'2023-08-01 15:10:12.382000',NULL,0,'2023-08-02 09:11:58.897000',NULL,'PWT10003233','Đường ống dȁn dầu',972000,5.00,'UNIT_PACKAGE',1),(784,'2023-08-01 15:10:12.382000',NULL,0,'2023-08-02 09:11:58.898000',NULL,'BIN10003981','Đường ống dȁn gió, phía sau',255000,5.00,'UNIT_PACKAGE',1),(785,'2023-08-01 15:10:12.383000',NULL,0,'2023-08-02 09:11:58.898000',NULL,'BIN10003947','Đường ống dȁn gió, phía trước',463000,5.00,'UNIT_PACKAGE',1),(786,'2023-08-01 15:10:12.383000',NULL,0,'2023-08-02 09:11:58.898000',NULL,'PWT10002840','Đường ống dȁn hướng',501000,5.00,'UNIT_PACKAGE',1),(787,'2023-08-01 15:10:12.383000',NULL,0,'2023-08-02 09:11:58.899000',NULL,'PWT10002890','Đường ống dȁn nước làm mát',197000,5.00,'UNIT_PACKAGE',1),(788,'2023-08-01 15:10:12.384000',NULL,0,'2023-08-02 09:11:58.899000',NULL,'PWT10002891','Đường ống dȁn nước làm mát',187000,5.00,'UNIT_PACKAGE',1),(789,'2023-08-01 15:10:12.384000',NULL,0,'2023-08-02 09:11:58.899000',NULL,'PWT10002842','Đường ống dȁn nước làm mát',374000,5.00,'UNIT_PACKAGE',1),(790,'2023-08-01 15:10:12.385000',NULL,0,'2023-08-02 09:11:58.900000',NULL,'PWT10002894','Đường ống dȁn nước làm mát',122000,5.00,'UNIT_PACKAGE',1),(791,'2023-08-01 15:10:12.385000',NULL,0,'2023-08-02 09:11:58.900000',NULL,'PWT10002892','Đường ống dȁn nước làm mát',293000,5.00,'UNIT_PACKAGE',1),(792,'2023-08-01 15:10:12.386000',NULL,0,'2023-08-02 09:11:58.901000',NULL,'PWT10002893','Đường ống dȁn nước làm mát',479000,5.00,'UNIT_PACKAGE',1),(793,'2023-08-01 15:10:12.386000',NULL,0,'2023-08-02 09:11:58.901000',NULL,'CHS10002792','Đường ống dầu cao áp',4055000,5.00,'UNIT_PACKAGE',1),(794,'2023-08-01 15:10:12.386000',NULL,0,'2023-08-02 09:11:58.901000',NULL,'CHS10002307','Đường ống dầu phanh phía sau từ Bầu phanh đến Bơm ESP',285000,5.00,'UNIT_PACKAGE',1),(795,'2023-08-01 15:10:12.387000',NULL,0,'2023-08-02 09:11:58.902000',NULL,'CHS10002313','Đường ống dầu phanh phía sau từ Bầu phanh đến Bơm ESP',212000,5.00,'UNIT_PACKAGE',1),(796,'2023-08-01 15:10:12.387000',NULL,0,'2023-08-02 09:11:58.902000',NULL,'CHS10002325','Đường ống dầu phanh phía sau từ Bầu phanh đến Bơm ESP',84000,5.00,'UNIT_PACKAGE',1),(797,'2023-08-01 15:10:12.388000',NULL,0,'2023-08-02 09:11:58.902000',NULL,'CHS10002308','Đường ống dầu phanh phía trước từ Bầu phanh đến Bơm\nESP',299000,5.00,'UNIT_PACKAGE',1),(798,'2023-08-01 15:10:12.388000',NULL,0,'2023-08-02 09:11:58.903000',NULL,'CHS10002314','Đường ống dầu phanh phía trước từ Bầu phanh đến Bơm\nESP',209000,5.00,'UNIT_PACKAGE',1),(799,'2023-08-01 15:10:12.388000',NULL,0,'2023-08-02 09:11:58.903000',NULL,'CHS10002324','Đường ống dầu phanh phía trước từ Bầu phanh đến Bơm\nESP',79000,5.00,'UNIT_PACKAGE',1),(800,'2023-08-01 15:10:12.389000',NULL,0,'2023-08-02 09:11:58.904000',NULL,'CHS10002312','Đường ống dầu phanh sau phải',207000,5.00,'UNIT_PACKAGE',1),(801,'2023-08-01 15:10:12.389000',NULL,0,'2023-08-02 09:11:58.907000',NULL,'CHS10002310','Đường ống dầu phanh sau trái',214000,5.00,'UNIT_PACKAGE',1),(802,'2023-08-01 15:10:12.390000',NULL,0,'2023-08-02 09:11:58.908000',NULL,'CHS10002317','Đường ống dầu phanh từ bơm đến cơ cầu phanh trước\nphải',107000,5.00,'UNIT_PACKAGE',1),(803,'2023-08-01 15:10:12.390000',NULL,0,'2023-08-02 09:11:58.909000',NULL,'CHS10002311','Đường ống dầu phanh từ bơm đến cơ cầu phanh trước\nphải',52000,5.00,'UNIT_PACKAGE',1),(804,'2023-08-01 15:10:12.391000',NULL,0,'2023-08-02 09:11:58.909000',NULL,'CHS10002528','Đường ống dầu phanh từ bơm đến cơ cầu phanh trước trái',203000,5.00,'UNIT_PACKAGE',1),(805,'2023-08-01 15:10:12.391000',NULL,0,'2023-08-02 09:11:58.910000',NULL,'CHS10002309','Đường ống dầu phanh từ bơm đến cơ cầu phanh trước trái',137000,5.00,'UNIT_PACKAGE',1),(806,'2023-08-01 15:10:12.391000',NULL,0,'2023-08-02 09:11:58.911000',NULL,'CHS10002793','Đường ống dầu thấp áp',2355000,5.00,'UNIT_PACKAGE',1),(807,'2023-08-01 15:10:12.392000',NULL,0,'2023-08-02 09:11:58.912000',NULL,'PWT10002929','Đường ống ga ra van tiết lưu',385000,5.00,'UNIT_PACKAGE',1),(808,'2023-08-01 15:10:12.395000',NULL,0,'2023-08-02 09:11:58.912000',NULL,'PWT10002897','Đường ống ga từ giàn nóng vào van tiết lưu',737000,5.00,'UNIT_PACKAGE',1),(809,'2023-08-01 15:10:12.396000',NULL,0,'2023-08-02 09:11:58.913000',NULL,'PWT10002899','Đường ống ga từ máy nén vào giàn nóng',430000,5.00,'UNIT_PACKAGE',1),(810,'2023-08-01 15:10:12.396000',NULL,0,'2023-08-02 09:11:58.913000',NULL,'PWT10002931','Đường ống ga vào máy nén',463000,5.00,'UNIT_PACKAGE',1),(811,'2023-08-01 15:10:12.397000',NULL,0,'2023-08-02 09:11:58.913000',NULL,'PWT10002938','Đường ống gió vào',126000,5.00,'UNIT_PACKAGE',1),(812,'2023-08-01 15:10:12.398000',NULL,0,'2023-08-02 09:11:58.914000',NULL,'PWT10002939','Đường ống gió vào',622000,5.00,'UNIT_PACKAGE',1),(813,'2023-08-01 15:10:12.398000',NULL,0,'2023-08-02 09:11:58.914000',NULL,'PWT10002937','Đường ống gió vào 2',139000,5.00,'UNIT_PACKAGE',1),(814,'2023-08-01 15:10:12.398000',NULL,0,'2023-08-02 09:11:58.914000',NULL,'ENG10005922','Đường ống hồi',374000,5.00,'UNIT_PACKAGE',1),(815,'2023-08-01 15:10:12.399000',NULL,0,'2023-08-02 09:11:58.915000',NULL,'CHS10002783','Đường ống hồi',2543000,5.00,'UNIT_PACKAGE',1),(816,'2023-08-01 15:10:12.399000',NULL,0,'2023-08-02 09:11:58.915000',NULL,'CHS10006815','Đường ống hút',1790000,5.00,'UNIT_PACKAGE',1),(817,'2023-08-01 15:10:12.399000',NULL,0,'2023-08-02 09:11:58.916000',NULL,'CHS10002766','Đường ống hút',718000,5.00,'UNIT_PACKAGE',1),(818,'2023-08-01 15:10:12.400000',NULL,0,'2023-08-02 09:11:58.916000',NULL,'CHS10007688','Đường ống khí nén bên phải',197000,5.00,'UNIT_PACKAGE',1),(819,'2023-08-01 15:10:12.400000',NULL,0,'2023-08-02 09:11:58.916000',NULL,'CHS10007687','Đường ống khí nén bên trái',197000,5.00,'UNIT_PACKAGE',1),(820,'2023-08-01 15:10:12.401000',NULL,0,'2023-08-02 09:11:58.917000',NULL,'PWT10002833','Đường ống nhiệt độ cao',945000,5.00,'UNIT_PACKAGE',1),(821,'2023-08-01 15:10:12.401000',NULL,0,'2023-08-02 09:11:58.917000',NULL,'PWT10002839','Đường ống nhiệt độ cao',664000,5.00,'UNIT_PACKAGE',1),(822,'2023-08-01 15:10:12.401000',NULL,0,'2023-08-02 09:11:58.917000',NULL,'PWT10002838','Đường ống nhiệt độ thấp',1292000,5.00,'UNIT_PACKAGE',1),(823,'2023-08-01 15:10:12.402000',NULL,0,'2023-08-02 09:11:58.918000',NULL,'PWT10002837','Đường ống nhiệt độ thấp',1715000,5.00,'UNIT_PACKAGE',1),(824,'2023-08-01 15:10:12.402000',NULL,0,'2023-08-02 09:11:58.918000',NULL,'PWT10003194','Đường ống nước số 1',158000,5.00,'UNIT_PACKAGE',1),(825,'2023-08-01 15:10:12.402000',NULL,0,'2023-08-02 09:11:58.918000',NULL,'PWT10003195','Đường ống nước số 2',188000,5.00,'UNIT_PACKAGE',1),(826,'2023-08-01 15:10:12.403000',NULL,0,'2023-08-02 09:11:58.919000',NULL,'PWT10002844','Đường ống nước số 3',171000,5.00,'UNIT_PACKAGE',1),(827,'2023-08-01 15:10:12.403000',NULL,0,'2023-08-02 09:11:58.919000',NULL,'PWT10003198','Đường ống nước số 4',91000,5.00,'UNIT_PACKAGE',1),(828,'2023-08-01 15:10:12.403000',NULL,0,'2023-08-02 09:11:58.919000',NULL,'BEX10003371','Đường ống phía dưới',71000,5.00,'UNIT_PACKAGE',1),(829,'2023-08-01 15:10:12.403000',NULL,0,'2023-08-02 09:11:58.919000',NULL,'BEX10003271','Đường ống phía trên',64000,5.00,'UNIT_PACKAGE',1),(830,'2023-08-01 15:10:12.404000',NULL,0,'2023-08-02 09:11:58.920000',NULL,'BEX10003340','Đường ống phía trên',79000,5.00,'UNIT_PACKAGE',1),(831,'2023-08-01 15:10:12.405000',NULL,0,'2023-08-02 09:11:58.921000',NULL,'CHS10002343','Đường ống thông hơi xăng số 2',1155000,5.00,'UNIT_PACKAGE',1),(832,'2023-08-01 15:10:12.405000',NULL,0,'2023-08-02 09:11:58.924000',NULL,'CHS10002344','Đường ống thông hơi xăng số 3',211000,5.00,'UNIT_PACKAGE',1),(833,'2023-08-01 15:10:12.405000',NULL,0,'2023-08-02 09:11:58.924000',NULL,'ENG10005923','Đường ống vào',231000,5.00,'UNIT_PACKAGE',1),(834,'2023-08-01 15:10:12.406000',NULL,0,'2023-08-02 09:11:58.925000',NULL,'CHS10002253','Đường ống xăng số 2',436000,5.00,'UNIT_PACKAGE',1),(835,'2023-08-01 15:10:12.406000',NULL,0,'2023-08-02 09:11:58.926000',NULL,'CHS10002254','Đường ống xăng số 3',95000,5.00,'UNIT_PACKAGE',1),(836,'2023-08-01 15:10:12.407000',NULL,0,'2023-08-02 09:11:58.926000',NULL,'CHS10002321','Đường ống, bên phải',64000,5.00,'UNIT_PACKAGE',1),(837,'2023-08-01 15:10:12.408000',NULL,0,'2023-08-02 09:11:58.926000',NULL,'CHS10002320','Đường ống, bên trái',59000,5.00,'UNIT_PACKAGE',1),(838,'2023-08-01 15:10:12.409000',NULL,0,'2023-08-02 09:11:58.927000',NULL,'EEP10005589','ECU khóa điều khiển thông minh',1352000,5.00,'UNIT_PACKAGE',4),(839,'2023-08-01 15:10:12.412000',NULL,0,'2023-08-02 09:11:58.927000',NULL,'SVC10001216','Gáo gương, phải',302000,5.00,'UNIT_PACKAGE',3),(840,'2023-08-01 15:10:12.413000',NULL,0,'2023-08-02 09:11:58.928000',NULL,'SVC10001215','Gáo gương, trái',302000,5.00,'UNIT_PACKAGE',3),(841,'2023-08-01 15:10:12.414000',NULL,0,'2023-08-02 09:11:58.928000',NULL,'ENG10005996','Giá',46000,5.00,'UNIT_PACKAGE',3),(842,'2023-08-01 15:10:12.414000',NULL,0,'2023-08-02 09:11:58.929000',NULL,'ENG10005929','Giá',182000,5.00,'UNIT_PACKAGE',3),(843,'2023-08-01 15:10:12.414000',NULL,0,'2023-08-02 09:11:58.929000',NULL,'STD90001275','Giá',3000,5.00,'UNIT_PACKAGE',3),(844,'2023-08-01 15:10:12.415000',NULL,0,'2023-08-02 09:11:58.930000',NULL,'PWT10008742','Giá',9000,5.00,'UNIT_PACKAGE',3),(845,'2023-08-01 15:10:12.416000',NULL,0,'2023-08-02 09:11:58.930000',NULL,'STD90000012','Giá',32000,5.00,'UNIT_PACKAGE',3),(846,'2023-08-01 15:10:12.416000',NULL,0,'2023-08-02 09:11:58.930000',NULL,'STD90000270','Giá',10000,5.00,'UNIT_PACKAGE',3),(847,'2023-08-01 15:10:12.416000',NULL,0,'2023-08-02 09:11:58.931000',NULL,'STD90001260','Giá',8000,5.00,'UNIT_PACKAGE',3),(848,'2023-08-01 15:10:12.417000',NULL,0,'2023-08-02 09:11:58.931000',NULL,'STD90001261','Giá',26000,5.00,'UNIT_PACKAGE',3),(849,'2023-08-01 15:10:12.417000',NULL,0,'2023-08-02 09:11:58.931000',NULL,'STD90001262','Giá',32000,5.00,'UNIT_PACKAGE',3),(850,'2023-08-01 15:10:12.417000',NULL,0,'2023-08-02 09:11:58.932000',NULL,'BEX10008066','Giá bắt chỗ động cơ',76000,5.00,'UNIT_PACKAGE',3),(851,'2023-08-01 15:10:12.418000',NULL,0,'2023-08-02 09:11:58.932000',NULL,'BEX10003600','Giá bắt cố định',34000,5.00,'UNIT_PACKAGE',3),(852,'2023-08-01 15:10:12.418000',NULL,1,'2023-08-15 09:07:22.042000',NULL,'BEX10003261','Giá bắt thanh liên kết',95000,5.00,'UNIT_PACKAGE',3),(853,'2023-08-01 15:10:12.418000',NULL,0,'2023-08-02 09:11:58.933000',NULL,'ENG10005833','Giá bô bin đánh lửa 1-2',439000,5.00,'UNIT_PACKAGE',3),(854,'2023-08-01 15:10:12.419000',NULL,0,'2023-08-02 09:11:58.933000',NULL,'ENG10005834','Giá bô bin đánh lửa 3-4',463000,5.00,'UNIT_PACKAGE',3),(855,'2023-08-01 15:10:12.419000',NULL,0,'2023-08-02 09:11:58.933000',NULL,'PWT10006655','Giá bộ điều khiển',175000,5.00,'UNIT_PACKAGE',3),(856,'2023-08-01 15:10:12.419000',NULL,0,'2023-08-02 09:11:58.934000',NULL,'BIN10004569','Giá để đồ cứu hộ, khoang hành lý',409000,5.00,'UNIT_PACKAGE',3),(857,'2023-08-01 15:10:12.419000',NULL,0,'2023-08-02 09:11:58.934000',NULL,'PWT10002829','Giá đỡ',15000,5.00,'UNIT_PACKAGE',3),(858,'2023-08-01 15:10:12.420000',NULL,0,'2023-08-02 09:11:58.934000',NULL,'ENG10005975','Giá đỡ',70000,5.00,'UNIT_PACKAGE',3),(859,'2023-08-01 15:10:12.420000',NULL,0,'2023-08-02 09:11:58.935000',NULL,'STD90000174','Giá đỡ',2000,5.00,'UNIT_PACKAGE',3),(860,'2023-08-01 15:10:12.421000',NULL,0,'2023-08-02 09:11:58.935000',NULL,'BIN10003993','Giá đỡ',203000,5.00,'UNIT_PACKAGE',3),(861,'2023-08-01 15:10:12.421000',NULL,0,'2023-08-02 09:11:58.935000',NULL,'PWT10002826','Giá đỡ',32000,5.00,'UNIT_PACKAGE',3),(862,'2023-08-01 15:10:12.422000',NULL,0,'2023-08-02 09:11:58.935000',NULL,'PWT10002827','Giá đỡ',21000,5.00,'UNIT_PACKAGE',3),(863,'2023-08-01 15:10:12.422000',NULL,0,'2023-08-02 09:11:58.936000',NULL,'PWT10008837','Giá đỡ',120000,5.00,'UNIT_PACKAGE',3),(864,'2023-08-01 15:10:12.422000',NULL,0,'2023-08-02 09:11:58.936000',NULL,'PWT10002962','Giá đỡ 2',33000,5.00,'UNIT_PACKAGE',3),(865,'2023-08-01 15:10:12.423000',NULL,0,'2023-08-02 09:11:58.936000',NULL,'PWT10002960','Giá đỡ bên phải',144000,5.00,'UNIT_PACKAGE',3),(866,'2023-08-01 15:10:12.423000',NULL,0,'2023-08-02 09:11:58.937000',NULL,'BEX10003512','Giá đỡ bên trái',27000,5.00,'UNIT_PACKAGE',3),(867,'2023-08-01 15:10:12.423000',NULL,0,'2023-08-02 09:11:58.937000',NULL,'BEX10003513','Giá đỡ bên trái',27000,5.00,'UNIT_PACKAGE',3),(868,'2023-08-01 15:10:12.423000',NULL,0,'2023-08-02 09:11:58.940000',NULL,'BEX10003779','Giá đỡ biển số phía trước',111000,5.00,'UNIT_PACKAGE',3),(869,'2023-08-01 15:10:12.423000',NULL,0,'2023-08-02 09:11:58.941000',NULL,'BEX10003780','Giá đỡ biển số phía trước',121000,5.00,'UNIT_PACKAGE',3),(870,'2023-08-01 15:10:12.423000',NULL,0,'2023-08-02 09:11:58.941000',NULL,'CHS10002362','Giá đỡ bình xăng',115000,5.00,'UNIT_PACKAGE',3),(871,'2023-08-01 15:10:12.424000',NULL,0,'2023-08-02 09:11:58.941000',NULL,'CHS10008854','Giá đỡ bộ điều khiển',43000,5.00,'UNIT_PACKAGE',3),(872,'2023-08-01 15:10:12.424000',NULL,0,'2023-08-02 09:11:58.942000',NULL,'PWT10002830','Giá đỡ bộ xúc tác 1',219000,5.00,'UNIT_PACKAGE',3),(873,'2023-08-01 15:10:12.425000',NULL,0,'2023-08-02 09:11:58.942000',NULL,'PWT10002968','Giá đỡ bộ xúc tác 2',201000,5.00,'UNIT_PACKAGE',3),(874,'2023-08-01 15:10:12.427000',NULL,1,'2023-08-15 09:01:32.916000',NULL,'BEX10003251','Giá đỡ cản sau, phía dưới',296000,5.00,'UNIT_PACKAGE',3),(875,'2023-08-01 15:10:12.428000',NULL,0,'2023-08-02 09:11:58.943000',NULL,'BEX10003589','Giá đỡ cản trước',1432000,5.00,'UNIT_PACKAGE',3),(876,'2023-08-01 15:10:12.428000',NULL,0,'2023-08-02 09:11:58.943000',NULL,'CHS10006589','Giá đỡ cao su chân số 1',280000,5.00,'UNIT_PACKAGE',3),(877,'2023-08-01 15:10:12.429000',NULL,0,'2023-08-02 09:11:58.943000',NULL,'CHS10006590','Giá đỡ cao su chân số 2',467000,5.00,'UNIT_PACKAGE',3),(878,'2023-08-01 15:10:12.429000',NULL,0,'2023-08-02 09:11:58.944000',NULL,'CHS10002274','Giá đỡ chân máy bên phải',457000,5.00,'UNIT_PACKAGE',3),(879,'2023-08-01 15:10:12.429000',NULL,0,'2023-08-02 09:11:58.944000',NULL,'CHS10002413','Giá đỡ chân máy bên trái',481000,5.00,'UNIT_PACKAGE',3),(880,'2023-08-01 15:10:12.430000',NULL,0,'2023-08-02 09:11:58.945000',NULL,'CHS10002523','Giá đỡ cơ cấu truyền động',217000,5.00,'UNIT_PACKAGE',3),(881,'2023-08-01 15:10:12.430000',NULL,0,'2023-08-02 09:11:58.945000',NULL,'BEX10009778','Giá đỡ cụm đèn pha bên phải',960000,5.00,'UNIT_PACKAGE',3),(882,'2023-08-01 15:10:12.430000',NULL,0,'2023-08-02 09:11:58.946000',NULL,'BEX10009777','Giá đỡ cụm đèn pha bên trái',942000,5.00,'UNIT_PACKAGE',3),(883,'2023-08-01 15:10:12.431000',NULL,0,'2023-08-02 09:11:58.946000',NULL,'BIN10003965','Giá đỡ cụm táp lô',1825000,5.00,'UNIT_PACKAGE',3),(884,'2023-08-01 15:10:12.431000',NULL,0,'2023-08-02 09:11:58.946000',NULL,'BEX10009720','Giá đỡ đèn trước phải',704000,5.00,'UNIT_PACKAGE',3),(885,'2023-08-01 15:10:12.431000',NULL,0,'2023-08-02 09:11:58.946000',NULL,'BEX10009719','Giá đỡ đèn trước trái',700000,5.00,'UNIT_PACKAGE',3),(886,'2023-08-01 15:10:12.432000',NULL,0,'2023-08-02 09:11:58.947000',NULL,'CHS10002415','Giá đỡ động cơ, bên trái',1054000,5.00,'UNIT_PACKAGE',3),(887,'2023-08-01 15:10:12.432000',NULL,0,'2023-08-02 09:11:58.947000',NULL,'PWT10003182','Giá đỡ đường ống',3000,5.00,'UNIT_PACKAGE',3),(888,'2023-08-01 15:10:12.432000',NULL,0,'2023-08-02 09:11:58.947000',NULL,'PWT10005561','Giá đỡ đường ống dầu',11000,5.00,'UNIT_PACKAGE',3),(889,'2023-08-01 15:10:12.432000',NULL,0,'2023-08-02 09:11:58.947000',NULL,'CHS10002366','Giá đỡ giảm sóc phía trên',319000,5.00,'UNIT_PACKAGE',3),(890,'2023-08-01 15:10:12.433000',NULL,0,'2023-08-02 09:11:58.948000',NULL,'BEX10006474','Giá đỡ lưới tản nhiệt',84000,5.00,'UNIT_PACKAGE',3),(891,'2023-08-01 15:10:12.433000',NULL,0,'2023-08-02 09:11:58.948000',NULL,'BIW10000693','Giá đỡ nắp khóa',35000,5.00,'UNIT_PACKAGE',3),(892,'2023-08-01 15:10:12.433000',NULL,0,'2023-08-02 09:11:58.948000',NULL,'STD90001272','Giá đỡ ống',24000,5.00,'UNIT_PACKAGE',3),(893,'2023-08-01 15:10:12.434000',NULL,0,'2023-08-02 09:11:58.948000',NULL,'BEX10003349','Giá đỡ ống dȁn nước phía dưới',56000,5.00,'UNIT_PACKAGE',3),(894,'2023-08-01 15:10:12.434000',NULL,0,'2023-08-02 09:11:58.949000',NULL,'BEX10003511','Giá đỡ ốp hông xe phải',543000,5.00,'UNIT_PACKAGE',3),(895,'2023-08-01 15:10:12.434000',NULL,0,'2023-08-02 09:11:58.949000',NULL,'BEX10003510','Giá đỡ ốp hông xe trái',543000,5.00,'UNIT_PACKAGE',3),(896,'2023-08-01 15:10:12.435000',NULL,0,'2023-08-02 09:11:58.949000',NULL,'BEX10003448','Giá đỡ tấm ngăn bên trái',44000,5.00,'UNIT_PACKAGE',3),(897,'2023-08-01 15:10:12.435000',NULL,0,'2023-08-02 09:11:58.949000',NULL,'BIN10004325','Giá đỡ tấm ốp, bên trái',105000,5.00,'UNIT_PACKAGE',3),(898,'2023-08-01 15:10:12.436000',NULL,0,'2023-08-02 09:11:58.950000',NULL,'PWT10002825','Giá đỡ trục láp cầu trước phải',3693000,5.00,'UNIT_PACKAGE',3),(899,'2023-08-01 15:10:12.436000',NULL,0,'2023-08-02 09:11:58.950000',NULL,'BEX10003527','Giá đỡ Z phải',45000,5.00,'UNIT_PACKAGE',3),(900,'2023-08-01 15:10:12.437000',NULL,0,'2023-08-02 09:11:58.950000',NULL,'BEX10003526','Giá đỡ Z trái',45000,5.00,'UNIT_PACKAGE',3),(901,'2023-08-01 15:10:12.437000',NULL,0,'2023-08-02 09:11:58.951000',NULL,'BEX10003411','Giá đỡ, Tấm cách nhiệt bình xăng, bên phải',34000,5.00,'UNIT_PACKAGE',3),(902,'2023-08-01 15:10:12.439000',NULL,0,'2023-08-02 09:11:58.951000',NULL,'BEX10003410','Giá đỡ, Tấm cách nhiệt bình xăng, bên trái',34000,5.00,'UNIT_PACKAGE',3),(903,'2023-08-01 15:10:12.439000',NULL,0,'2023-08-02 09:11:58.951000',NULL,'CHS10002504','Giá giữ',2000,5.00,'UNIT_PACKAGE',3),(904,'2023-08-01 15:10:12.439000',NULL,0,'2023-08-02 09:11:58.951000',NULL,'STD90000985','Giá giữ đường ống',19000,5.00,'UNIT_PACKAGE',3),(905,'2023-08-01 15:10:12.440000',NULL,0,'2023-08-02 09:11:58.952000',NULL,'BIN10007976','Giá giữa',307000,5.00,'UNIT_PACKAGE',3),(906,'2023-08-01 15:10:12.440000',NULL,0,'2023-08-02 09:11:58.952000',NULL,'BEX10003399','Giá hấp thụ va đập phải',877000,5.00,'UNIT_PACKAGE',3),(907,'2023-08-01 15:10:12.440000',NULL,0,'2023-08-02 09:11:58.952000',NULL,'BEX10003398','Giá hấp thụ và đập trái',877000,5.00,'UNIT_PACKAGE',3),(908,'2023-08-01 15:10:12.441000',NULL,0,'2023-08-02 09:11:58.952000',NULL,'BIN10004003','Giá lắp',57000,5.00,'UNIT_PACKAGE',3),(909,'2023-08-01 15:10:12.441000',NULL,0,'2023-08-02 09:11:58.953000',NULL,'BIN10003995','Giá lắp 1',96000,5.00,'UNIT_PACKAGE',3),(910,'2023-08-01 15:10:12.444000',NULL,0,'2023-08-02 09:11:58.953000',NULL,'BIN10004355','Giá lắp 2',239000,5.00,'UNIT_PACKAGE',3),(911,'2023-08-01 15:10:12.445000',NULL,0,'2023-08-02 09:11:58.953000',NULL,'BEX10003564','Giá lắp biển số',107000,5.00,'UNIT_PACKAGE',3),(912,'2023-08-01 15:10:12.446000',NULL,0,'2023-08-02 09:11:58.954000',NULL,'BEX10003565','Giá lắp biển số',118000,5.00,'UNIT_PACKAGE',3),(913,'2023-08-01 15:10:12.446000',NULL,0,'2023-08-02 09:11:58.957000',NULL,'BEX10005023','Giá lắp biển số',720000,5.00,'UNIT_PACKAGE',3),(914,'2023-08-01 15:10:12.446000',NULL,0,'2023-08-02 09:11:58.957000',NULL,'BEX10008057','Giá lắp camera',64000,5.00,'UNIT_PACKAGE',3),(915,'2023-08-01 15:10:12.447000',NULL,0,'2023-08-02 09:11:58.958000',NULL,'BEX10007943','Giá lắp đèn cho cụm đèn pha, phải',169000,5.00,'UNIT_PACKAGE',3),(916,'2023-08-01 15:10:12.447000',NULL,0,'2023-08-02 09:11:58.958000',NULL,'BEX10007942','Giá lắp đèn cho cụm đèn pha, trái',134000,5.00,'UNIT_PACKAGE',3),(917,'2023-08-01 15:10:12.448000',NULL,0,'2023-08-02 09:11:58.958000',NULL,'CHS10002365','Giá lắp giảm sóc phía trên',377000,5.00,'UNIT_PACKAGE',3),(918,'2023-08-01 15:10:12.448000',NULL,0,'2023-08-02 09:11:58.959000',NULL,'BIW10000901','Giá lắp khóa cửa',50000,5.00,'UNIT_PACKAGE',3),(919,'2023-08-01 15:10:12.448000',NULL,0,'2023-08-02 09:11:58.959000',NULL,'BEX10003798','Giá lắp nắp che nẹp bánh trước, phải',41000,5.00,'UNIT_PACKAGE',3),(920,'2023-08-01 15:10:12.449000',NULL,0,'2023-08-02 09:11:58.959000',NULL,'BEX10003797','Giá lắp nắp che nẹp bánh trước, trái',41000,5.00,'UNIT_PACKAGE',3),(921,'2023-08-01 15:10:12.449000',NULL,0,'2023-08-02 09:11:58.960000',NULL,'BEX10003287','Giá lắp nẹp bánh xe, sau phải',443000,5.00,'UNIT_PACKAGE',3),(922,'2023-08-01 15:10:12.449000',NULL,0,'2023-08-02 09:11:58.960000',NULL,'BIN10004354','Giá lắp ống dȁn hướng bên phụ',32000,5.00,'UNIT_PACKAGE',3),(923,'2023-08-01 15:10:12.450000',NULL,0,'2023-08-02 09:11:58.961000',NULL,'BIN10004167','Giá lắp ốp cột A dưới, phải',21000,5.00,'UNIT_PACKAGE',3),(924,'2023-08-01 15:10:12.450000',NULL,0,'2023-08-02 09:11:58.962000',NULL,'BIN10004192','Giá lắp ốp khoang hành lý, trên, phải',43000,5.00,'UNIT_PACKAGE',3),(925,'2023-08-01 15:10:12.450000',NULL,0,'2023-08-02 09:11:58.962000',NULL,'BIN10004191','Giá lắp ốp khoang hành lý, trên, trái',43000,5.00,'UNIT_PACKAGE',3),(926,'2023-08-01 15:10:12.451000',NULL,0,'2023-08-02 09:11:58.962000',NULL,'BIN10003992','Giá lắp tay mở nắp ca pô',54000,5.00,'UNIT_PACKAGE',3),(927,'2023-08-01 15:10:12.451000',NULL,0,'2023-08-02 09:11:58.963000',NULL,'BIW10001420','Giá lắp tay nắm cửa, bên phải',144000,5.00,'UNIT_PACKAGE',3),(928,'2023-08-01 15:10:12.452000',NULL,0,'2023-08-02 09:11:58.963000',NULL,'BIW10001419','Giá lắp tay nắm cửa, bên trái',144000,5.00,'UNIT_PACKAGE',3),(929,'2023-08-01 15:10:12.452000',NULL,0,'2023-08-02 09:11:58.963000',NULL,'BIN10003994','Giá lắp tay tựa',407000,5.00,'UNIT_PACKAGE',3),(930,'2023-08-01 15:10:12.452000',NULL,0,'2023-08-02 09:11:58.964000',NULL,'BIN10004188','Giá lắp trụ sau, bên phải',109000,5.00,'UNIT_PACKAGE',3),(931,'2023-08-01 15:10:12.453000',NULL,0,'2023-08-02 09:11:58.964000',NULL,'BIN10004187','Giá lắp trụ sau, bên trái',109000,5.00,'UNIT_PACKAGE',3),(932,'2023-08-01 15:10:12.453000',NULL,0,'2023-08-02 09:11:58.964000',NULL,'BIW10001908','Giá lắp ty đẩy thường, trên, phải',91000,5.00,'UNIT_PACKAGE',3),(933,'2023-08-01 15:10:12.453000',NULL,0,'2023-08-02 09:11:58.965000',NULL,'BIW10001907','Giá lắp ty đẩy thường, trên, trái',91000,5.00,'UNIT_PACKAGE',3),(934,'2023-08-01 15:10:12.454000',NULL,0,'2023-08-02 09:11:58.965000',NULL,'ENG10006008','Giá lắp van',17000,5.00,'UNIT_PACKAGE',3),(935,'2023-08-01 15:10:12.454000',NULL,0,'2023-08-02 09:11:58.965000',NULL,'BIW10001956','Giá loa, phải',53000,5.00,'UNIT_PACKAGE',3),(936,'2023-08-01 15:10:12.454000',NULL,0,'2023-08-02 09:11:58.965000',NULL,'BIW10001958','Giá loa, phải',59000,5.00,'UNIT_PACKAGE',3),(937,'2023-08-01 15:10:12.455000',NULL,0,'2023-08-02 09:11:58.966000',NULL,'BIW10001955','Giá loa, trái',53000,5.00,'UNIT_PACKAGE',3),(938,'2023-08-01 15:10:12.455000',NULL,0,'2023-08-02 09:11:58.966000',NULL,'BIW10001957','Giá loa, trái',59000,5.00,'UNIT_PACKAGE',3),(939,'2023-08-01 15:10:12.455000',NULL,0,'2023-08-02 09:11:58.966000',NULL,'PWT10006653','Giá phía dưới',86000,5.00,'UNIT_PACKAGE',3),(940,'2023-08-01 15:10:12.456000',NULL,0,'2023-08-02 09:11:58.966000',NULL,'BEX10003350','Giá phía dưới',49000,5.00,'UNIT_PACKAGE',3),(941,'2023-08-01 15:10:12.456000',NULL,0,'2023-08-02 09:11:58.967000',NULL,'PWT10003107','Giá phía dưới',27000,5.00,'UNIT_PACKAGE',3),(942,'2023-08-01 15:10:12.456000',NULL,0,'2023-08-02 09:11:58.967000',NULL,'PWT10006654','Giá phía trên',160000,5.00,'UNIT_PACKAGE',3),(943,'2023-08-01 15:10:12.456000',NULL,0,'2023-08-02 09:11:58.967000',NULL,'BEX10003351','Giá phía trên',22000,5.00,'UNIT_PACKAGE',3),(944,'2023-08-01 15:10:12.457000',NULL,0,'2023-08-02 09:11:58.968000',NULL,'BIN10004186','Giá treo bên phải',282000,5.00,'UNIT_PACKAGE',3),(945,'2023-08-01 15:10:12.457000',NULL,0,'2023-08-02 09:11:58.968000',NULL,'BIN10004161','Giá treo bên trái',282000,5.00,'UNIT_PACKAGE',3),(946,'2023-08-01 15:10:12.457000',NULL,0,'2023-08-02 09:11:58.968000',NULL,'ENG10005927','Giá Turbo',187000,5.00,'UNIT_PACKAGE',3),(947,'2023-08-01 15:10:12.458000',NULL,0,'2023-08-02 09:11:58.968000',NULL,'BIW10001502','Giá, phải',141000,5.00,'UNIT_PACKAGE',3),(948,'2023-08-01 15:10:12.460000',NULL,0,'2023-08-02 09:11:58.969000',NULL,'BIW10001501','Giá, trái',141000,5.00,'UNIT_PACKAGE',3),(949,'2023-08-01 15:10:12.461000',NULL,0,'2023-08-02 09:11:58.969000',NULL,'BIW10000853','Giảm âm',311000,5.00,'UNIT_PACKAGE',3),(950,'2023-08-01 15:10:12.461000',NULL,0,'2023-08-02 09:11:58.969000',NULL,'BEX10003579','Giảm rung trước',227000,5.00,'UNIT_PACKAGE',3),(951,'2023-08-01 15:10:12.462000',NULL,0,'2023-08-02 09:11:58.969000',NULL,'CHS10002289','Giảm sóc phải',1729000,5.00,'UNIT_PACKAGE',3),(952,'2023-08-01 15:10:12.462000',NULL,0,'2023-08-02 09:11:58.970000',NULL,'CHS10002593','Giảm sóc sau',978000,5.00,'UNIT_PACKAGE',3),(953,'2023-08-01 15:10:12.462000',NULL,0,'2023-08-02 09:11:58.970000',NULL,'CHS10002288','Giảm sóc trái',1729000,5.00,'UNIT_PACKAGE',3),(954,'2023-08-01 15:10:12.463000',NULL,0,'2023-08-02 09:11:58.973000',NULL,'CHS10002291','Giảm xóc trước phải',1084000,5.00,'UNIT_PACKAGE',3),(955,'2023-08-01 15:10:12.463000',NULL,0,'2023-08-02 09:11:58.974000',NULL,'CHS10002290','Giảm xóc trước trái',1084000,5.00,'UNIT_PACKAGE',3),(956,'2023-08-01 15:10:12.463000',NULL,0,'2023-08-02 09:11:58.974000',NULL,'SVC10008781','Giàn lạnh',1074000,5.00,'UNIT_PACKAGE',3),(957,'2023-08-01 15:10:12.464000',NULL,0,'2023-08-02 09:11:58.975000',NULL,'SVC10002847','Giàn ngưng',3054000,5.00,'UNIT_PACKAGE',3),(958,'2023-08-01 15:10:12.464000',NULL,0,'2023-08-02 09:11:58.975000',NULL,'BEX10003669','Gioăng',60000,5.00,'UNIT_PACKAGE',3),(959,'2023-08-01 15:10:12.464000',NULL,0,'2023-08-02 09:11:58.976000',NULL,'ENG10005836','Gioăng',174000,5.00,'UNIT_PACKAGE',3),(960,'2023-08-01 15:10:12.464000',NULL,0,'2023-08-02 09:11:58.976000',NULL,'BIW10001409','Gioăng ca pô bên',52000,5.00,'UNIT_PACKAGE',3),(961,'2023-08-01 15:10:12.465000',NULL,0,'2023-08-02 09:11:58.977000',NULL,'BIW10001636','Gioăng ca pô phía sau',115000,5.00,'UNIT_PACKAGE',3),(962,'2023-08-01 15:10:12.465000',NULL,0,'2023-08-02 09:11:58.978000',NULL,'BIW10000820','Gioăng ca pô phía trước',138000,5.00,'UNIT_PACKAGE',3),(963,'2023-08-01 15:10:12.465000',NULL,0,'2023-08-02 09:11:58.978000',NULL,'BIW10001746','Gioăng cao su, cửa sau phải',433000,5.00,'UNIT_PACKAGE',3),(964,'2023-08-01 15:10:12.466000',NULL,0,'2023-08-02 09:11:58.978000',NULL,'BIW10001745','Gioăng cao su, cửa sau trái',433000,5.00,'UNIT_PACKAGE',3),(965,'2023-08-01 15:10:12.466000',NULL,0,'2023-08-02 09:11:58.978000',NULL,'BIW10001742','Gioăng cao su, cửa trước phải',494000,5.00,'UNIT_PACKAGE',3),(966,'2023-08-01 15:10:12.466000',NULL,0,'2023-08-02 09:11:58.979000',NULL,'BIW10001741','Gioăng cao su, cửa trước trái',494000,5.00,'UNIT_PACKAGE',3),(967,'2023-08-01 15:10:12.467000',NULL,0,'2023-08-02 09:11:58.980000',NULL,'BIW10001909','Gioăng cốp sau',419000,5.00,'UNIT_PACKAGE',3),(968,'2023-08-01 15:10:12.467000',NULL,0,'2023-08-02 09:11:58.980000',NULL,'BIW10000793','Gioăng cửa',224000,5.00,'UNIT_PACKAGE',3),(969,'2023-08-01 15:10:12.468000',NULL,0,'2023-08-02 09:11:58.980000',NULL,'BIW10000795','Gioăng cửa',225000,5.00,'UNIT_PACKAGE',3),(970,'2023-08-01 15:10:12.468000',NULL,0,'2023-08-02 09:11:58.981000',NULL,'BIW10000814','Gioăng cửa phía dưới, sau, phải',401000,5.00,'UNIT_PACKAGE',3),(971,'2023-08-01 15:10:12.468000',NULL,0,'2023-08-02 09:11:58.981000',NULL,'BIW10000813','Gioăng cửa phía dưới, sau, trái',401000,5.00,'UNIT_PACKAGE',3),(972,'2023-08-01 15:10:12.469000',NULL,0,'2023-08-02 09:11:58.981000',NULL,'BIW10000812','Gioăng cửa phía dưới, trước, phải',205000,5.00,'UNIT_PACKAGE',3),(973,'2023-08-01 15:10:12.469000',NULL,0,'2023-08-02 09:11:58.982000',NULL,'BIW10000811','Gioăng cửa phía dưới, trước, trái',205000,5.00,'UNIT_PACKAGE',3),(974,'2023-08-01 15:10:12.469000',NULL,0,'2023-08-02 09:11:58.982000',NULL,'BIW10000792','Gioăng cửa trước',215000,5.00,'UNIT_PACKAGE',3),(975,'2023-08-01 15:10:12.469000',NULL,0,'2023-08-02 09:11:58.982000',NULL,'BIW10000794','Gioăng cửa trước',209000,5.00,'UNIT_PACKAGE',3),(976,'2023-08-01 15:10:12.470000',NULL,0,'2023-08-02 09:11:58.983000',NULL,'BIW10001523','Gioăng khung cửa phía dưới, cửa sau trái',239000,5.00,'UNIT_PACKAGE',3),(977,'2023-08-01 15:10:12.471000',NULL,0,'2023-08-02 09:11:58.983000',NULL,'BIW10001758','Gioăng kính cửa, trước phải',388000,5.00,'UNIT_PACKAGE',3),(978,'2023-08-01 15:10:12.471000',NULL,0,'2023-08-02 09:11:58.983000',NULL,'BIW10001757','Gioăng kính cửa, trước trái',388000,5.00,'UNIT_PACKAGE',3),(979,'2023-08-01 15:10:12.472000',NULL,0,'2023-08-02 09:11:58.984000',NULL,'BIW10000918','Gioăng kính, phải',768000,5.00,'UNIT_PACKAGE',3),(980,'2023-08-01 15:10:12.472000',NULL,0,'2023-08-02 09:11:58.984000',NULL,'BIW10001744','Gioăng kính, phải',757000,5.00,'UNIT_PACKAGE',3),(981,'2023-08-01 15:10:12.472000',NULL,0,'2023-08-02 09:11:58.984000',NULL,'BIW10002068','Gioăng kính, phải',389000,5.00,'UNIT_PACKAGE',3),(982,'2023-08-01 15:10:12.472000',NULL,0,'2023-08-02 09:11:58.985000',NULL,'BIW10000917','Gioăng kính, trái',768000,5.00,'UNIT_PACKAGE',3),(983,'2023-08-01 15:10:12.473000',NULL,0,'2023-08-02 09:11:58.985000',NULL,'BIW10001743','Gioăng kính, trái',757000,5.00,'UNIT_PACKAGE',3),(984,'2023-08-01 15:10:12.473000',NULL,0,'2023-08-02 09:11:58.985000',NULL,'BIW10002067','Gioăng kính, trái',389000,5.00,'UNIT_PACKAGE',3),(985,'2023-08-01 15:10:12.473000',NULL,0,'2023-08-02 09:11:58.986000',NULL,'BIW10001582','Gioăng làm kín chân gương chiếu hậu bên phải',51000,5.00,'UNIT_PACKAGE',3),(986,'2023-08-01 15:10:12.474000',NULL,0,'2023-08-02 09:11:58.986000',NULL,'BIW10001581','Gioăng làm kín chân gương chiếu hậu bên trái',51000,5.00,'UNIT_PACKAGE',3),(987,'2023-08-01 15:10:12.474000',NULL,0,'2023-08-02 09:11:58.986000',NULL,'BIW10001635','Gioăng nắp capo, phía sau',205000,5.00,'UNIT_PACKAGE',3),(988,'2023-08-01 15:10:12.474000',NULL,0,'2023-08-02 09:11:58.986000',NULL,'BEX10003449','Gioăng nắp capo, phía sau phải',44000,5.00,'UNIT_PACKAGE',3),(989,'2023-08-01 15:10:12.476000',NULL,0,'2023-08-02 09:11:58.987000',NULL,'BEX10003503','Gioăng nắp capo, phía trước phải',551000,5.00,'UNIT_PACKAGE',3),(990,'2023-08-01 15:10:12.477000',NULL,0,'2023-08-02 09:11:58.989000',NULL,'BEX10003502','Gioăng nắp capo, phía trước trái',551000,5.00,'UNIT_PACKAGE',3),(991,'2023-08-01 15:10:12.478000',NULL,0,'2023-08-02 09:11:58.991000',NULL,'ENG10005795','Gioăng ngăn bụi',7000,5.00,'UNIT_PACKAGE',3),(992,'2023-08-01 15:10:12.478000',NULL,0,'2023-08-02 09:11:58.991000',NULL,'ENG10005832','Gioăng qui lát 0,70MM',360000,5.00,'UNIT_PACKAGE',3),(993,'2023-08-01 15:10:12.479000',NULL,0,'2023-08-02 09:11:58.992000',NULL,'BEX10003320','Gương chiếu hậu bên trong',1495000,5.00,'UNIT_PACKAGE',3),(994,'2023-08-01 15:10:12.479000',NULL,0,'2023-08-02 09:11:58.992000',NULL,'CHS10007684','Hệ thống cấp khí',8353000,5.00,'UNIT_PACKAGE',3),(995,'2023-08-01 15:10:12.480000',NULL,0,'2023-08-02 09:11:58.993000',NULL,'BIN10005173','Hốc để đồ',196000,5.00,'UNIT_PACKAGE',3),(996,'2023-08-01 15:10:12.480000',NULL,0,'2023-08-02 09:11:58.993000',NULL,'BIN10004582','Hộc để đồ khoang hành lý, bên phải',690000,5.00,'UNIT_PACKAGE',3),(997,'2023-08-01 15:10:12.481000',NULL,0,'2023-08-02 09:11:58.993000',NULL,'BEX10007400','Hốc gió, bên phải',42000,5.00,'UNIT_PACKAGE',3),(998,'2023-08-01 15:10:12.481000',NULL,0,'2023-08-02 09:11:58.994000',NULL,'BEX10007399','Hốc gió, bên trái',42000,5.00,'UNIT_PACKAGE',3),(999,'2023-08-01 15:10:12.482000',NULL,0,'2023-08-02 09:11:58.994000',NULL,'BEX10008037','Hốc gió, phải',189000,5.00,'UNIT_PACKAGE',3),(1000,'2023-08-01 15:10:12.482000',NULL,0,'2023-08-02 09:11:58.995000',NULL,'BEX10008036','Hốc gió, trái',189000,5.00,'UNIT_PACKAGE',3),(1001,'2023-08-01 15:10:12.482000',NULL,0,'2023-08-02 09:11:58.995000',NULL,'ENG10005924','Họng nạp',550000,5.00,'UNIT_PACKAGE',3),(1002,'2023-08-01 15:10:12.483000',NULL,0,'2023-08-02 09:11:58.995000',NULL,'EEP10005695','Hộp âm trầm trung tâm kèm loa',977000,5.00,'UNIT_PACKAGE',3),(1003,'2023-08-01 15:10:12.483000',NULL,0,'2023-08-02 09:11:58.996000',NULL,'EEP10005758','Hộp âm trầm trung tâm kèm loa',977000,5.00,'UNIT_PACKAGE',3),(1004,'2023-08-01 15:10:12.484000',NULL,0,'2023-08-02 09:11:58.996000',NULL,'EEP10005760','Hộp âm trầm trung tâm không kèm loa',169000,5.00,'UNIT_PACKAGE',3),(1005,'2023-08-01 15:10:12.484000',NULL,0,'2023-08-02 09:11:58.996000',NULL,'EEP10005762','Hộp âm trầm trung tâm không kèm loa',169000,5.00,'UNIT_PACKAGE',3),(1006,'2023-08-01 15:10:12.484000',NULL,0,'2023-08-02 09:11:58.997000',NULL,'EEP10007036','Hộp cầu chì, nắp ắc quy',1573000,5.00,'UNIT_PACKAGE',3),(1007,'2023-08-01 15:10:12.485000',NULL,0,'2023-08-02 09:11:58.997000',NULL,'EEP10006207','Hộp chuyển dòng 230V',1514000,5.00,'UNIT_PACKAGE',3),(1008,'2023-08-01 15:10:12.485000',NULL,0,'2023-08-02 09:11:58.997000',NULL,'PWT10007116','Kẹp',10000,5.00,'UNIT_PACKAGE',3),(1009,'2023-08-01 15:10:12.485000',NULL,0,'2023-08-02 09:11:58.998000',NULL,'PWT10008702','Kẹp',9000,5.00,'UNIT_PACKAGE',3),(1010,'2023-08-01 15:10:12.486000',NULL,0,'2023-08-02 09:11:58.998000',NULL,'STD90000558','Kẹp',6000,5.00,'UNIT_PACKAGE',3),(1011,'2023-08-01 15:10:12.486000',NULL,0,'2023-08-02 09:11:58.998000',NULL,'STD90000173','Kẹp',10000,5.00,'UNIT_PACKAGE',3),(1012,'2023-08-01 15:10:12.487000',NULL,0,'2023-08-02 09:11:58.998000',NULL,'STD90000278','Kẹp',5000,5.00,'UNIT_PACKAGE',3),(1013,'2023-08-01 15:10:12.487000',NULL,0,'2023-08-02 09:11:58.999000',NULL,'STD90000300','Kẹp',2000,5.00,'UNIT_PACKAGE',3),(1014,'2023-08-01 15:10:12.487000',NULL,0,'2023-08-02 09:11:58.999000',NULL,'STD90000370','Kẹp',3000,5.00,'UNIT_PACKAGE',3),(1015,'2023-08-01 15:10:12.488000',NULL,0,'2023-08-02 09:11:58.999000',NULL,'STD90000480','Kẹp',2000,5.00,'UNIT_PACKAGE',3),(1016,'2023-08-01 15:10:12.488000',NULL,0,'2023-08-02 09:11:58.999000',NULL,'STD90000545','Kẹp',1000,5.00,'UNIT_PACKAGE',3),(1017,'2023-08-01 15:10:12.489000',NULL,0,'2023-08-02 09:11:59.000000',NULL,'STD90000919','Kẹp',2000,5.00,'UNIT_PACKAGE',3),(1018,'2023-08-01 15:10:12.489000',NULL,0,'2023-08-02 09:11:59.000000',NULL,'STD90000978','Kẹp',2000,5.00,'UNIT_PACKAGE',3),(1019,'2023-08-01 15:10:12.489000',NULL,0,'2023-08-02 09:11:59.000000',NULL,'STD90001041','Kẹp',3000,5.00,'UNIT_PACKAGE',3),(1020,'2023-08-01 15:10:12.490000',NULL,0,'2023-08-02 09:11:59.001000',NULL,'STD90001194','Kẹp',5000,5.00,'UNIT_PACKAGE',3),(1021,'2023-08-01 15:10:12.490000',NULL,0,'2023-08-02 09:11:59.001000',NULL,'STD90001108','Kẹp bắt đinh ốc M6',7000,5.00,'UNIT_PACKAGE',3),(1022,'2023-08-01 15:10:12.491000',NULL,0,'2023-08-02 09:11:59.001000',NULL,'STD90000837','Kẹp cáp',3000,5.00,'UNIT_PACKAGE',3),(1023,'2023-08-01 15:10:12.491000',NULL,0,'2023-08-02 09:11:59.002000',NULL,'STD90000106','Kẹp cố định',3000,5.00,'UNIT_PACKAGE',3),(1024,'2023-08-01 15:10:12.492000',NULL,0,'2023-08-02 09:11:59.002000',NULL,'STD90000997','Kẹp cố định đường ống ga ra từ máy nén',58000,5.00,'UNIT_PACKAGE',3),(1025,'2023-08-01 15:10:12.494000',NULL,0,'2023-08-02 09:11:59.002000',NULL,'STD90001161','Kẹp D16',5000,5.00,'UNIT_PACKAGE',3),(1026,'2023-08-01 15:10:12.494000',NULL,0,'2023-08-02 09:11:59.003000',NULL,'STD90001160','Kẹp D20',6000,5.00,'UNIT_PACKAGE',3),(1027,'2023-08-01 15:10:12.495000',NULL,0,'2023-08-02 09:11:59.003000',NULL,'STD90001344','Kẹp đầu cực',7000,5.00,'UNIT_PACKAGE',3),(1028,'2023-08-01 15:10:12.496000',NULL,0,'2023-08-02 09:11:59.003000',NULL,'STD90000401','kẹp dây điện',2000,5.00,'UNIT_PACKAGE',3),(1029,'2023-08-01 15:10:12.496000',NULL,0,'2023-08-02 09:11:59.006000',NULL,'STD90000237','Kẹp đôi',20000,5.00,'UNIT_PACKAGE',3),(1030,'2023-08-01 15:10:12.497000',NULL,0,'2023-08-02 09:11:59.007000',NULL,'STD90001273','Kẹp đôi',8000,5.00,'UNIT_PACKAGE',3),(1031,'2023-08-01 15:10:12.497000',NULL,0,'2023-08-02 09:11:59.008000',NULL,'STD90001271','Kẹp đơn',8000,5.00,'UNIT_PACKAGE',3),(1032,'2023-08-01 15:10:12.497000',NULL,0,'2023-08-02 09:11:59.009000',NULL,'STD90000885','Kẹp đường ống',7000,5.00,'UNIT_PACKAGE',3),(1033,'2023-08-01 15:10:12.498000',NULL,0,'2023-08-02 09:11:59.009000',NULL,'CHS10007689','Kẹp ống D13-14',18000,5.00,'UNIT_PACKAGE',3),(1034,'2023-08-01 15:10:12.498000',NULL,0,'2023-08-02 09:11:59.009000',NULL,'STD90001193','Kẹp ốp cánh cửa',8000,5.00,'UNIT_PACKAGE',3),(1035,'2023-08-01 15:10:12.499000',NULL,0,'2023-08-02 09:11:59.010000',NULL,'STD99000046','Kẹp sau',3000,5.00,'UNIT_PACKAGE',3),(1036,'2023-08-01 15:10:12.499000',NULL,0,'2023-08-02 09:11:59.010000',NULL,'BIN10004128','Kẹp tấm cách âm',22000,5.00,'UNIT_PACKAGE',3),(1037,'2023-08-01 15:10:12.500000',NULL,0,'2023-08-02 09:11:59.010000',NULL,'BIN10004461','Kẹp tấm cách âm',33000,5.00,'UNIT_PACKAGE',3),(1038,'2023-08-01 15:10:12.500000',NULL,0,'2023-08-02 09:11:59.011000',NULL,'BIN10004274','Kẹp tấm cách âm, bên phải',30000,5.00,'UNIT_PACKAGE',3),(1039,'2023-08-01 15:10:12.501000',NULL,0,'2023-08-02 09:11:59.011000',NULL,'BIN10004273','Kẹp tấm cách âm, bên trái',30000,5.00,'UNIT_PACKAGE',3),(1040,'2023-08-01 15:10:12.501000',NULL,0,'2023-08-02 09:11:59.012000',NULL,'STD90001257','Kẹp trên đường ống',6000,5.00,'UNIT_PACKAGE',3),(1041,'2023-08-01 15:10:12.501000',NULL,0,'2023-08-02 09:11:59.012000',NULL,'STD90001258','Kẹp trên đường ống',17000,5.00,'UNIT_PACKAGE',3),(1042,'2023-08-01 15:10:12.502000',NULL,0,'2023-08-02 09:11:59.012000',NULL,'SVC10002947','Két nước',2898000,5.00,'UNIT_PACKAGE',3),(1043,'2023-08-01 15:10:12.502000',NULL,0,'2023-08-02 09:11:59.013000',NULL,'SVC10003065','Két nước làm mát',4391000,5.00,'UNIT_PACKAGE',3),(1044,'2023-08-01 15:10:12.502000',NULL,0,'2023-08-02 09:11:59.013000',NULL,'PWT10002974','Két nước phụ',2478000,5.00,'UNIT_PACKAGE',3),(1045,'2023-08-01 15:10:12.503000',NULL,0,'2023-08-02 09:11:59.013000',NULL,'BIN10004316','Khay đưng đồ khoang hành lý, bên phải, phía trên',156000,5.00,'UNIT_PACKAGE',3),(1046,'2023-08-01 15:10:12.503000',NULL,0,'2023-08-02 09:11:59.014000',NULL,'BIW10007953','Khóa',1838000,5.00,'UNIT_PACKAGE',3),(1047,'2023-08-01 15:10:12.504000',NULL,0,'2023-08-02 09:11:59.014000',NULL,'PWT10002910','Khóa 1',41000,5.00,'UNIT_PACKAGE',3),(1048,'2023-08-01 15:10:12.504000',NULL,0,'2023-08-02 09:11:59.014000',NULL,'PWT10002911','Khóa 2',57000,5.00,'UNIT_PACKAGE',3),(1049,'2023-08-01 15:10:12.504000',NULL,0,'2023-08-02 09:11:59.014000',NULL,'BIN10005499BGA','Khóa đai',250000,5.00,'UNIT_PACKAGE',3),(1050,'2023-08-01 15:10:12.504000',NULL,0,'2023-08-02 09:11:59.015000',NULL,'BIN10005499','Khóa đai',245000,5.00,'UNIT_PACKAGE',3),(1051,'2023-08-01 15:10:12.505000',NULL,0,'2023-08-02 09:11:59.015000',NULL,'BIN10004753','Khóa đai an toàn giữa',331000,5.00,'UNIT_PACKAGE',3),(1052,'2023-08-01 15:10:12.505000',NULL,0,'2023-08-02 09:11:59.015000',NULL,'BIN10004752','Khóa đai an toàn, sau phải',373000,5.00,'UNIT_PACKAGE',3),(1053,'2023-08-01 15:10:12.505000',NULL,0,'2023-08-02 09:11:59.016000',NULL,'BIN10004751','Khóa đai an toàn, sau trái',373000,5.00,'UNIT_PACKAGE',3),(1054,'2023-08-01 15:10:12.506000',NULL,0,'2023-08-02 09:11:59.016000',NULL,'EEP10005590','Khóa điều khiển từ xa thông minh, không có chìa',640000,5.00,'UNIT_PACKAGE',3),(1055,'2023-08-01 15:10:12.506000',NULL,0,'2023-08-02 09:11:59.016000',NULL,'PWT10003061','Khớp ống',47000,5.00,'UNIT_PACKAGE',3),(1056,'2023-08-01 15:10:12.506000',NULL,0,'2023-08-02 09:11:59.017000',NULL,'BIN10004480','Khung bảo vệ cụm quạt gió',888000,5.00,'UNIT_PACKAGE',3),(1057,'2023-08-01 15:10:12.507000',NULL,0,'2023-08-02 09:11:59.017000',NULL,'BIN10003997','Khung lắp giá để chân',67000,5.00,'UNIT_PACKAGE',3),(1058,'2023-08-01 15:10:12.507000',NULL,0,'2023-08-02 09:11:59.017000',NULL,'BIN10003996','Khung lắp tay gạt mở nắp capo',54000,5.00,'UNIT_PACKAGE',3),(1059,'2023-08-01 15:10:12.507000',NULL,0,'2023-08-02 09:11:59.017000',NULL,'BIN10005056','Khung nhựa sàn xe phía sau',412000,5.00,'UNIT_PACKAGE',3),(1060,'2023-08-01 15:10:12.508000',NULL,0,'2023-08-02 09:11:59.018000',NULL,'BIN10007586','Khung tựa lưng ghế',2190000,5.00,'UNIT_PACKAGE',3),(1061,'2023-08-01 15:10:12.510000',NULL,0,'2023-08-02 09:11:59.018000',NULL,'BIN10007585','Khung tựa lưng ghế, trước trái',2190000,5.00,'UNIT_PACKAGE',3),(1062,'2023-08-01 15:10:12.511000',NULL,0,'2023-08-02 09:11:59.018000',NULL,'STD90000891','Khuy bấm',1000,5.00,'UNIT_PACKAGE',3),(1063,'2023-08-01 15:10:12.511000',NULL,0,'2023-08-02 09:11:59.019000',NULL,'BEX10003326','Kính chắn gió',3002000,5.00,'UNIT_PACKAGE',3),(1064,'2023-08-01 15:10:12.512000',NULL,0,'2023-08-02 09:11:59.019000',NULL,'BIW10001670','Kính chăn gió cửa sau phải',372000,5.00,'UNIT_PACKAGE',3),(1065,'2023-08-01 15:10:12.512000',NULL,0,'2023-08-02 09:11:59.019000',NULL,'BIW10002070','Kính chăn gió cửa sau phải (loại bảo mật cá nhân)',420000,5.00,'UNIT_PACKAGE',3),(1066,'2023-08-01 15:10:12.513000',NULL,0,'2023-08-02 09:11:59.020000',NULL,'BIW10001669','Kính chăn gió cửa sau trái',372000,5.00,'UNIT_PACKAGE',3),(1067,'2023-08-01 15:10:12.513000',NULL,0,'2023-08-02 09:11:59.021000',NULL,'BIW10002069','Kính chăn gió cửa sau trái (loại bảo mật cá nhân)',420000,5.00,'UNIT_PACKAGE',3),(1068,'2023-08-01 15:10:12.514000',NULL,0,'2023-08-02 09:11:59.023000',NULL,'BIW10001666','Kính chăn gió cửa trước phải',491000,5.00,'UNIT_PACKAGE',3),(1069,'2023-08-01 15:10:12.514000',NULL,0,'2023-08-02 09:11:59.024000',NULL,'BIW10001665','Kính chăn gió cửa trước trái',491000,5.00,'UNIT_PACKAGE',3),(1070,'2023-08-01 15:10:12.514000',NULL,1,'2023-08-15 09:07:09.870000',NULL,'BEX10003259','Kính chắn gió phía sau',2594000,5.00,'UNIT_PACKAGE',3),(1071,'2023-08-01 15:10:12.514000',NULL,1,'2023-08-15 09:01:47.790000',NULL,'BEX10003257','Kính chắn gió phía sau (loại riêng tư)',2678000,5.00,'UNIT_PACKAGE',3),(1072,'2023-08-01 15:10:12.515000',NULL,0,'2023-08-02 09:11:59.025000',NULL,'BEX10003327','Kính chăn gió phía trước',2833000,5.00,'UNIT_PACKAGE',3),(1073,'2023-08-01 15:10:12.515000',NULL,0,'2023-08-02 09:11:59.026000',NULL,'BIW10000538','Kính chăn gió, cửa cố định, sau phải',850000,5.00,'UNIT_PACKAGE',3),(1074,'2023-08-01 15:10:12.516000',NULL,0,'2023-08-02 09:11:59.026000',NULL,'BIW10002072','Kính chăn gió, cửa cố định, sau phải (loại bảo mật cá nhân)',862000,5.00,'UNIT_PACKAGE',3),(1075,'2023-08-01 15:10:12.516000',NULL,0,'2023-08-02 09:11:59.027000',NULL,'BIW10000536','Kính chăn gió, cửa cố định, sau trái',850000,5.00,'UNIT_PACKAGE',3),(1076,'2023-08-01 15:10:12.516000',NULL,0,'2023-08-02 09:11:59.027000',NULL,'BIW10002071','Kính chăn gió, cửa cố định, sau trái (loại bảo mật cá nhân)',862000,5.00,'UNIT_PACKAGE',3),(1077,'2023-08-01 15:10:12.516000',NULL,0,'2023-08-02 09:11:59.028000',NULL,'BIW10001672','Kính cửa hàng ghế thứ 2 phải',419000,5.00,'UNIT_PACKAGE',3),(1078,'2023-08-01 15:10:12.517000',NULL,0,'2023-08-02 09:11:59.028000',NULL,'BIW10002074','Kính cửa hàng ghế thứ 2 phải, mở',505000,5.00,'UNIT_PACKAGE',3),(1079,'2023-08-01 15:10:12.517000',NULL,0,'2023-08-02 09:11:59.028000',NULL,'BIW10001671','Kính cửa hàng ghế thứ 2 trái',419000,5.00,'UNIT_PACKAGE',3),(1080,'2023-08-01 15:10:12.518000',NULL,0,'2023-08-02 09:11:59.028000',NULL,'BIW10002073','Kính cửa hàng ghế thứ 2 trái, mờ',505000,5.00,'UNIT_PACKAGE',3),(1081,'2023-08-01 15:10:12.518000',NULL,0,'2023-08-02 09:11:59.029000',NULL,'BIW10002076','Kính cửa hàng ghế thứ 3 phải, mở',853000,5.00,'UNIT_PACKAGE',3),(1082,'2023-08-01 15:10:12.518000',NULL,0,'2023-08-02 09:11:59.029000',NULL,'BIW10002075','Kính cửa hàng ghế thứ 3 trái, mờ',853000,5.00,'UNIT_PACKAGE',3),(1083,'2023-08-01 15:10:12.519000',NULL,0,'2023-08-02 09:11:59.029000',NULL,'BIW10000537','Kính cửa hàng ghế thứ 3, phải',842000,5.00,'UNIT_PACKAGE',3),(1084,'2023-08-01 15:10:12.519000',NULL,0,'2023-08-02 09:11:59.030000',NULL,'BIW10000535','Kính cửa hàng ghế thứ 3, trái',842000,5.00,'UNIT_PACKAGE',3),(1085,'2023-08-01 15:10:12.519000',NULL,0,'2023-08-02 09:11:59.030000',NULL,'BIW10001668','Kính cửa trước phải',538000,5.00,'UNIT_PACKAGE',3),(1086,'2023-08-01 15:10:12.520000',NULL,0,'2023-08-02 09:11:59.031000',NULL,'BIW10001667','Kính cửa trước trái',538000,5.00,'UNIT_PACKAGE',3),(1087,'2023-08-01 15:10:12.520000',NULL,0,'2023-08-02 09:11:59.031000',NULL,'BIW10001551','Kính gương chiếu hậu, phải',183000,5.00,'UNIT_PACKAGE',3),(1088,'2023-08-01 15:10:12.520000',NULL,0,'2023-08-02 09:11:59.031000',NULL,'BIW10001550','Kính gương chiếu hậu, trái',183000,5.00,'UNIT_PACKAGE',3),(1089,'2023-08-01 15:10:12.521000',NULL,0,'2023-08-02 09:11:59.032000',NULL,'BEX10003319','Kính sau',1588000,5.00,'UNIT_PACKAGE',3),(1090,'2023-08-01 15:10:12.521000',NULL,1,'2023-08-15 09:07:07.834000',NULL,'BEX10003258','Kính sau, mờ',1665000,5.00,'UNIT_PACKAGE',3),(1091,'2023-08-01 15:10:12.521000',NULL,0,'2023-08-02 09:11:59.033000',NULL,'BEX10003307','Kính sườn, viền Crom, phải',1326000,5.00,'UNIT_PACKAGE',3),(1092,'2023-08-01 15:10:12.522000',NULL,0,'2023-08-02 09:11:59.033000',NULL,'BEX10003305','Kính sườn, viền Crom, phải, mờ',1344000,5.00,'UNIT_PACKAGE',3),(1093,'2023-08-01 15:10:12.522000',NULL,0,'2023-08-02 09:11:59.033000',NULL,'BEX10003304','Kính sườn, viền Crom, trái, mờ',1344000,5.00,'UNIT_PACKAGE',3),(1094,'2023-08-01 15:10:12.522000',NULL,0,'2023-08-02 09:11:59.034000',NULL,'BEX10003693','Kính sườn, viền đen, phải',1298000,5.00,'UNIT_PACKAGE',3),(1095,'2023-08-01 15:10:12.522000',NULL,0,'2023-08-02 09:11:59.034000',NULL,'BEX10003692','Kính sườn, viền đen, trái',1298000,5.00,'UNIT_PACKAGE',3),(1096,'2023-08-01 15:10:12.523000',NULL,0,'2023-08-02 09:11:59.035000',NULL,'BEX10003362','Led module',74000,5.00,'UNIT_PACKAGE',3),(1097,'2023-08-01 15:10:12.523000',NULL,0,'2023-08-02 09:11:59.035000',NULL,'BEX10007936','Lỗ bịt hốc lắp cảm biến khoảng cách trên lưới tản nhiệt\ngiữa',19000,5.00,'UNIT_PACKAGE',3),(1098,'2023-08-01 15:10:12.523000',NULL,0,'2023-08-02 09:11:59.035000',NULL,'BEX10007398','Lỗ bịt hốc lắp cảm biến khoảng cách trên lưới tản nhiệt,\nbên trái',37000,5.00,'UNIT_PACKAGE',3),(1099,'2023-08-01 15:10:12.524000',NULL,0,'2023-08-02 09:11:59.036000',NULL,'BIW10001470','Lò xo nắp cốp, bên phải',700000,5.00,'UNIT_PACKAGE',3),(1100,'2023-08-01 15:10:12.524000',NULL,0,'2023-08-02 09:11:59.036000',NULL,'ENG10005889','Lò xo van nạp',22000,5.00,'UNIT_PACKAGE',3),(1101,'2023-08-01 15:10:12.524000',NULL,0,'2023-08-02 09:11:59.036000',NULL,'EEP10005692','Loa âm cao',72000,5.00,'UNIT_PACKAGE',3),(1102,'2023-08-01 15:10:12.526000',NULL,0,'2023-08-02 09:11:59.037000',NULL,'EEP10005696','Loa sau trái',100000,5.00,'UNIT_PACKAGE',3),(1103,'2023-08-01 15:10:12.528000',NULL,0,'2023-08-02 09:11:59.038000',NULL,'EEP10005694','Loa tại táp lô',152000,5.00,'UNIT_PACKAGE',3),(1104,'2023-08-01 15:10:12.529000',NULL,0,'2023-08-02 09:11:59.040000',NULL,'EEP10005693','Loa trầm',150000,5.00,'UNIT_PACKAGE',3),(1105,'2023-08-01 15:10:12.529000',NULL,0,'2023-08-02 09:11:59.041000',NULL,'EEP10008302','Loa trung tâm (thị trường Vietnam)',100000,5.00,'UNIT_PACKAGE',3),(1106,'2023-08-01 15:10:12.530000',NULL,0,'2023-08-02 09:11:59.042000',NULL,'SVK10000048','Lọc dầu động cơ',115000,5.00,'UNIT_PACKAGE',3),(1107,'2023-08-01 15:10:12.530000',NULL,0,'2023-08-02 09:11:59.042000',NULL,'PWT10002841','Lọc gió',631000,5.00,'UNIT_PACKAGE',3),(1108,'2023-08-01 15:10:12.531000',NULL,0,'2023-08-02 09:11:59.043000',NULL,'PWT10003078','Lọc gió',368000,5.00,'UNIT_PACKAGE',3),(1109,'2023-08-01 15:10:12.532000',NULL,0,'2023-08-02 09:11:59.043000',NULL,'SVC10008780','Lọc gió điều hòa',337000,5.00,'UNIT_PACKAGE',3),(1110,'2023-08-01 15:10:12.532000',NULL,0,'2023-08-02 09:11:59.043000',NULL,'BIN10004622','Lọc gió điều hòa x2, nằm trong hộp lọc gió điều hòa  trong\nkhoang động cơ bên phụ',146000,5.00,'UNIT_PACKAGE',3),(1111,'2023-08-01 15:10:12.532000',NULL,0,'2023-08-02 09:11:59.044000',NULL,'PWT10007001','Lọc gió động cơ',263000,5.00,'UNIT_PACKAGE',3),(1112,'2023-08-01 15:10:12.533000',NULL,0,'2023-08-02 09:11:59.044000',NULL,'CHS10008662','Lọc xăng',287000,5.00,'UNIT_PACKAGE',3),(1113,'2023-08-01 15:10:12.533000',NULL,0,'2023-08-02 09:11:59.045000',NULL,'CHS10002259','Lọc xăng, gồm cả giá bắt lên sàn xe, đoạn ống nối với\nđường hồi về bình xăng',2731000,5.00,'UNIT_PACKAGE',3),(1114,'2023-08-01 15:10:12.533000',NULL,0,'2023-08-02 09:11:59.045000',NULL,'CHS10007192','Lốp sau_BASE_285_45_R19',5814000,5.00,'UNIT_PACKAGE',3),(1115,'2023-08-01 15:10:12.538000',NULL,0,'2023-08-02 09:11:59.046000',NULL,'CHS10009708','Lốp sau_HIGH_275_35_R19',4705000,5.00,'UNIT_PACKAGE',3),(1116,'2023-08-01 15:10:12.538000',NULL,0,'2023-08-02 09:11:59.046000',NULL,'CHS10006445','Lốp sau_HIGH_315_35_R20',5903000,5.00,'UNIT_PACKAGE',3),(1117,'2023-08-01 15:10:12.539000',NULL,0,'2023-08-02 09:11:59.046000',NULL,'CHS10006268','Lốp trước/ sau_BASE_245_45_R18',3941000,5.00,'UNIT_PACKAGE',3),(1118,'2023-08-01 15:10:12.539000',NULL,0,'2023-08-02 09:11:59.046000',NULL,'CHS10006277','Lốp trước_BASE_255_50_R19',5252000,5.00,'UNIT_PACKAGE',3),(1119,'2023-08-01 15:10:12.540000',NULL,0,'2023-08-02 09:11:59.047000',NULL,'CHS10009707','Lốp trước_HIGH_245_40_R19',4098000,5.00,'UNIT_PACKAGE',3),(1120,'2023-08-01 15:10:12.540000',NULL,0,'2023-08-02 09:11:59.047000',NULL,'CHS10006442','Lốp trước_HIGH_275_40_R20',5311000,5.00,'UNIT_PACKAGE',3),(1121,'2023-08-01 15:10:12.541000',NULL,0,'2023-08-02 09:11:59.047000',NULL,'BIN10005196','Lót chân, hàng ghế thứ 3',396000,5.00,'UNIT_PACKAGE',3),(1122,'2023-08-01 15:10:12.541000',NULL,0,'2023-08-02 09:11:59.048000',NULL,'BEX10003559','Lưới tản nhiệt',1610000,5.00,'UNIT_PACKAGE',3),(1123,'2023-08-01 15:10:12.542000',NULL,0,'2023-08-02 09:11:59.048000',NULL,'BEX10003558','Lưới tản nhiệt phía dưới',202000,5.00,'UNIT_PACKAGE',3),(1124,'2023-08-01 15:10:12.544000',NULL,0,'2023-08-02 09:11:59.048000',NULL,'BEX10008030','Lưới tản nhiệt, cửa hút gió, bên phải',175000,5.00,'UNIT_PACKAGE',3),(1125,'2023-08-01 15:10:12.545000',NULL,0,'2023-08-02 09:11:59.049000',NULL,'BEX10008031','Lưới tản nhiệt, cửa hút gió, bên trái',175000,5.00,'UNIT_PACKAGE',3),(1126,'2023-08-01 15:10:12.545000',NULL,0,'2023-08-02 09:11:59.049000',NULL,'BEX10008032','Lưới tản nhiệt, phía trên',1636000,5.00,'UNIT_PACKAGE',3),(1127,'2023-08-01 15:10:12.546000',NULL,0,'2023-08-02 09:11:59.049000',NULL,'BEX10003557','Lưới tản nhiệt, tấm giữa',264000,5.00,'UNIT_PACKAGE',3),(1128,'2023-08-01 15:10:12.546000',NULL,0,'2023-08-02 09:11:59.049000',NULL,'BIN10005391','Lưới thông gió phía sau',150000,5.00,'UNIT_PACKAGE',3),(1129,'2023-08-01 15:10:12.547000',NULL,0,'2023-08-02 09:11:59.050000',NULL,'EEP10005558','Màn hình trung tâm',11330000,5.00,'UNIT_PACKAGE',3),(1130,'2023-08-01 15:10:12.547000',NULL,0,'2023-08-02 09:11:59.050000',NULL,'EEP10008306','Mặt bộ loa giả',147000,5.00,'UNIT_PACKAGE',3),(1131,'2023-08-01 15:10:12.547000',NULL,0,'2023-08-02 09:11:59.050000',NULL,'EEP10008305','Mặt bộ loa thật',147000,5.00,'UNIT_PACKAGE',3),(1132,'2023-08-01 15:10:12.548000',NULL,0,'2023-08-02 09:11:59.051000',NULL,'BIW10001213','Mặt gương chiếu hậu bên lái',173000,5.00,'UNIT_PACKAGE',3),(1133,'2023-08-01 15:10:12.548000',NULL,0,'2023-08-02 09:11:59.051000',NULL,'BIW10001611','Mặt gương chiếu hậu bên phụ',173000,5.00,'UNIT_PACKAGE',3),(1134,'2023-08-01 15:10:12.549000',NULL,0,'2023-08-02 09:11:59.051000',NULL,'BIN10007989','Mặt loa giữa',330000,5.00,'UNIT_PACKAGE',3),(1135,'2023-08-01 15:10:12.549000',NULL,0,'2023-08-02 09:11:59.052000',NULL,'BEX10010027','Mặt nạ phía trước xe gắn với lô gô, được gài vào ca lăng',218000,5.00,'UNIT_PACKAGE',3),(1136,'2023-08-01 15:10:12.549000',NULL,0,'2023-08-02 09:11:59.052000',NULL,'PWT10002846','Máy nén',6030000,5.00,'UNIT_PACKAGE',3),(1137,'2023-08-01 15:10:12.550000',NULL,0,'2023-08-02 09:11:59.052000',NULL,'ENG10005941','Máy phái',6821000,5.00,'UNIT_PACKAGE',3),(1138,'2023-08-01 15:10:12.550000',NULL,0,'2023-08-02 09:11:59.053000',NULL,'STD90000340','Miếng bịt sàn, bên trái',59000,5.00,'UNIT_PACKAGE',3),(1139,'2023-08-01 15:10:12.551000',NULL,0,'2023-08-02 09:11:59.053000',NULL,'BEX10003281','Miếng che phía dưới bên phải',248000,5.00,'UNIT_PACKAGE',3),(1140,'2023-08-01 15:10:12.551000',NULL,0,'2023-08-02 09:11:59.053000',NULL,'BEX10003280','Miếng che phía dưới bên trái',160000,5.00,'UNIT_PACKAGE',3),(1141,'2023-08-01 15:10:12.552000',NULL,0,'2023-08-02 09:11:59.055000',NULL,'STD90000501','Miếng đệm',12000,5.00,'UNIT_PACKAGE',3),(1142,'2023-08-01 15:10:12.552000',NULL,0,'2023-08-02 09:11:59.057000',NULL,'BIN10004253','Miếng đệm dưới sàn, bên phải',129000,5.00,'UNIT_PACKAGE',3),(1143,'2023-08-01 15:10:12.552000',NULL,0,'2023-08-02 09:11:59.058000',NULL,'BIN10004252','Miếng đệm dưới sàn, bên trái',123000,5.00,'UNIT_PACKAGE',3),(1144,'2023-08-01 15:10:12.553000',NULL,0,'2023-08-02 09:11:59.058000',NULL,'STD90000342','Miếng đệm sàn',34000,5.00,'UNIT_PACKAGE',3),(1145,'2023-08-01 15:10:12.553000',NULL,0,'2023-08-02 09:11:59.058000',NULL,'BIN10004260','Miếng đệm sau tấm ốp, phải',80000,5.00,'UNIT_PACKAGE',3),(1146,'2023-08-01 15:10:12.554000',NULL,0,'2023-08-02 09:11:59.059000',NULL,'BIN10004230','Miếng đệm sau tấm ốp, trái',65000,5.00,'UNIT_PACKAGE',3),(1147,'2023-08-01 15:10:12.554000',NULL,0,'2023-08-02 09:11:59.059000',NULL,'BEX10003501','Miếng giá đỡ, hốc lốp bên phải',76000,5.00,'UNIT_PACKAGE',3),(1148,'2023-08-01 15:10:12.554000',NULL,0,'2023-08-02 09:11:59.059000',NULL,'BEX10003500','Miếng giá đỡ, hốc lốp bên trái',76000,5.00,'UNIT_PACKAGE',3),(1149,'2023-08-01 15:10:12.555000',NULL,0,'2023-08-02 09:11:59.060000',NULL,'BEX10003585','Miếng giảm rung',20000,5.00,'UNIT_PACKAGE',3),(1150,'2023-08-01 15:10:12.555000',NULL,0,'2023-08-02 09:11:59.060000',NULL,'BEX10003567','Miếng nẹp bọc đồng, bên trái',30000,5.00,'UNIT_PACKAGE',3),(1151,'2023-08-01 15:10:12.555000',NULL,0,'2023-08-02 09:11:59.061000',NULL,'BEX10003702','Miếng nẹp bọc đồng, bên trái',30000,5.00,'UNIT_PACKAGE',3),(1152,'2023-08-01 15:10:12.556000',NULL,0,'2023-08-02 09:11:59.061000',NULL,'BIW10000009','Miếng nhựa bịt đầu khóa',14000,5.00,'UNIT_PACKAGE',3),(1153,'2023-08-01 15:10:12.556000',NULL,0,'2023-08-02 09:11:59.062000',NULL,'BIW10002040','Miếng nhựa bịt đầu khóa',17000,5.00,'UNIT_PACKAGE',3),(1154,'2023-08-01 15:10:12.556000',NULL,0,'2023-08-02 09:11:59.062000',NULL,'BEX10003574','Mô tơ gạt nước phía sau',723000,5.00,'UNIT_PACKAGE',3),(1155,'2023-08-01 15:10:12.557000',NULL,0,'2023-08-02 09:11:59.062000',NULL,'BIW10001678','Móc khóa nắp capo',118000,5.00,'UNIT_PACKAGE',3),(1156,'2023-08-01 15:10:12.557000',NULL,0,'2023-08-02 09:11:59.063000',NULL,'PWT10002869','Nắp',124000,5.00,'UNIT_PACKAGE',3),(1157,'2023-08-01 15:10:12.557000',NULL,0,'2023-08-02 09:11:59.063000',NULL,'CHS10002417','Nắp',181000,5.00,'UNIT_PACKAGE',3),(1158,'2023-08-01 15:10:12.558000',NULL,0,'2023-08-02 09:11:59.063000',NULL,'CHS10002725','Nắp',11000,5.00,'UNIT_PACKAGE',3),(1159,'2023-08-01 15:10:12.558000',NULL,0,'2023-08-02 09:11:59.063000',NULL,'STD90001037','Nắp bịt',10000,5.00,'UNIT_PACKAGE',3),(1160,'2023-08-01 15:10:12.561000',NULL,0,'2023-08-02 09:11:59.064000',NULL,'STD90000152','Nắp bịt',7000,5.00,'UNIT_PACKAGE',3),(1161,'2023-08-01 15:10:12.562000',NULL,0,'2023-08-02 09:11:59.064000',NULL,'STD90000190','Nắp bịt',4000,5.00,'UNIT_PACKAGE',3),(1162,'2023-08-01 15:10:12.562000',NULL,0,'2023-08-02 09:11:59.065000',NULL,'ENG10005794','Nắp bịt',16000,5.00,'UNIT_PACKAGE',3),(1163,'2023-08-01 15:10:12.562000',NULL,0,'2023-08-02 09:11:59.065000',NULL,'PWT10003022','Nắp cạnh dưới hộp số, bên phải',40000,5.00,'UNIT_PACKAGE',3),(1164,'2023-08-01 15:10:12.563000',NULL,0,'2023-08-02 09:11:59.065000',NULL,'PWT10003020','Nắp cạnh hộp số',13000,5.00,'UNIT_PACKAGE',3),(1165,'2023-08-01 15:10:12.563000',NULL,0,'2023-08-02 09:11:59.066000',NULL,'BIW10000575','Nắp capo',4424000,5.00,'UNIT_PACKAGE',3),(1166,'2023-08-01 15:10:12.564000',NULL,0,'2023-08-02 09:11:59.066000',NULL,'STD90000596','Nắp che',3000,5.00,'UNIT_PACKAGE',3),(1167,'2023-08-01 15:10:12.564000',NULL,0,'2023-08-02 09:11:59.066000',NULL,'ENG10005804','Nắp che 18,0MM',2000,5.00,'UNIT_PACKAGE',3),(1168,'2023-08-01 15:10:12.565000',NULL,0,'2023-08-02 09:11:59.067000',NULL,'ENG10005811','Nắp che 22,0MM',3000,5.00,'UNIT_PACKAGE',3),(1169,'2023-08-01 15:10:12.565000',NULL,0,'2023-08-02 09:11:59.067000',NULL,'BIN10003938','Nắp che cụm quạt gió điều hòa',571000,5.00,'UNIT_PACKAGE',3),(1170,'2023-08-01 15:10:12.565000',NULL,0,'2023-08-02 09:11:59.067000',NULL,'BIN10007806','Nắp che dưới',23000,5.00,'UNIT_PACKAGE',3),(1171,'2023-08-01 15:10:12.566000',NULL,0,'2023-08-02 09:11:59.067000',NULL,'BIN10007633','Nắp che ghế hành khách',116000,5.00,'UNIT_PACKAGE',3),(1172,'2023-08-01 15:10:12.566000',NULL,0,'2023-08-02 09:11:59.068000',NULL,'BIN10007632','Nắp che ghế lái',116000,5.00,'UNIT_PACKAGE',3),(1173,'2023-08-01 15:10:12.566000',NULL,0,'2023-08-02 09:11:59.068000',NULL,'BIN10005073','Nắp che lỗ dây đai phía sau',7000,5.00,'UNIT_PACKAGE',3),(1174,'2023-08-01 15:10:12.567000',NULL,0,'2023-08-02 09:11:59.068000',NULL,'BIN10008689','Nắp che nút bấm cửa hậu',15000,5.00,'UNIT_PACKAGE',3),(1175,'2023-08-01 15:10:12.567000',NULL,0,'2023-08-02 09:11:59.069000',NULL,'BIN10004608','Nắp che ốc bên hông (trái/phải)',17000,5.00,'UNIT_PACKAGE',3),(1176,'2023-08-01 15:10:12.567000',NULL,0,'2023-08-02 09:11:59.069000',NULL,'BIN10007808','Nắp che trên',17000,5.00,'UNIT_PACKAGE',3),(1177,'2023-08-01 15:10:12.568000',NULL,0,'2023-08-02 09:11:59.069000',NULL,'BIN10005153','Nắp che vít công tắc cửa trước (trái/phải)',56000,5.00,'UNIT_PACKAGE',3),(1178,'2023-08-01 15:10:12.568000',NULL,0,'2023-08-02 09:11:59.070000',NULL,'BIN10004867BGA','Nắp che, màu be',288000,5.00,'UNIT_PACKAGE',3),(1179,'2023-08-01 15:10:12.568000',NULL,0,'2023-08-02 09:11:59.070000',NULL,'BIN10004867BKA','Nắp che, màu đen',285000,5.00,'UNIT_PACKAGE',3),(1180,'2023-08-01 15:10:12.569000',NULL,0,'2023-08-02 09:11:59.071000',NULL,'BIN10004867BRA','Nắp che, màu nâu',287000,5.00,'UNIT_PACKAGE',3),(1181,'2023-08-01 15:10:12.569000',NULL,0,'2023-08-02 09:11:59.074000',NULL,'ENG10005825','Nắp dầu',58000,5.00,'UNIT_PACKAGE',3),(1182,'2023-08-01 15:10:12.569000',NULL,0,'2023-08-02 09:11:59.074000',NULL,'BIN10007141','Nắp đậy đèn báo khóa cửa phải',34000,5.00,'UNIT_PACKAGE',3),(1183,'2023-08-01 15:10:12.569000',NULL,0,'2023-08-02 09:11:59.075000',NULL,'BIN10004599','Nắp đậy đèn báo khóa cửa trái',34000,5.00,'UNIT_PACKAGE',3),(1184,'2023-08-01 15:10:12.570000',NULL,0,'2023-08-02 09:11:59.075000',NULL,'BIN10004330','Nắp đậy trên tấm ốp',4000,5.00,'UNIT_PACKAGE',3),(1185,'2023-08-01 15:10:12.570000',NULL,0,'2023-08-02 09:11:59.076000',NULL,'SVC10001041','Nắp khóa, sau trái',75000,5.00,'UNIT_PACKAGE',3),(1186,'2023-08-01 15:10:12.570000',NULL,0,'2023-08-02 09:11:59.076000',NULL,'SVC10001042','Nắp khóa, trước phải',75000,5.00,'UNIT_PACKAGE',3),(1187,'2023-08-01 15:10:12.571000',NULL,0,'2023-08-02 09:11:59.077000',NULL,'BEX10005362','Nắp xe vị trí lắp móc kéo',29000,5.00,'UNIT_PACKAGE',3),(1188,'2023-08-01 15:10:12.571000',NULL,0,'2023-08-02 09:11:59.077000',NULL,'BEX10005366','Nắp xe vị trí lắp móc kéo',28000,5.00,'UNIT_PACKAGE',3),(1189,'2023-08-01 15:10:12.571000',NULL,0,'2023-08-02 09:11:59.078000',NULL,'STD90000410','Nẹp',4000,5.00,'UNIT_PACKAGE',3),(1190,'2023-08-01 15:10:12.572000',NULL,0,'2023-08-02 09:11:59.078000',NULL,'BEX10003385','Nẹp',24000,5.00,'UNIT_PACKAGE',3),(1191,'2023-08-01 15:10:12.572000',NULL,0,'2023-08-02 09:11:59.079000',NULL,'STD90000293','Nẹp',3000,5.00,'UNIT_PACKAGE',3),(1192,'2023-08-01 15:10:12.572000',NULL,0,'2023-08-02 09:11:59.079000',NULL,'STD90000584','Nẹp',2000,5.00,'UNIT_PACKAGE',3),(1193,'2023-08-01 15:10:12.573000',NULL,0,'2023-08-02 09:11:59.079000',NULL,'STD90000880','Nẹp',4000,5.00,'UNIT_PACKAGE',3),(1194,'2023-08-01 15:10:12.573000',NULL,0,'2023-08-02 09:11:59.080000',NULL,'BEX10003443','Nẹp bánh xe, sau phải',343000,5.00,'UNIT_PACKAGE',3),(1195,'2023-08-01 15:10:12.573000',NULL,0,'2023-08-02 09:11:59.080000',NULL,'BEX10003442','Nẹp bánh xe, sau trái',343000,5.00,'UNIT_PACKAGE',3),(1196,'2023-08-01 15:10:12.573000',NULL,0,'2023-08-02 09:11:59.080000',NULL,'BEX10003441','Nẹp bánh xe, trước phải',338000,5.00,'UNIT_PACKAGE',3),(1197,'2023-08-01 15:10:12.574000',NULL,0,'2023-08-02 09:11:59.081000',NULL,'BEX10003647','Nẹp bánh xe, trước phải',341000,5.00,'UNIT_PACKAGE',3),(1198,'2023-08-01 15:10:12.574000',NULL,0,'2023-08-02 09:11:59.081000',NULL,'BEX10003440','Nẹp bánh xe, trước trái',338000,5.00,'UNIT_PACKAGE',3),(1199,'2023-08-01 15:10:12.574000',NULL,0,'2023-08-02 09:11:59.081000',NULL,'BEX10003646','Nẹp bánh xe, trước trái',341000,5.00,'UNIT_PACKAGE',3),(1200,'2023-08-01 15:10:12.575000',NULL,0,'2023-08-02 09:11:59.081000',NULL,'BEX10003474','Nẹp bảo vệ cạnh cản sau, bên phải',38000,5.00,'UNIT_PACKAGE',3),(1201,'2023-08-01 15:10:12.578000',NULL,0,'2023-08-02 09:11:59.082000',NULL,'BEX10003473','Nẹp bảo vệ cạnh cản sau, bên trái',38000,5.00,'UNIT_PACKAGE',3),(1202,'2023-08-01 15:10:12.579000',NULL,0,'2023-08-02 09:11:59.082000',NULL,'BIW10006455','Nẹp cao su, bên ngoài, cửa trước trái',88000,5.00,'UNIT_PACKAGE',3),(1203,'2023-08-01 15:10:12.579000',NULL,0,'2023-08-02 09:11:59.082000',NULL,'STD90000008','Nẹp giữ',5000,5.00,'UNIT_PACKAGE',3),(1204,'2023-08-01 15:10:12.580000',NULL,0,'2023-08-02 09:11:59.083000',NULL,'BEX10003439','Nẹp giữ, sau phải',125000,5.00,'UNIT_PACKAGE',3),(1205,'2023-08-01 15:10:12.580000',NULL,0,'2023-08-02 09:11:59.083000',NULL,'BEX10003438','Nẹp giữ, sau trái',125000,5.00,'UNIT_PACKAGE',3),(1206,'2023-08-01 15:10:12.581000',NULL,0,'2023-08-02 09:11:59.083000',NULL,'BEX10003437','Nẹp giữ, trước phải',133000,5.00,'UNIT_PACKAGE',3),(1207,'2023-08-01 15:10:12.581000',NULL,0,'2023-08-02 09:11:59.084000',NULL,'BEX10003436','Nẹp giữ, trước trái',133000,5.00,'UNIT_PACKAGE',3),(1208,'2023-08-01 15:10:12.581000',NULL,0,'2023-08-02 09:11:59.084000',NULL,'BEX10005407','Nẹp hốc cản sau, bên phải',40000,5.00,'UNIT_PACKAGE',3),(1209,'2023-08-01 15:10:12.582000',NULL,0,'2023-08-02 09:11:59.084000',NULL,'BEX10005406','Nẹp hốc cản sau, bên trái',40000,5.00,'UNIT_PACKAGE',3),(1210,'2023-08-01 15:10:12.582000',NULL,0,'2023-08-02 09:11:59.085000',NULL,'BIW10001494','Nẹp kính phía trong, phải',123000,5.00,'UNIT_PACKAGE',3),(1211,'2023-08-01 15:10:12.583000',NULL,0,'2023-08-02 09:11:59.085000',NULL,'BIW10001726','Nẹp kính phía trong, phải',105000,5.00,'UNIT_PACKAGE',3),(1212,'2023-08-01 15:10:12.583000',NULL,0,'2023-08-02 09:11:59.085000',NULL,'BIW10001728','Nẹp kính phía trong, phải, cửa nhỏ',61000,5.00,'UNIT_PACKAGE',3),(1213,'2023-08-01 15:10:12.583000',NULL,0,'2023-08-02 09:11:59.085000',NULL,'BIW10001493','Nẹp kính phía trong, trái',123000,5.00,'UNIT_PACKAGE',3),(1214,'2023-08-01 15:10:12.584000',NULL,0,'2023-08-02 09:11:59.086000',NULL,'BIW10001725','Nẹp kính phía trong, trái',105000,5.00,'UNIT_PACKAGE',3),(1215,'2023-08-01 15:10:12.584000',NULL,0,'2023-08-02 09:11:59.086000',NULL,'BIW10001727','Nẹp kính phía trong, trái, cửa nhỏ',61000,5.00,'UNIT_PACKAGE',3),(1216,'2023-08-01 15:10:12.584000',NULL,0,'2023-08-02 09:11:59.086000',NULL,'BIW10000682','Nẹp mép cửa, cột B, bên phải',307000,5.00,'UNIT_PACKAGE',3),(1217,'2023-08-01 15:10:12.584000',NULL,0,'2023-08-02 09:11:59.087000',NULL,'BIW10000681','Nẹp mép cửa, cột B, bên trái',307000,5.00,'UNIT_PACKAGE',3),(1218,'2023-08-01 15:10:12.585000',NULL,0,'2023-08-02 09:11:59.088000',NULL,'BEX10008056','Nẹp trang trí cạnh bên cản sau, bên phải, đã sơn',175000,5.00,'UNIT_PACKAGE',3),(1219,'2023-08-01 15:10:12.585000',NULL,0,'2023-08-02 09:11:59.090000',NULL,'BEX10003624','Nẹp trang trí cạnh bên cản sau, bên phải, mạ crom',177000,5.00,'UNIT_PACKAGE',3),(1220,'2023-08-01 15:10:12.585000',NULL,0,'2023-08-02 09:11:59.091000',NULL,'BEX10008055','Nẹp trang trí cạnh bên cản sau, bên trái, đã sơn',175000,5.00,'UNIT_PACKAGE',3),(1221,'2023-08-01 15:10:12.586000',NULL,0,'2023-08-02 09:11:59.092000',NULL,'BEX10003622','Nẹp trang trí cạnh bên cản sau, bên trái, mạ crom',177000,5.00,'UNIT_PACKAGE',3),(1222,'2023-08-01 15:10:12.586000',NULL,0,'2023-08-02 09:11:59.092000',NULL,'BIW10001734','Nẹp trang trí Crom, phải',779000,5.00,'UNIT_PACKAGE',3),(1223,'2023-08-01 15:10:12.586000',NULL,0,'2023-08-02 09:11:59.093000',NULL,'BIW10001733','Nẹp trang trí Crom, trái',779000,5.00,'UNIT_PACKAGE',3),(1224,'2023-08-01 15:10:12.587000',NULL,0,'2023-08-02 09:11:59.093000',NULL,'BIW10002122','Nẹp trang trí Đen, phải',748000,5.00,'UNIT_PACKAGE',3),(1225,'2023-08-01 15:10:12.587000',NULL,0,'2023-08-02 09:11:59.094000',NULL,'BIW10002121','Nẹp trang trí Đen, trái',748000,5.00,'UNIT_PACKAGE',3),(1226,'2023-08-01 15:10:12.587000',NULL,0,'2023-08-02 09:11:59.094000',NULL,'BIW10001736','Nẹp trang trí giữa, bên phải',766000,5.00,'UNIT_PACKAGE',3),(1227,'2023-08-01 15:10:12.588000',NULL,0,'2023-08-02 09:11:59.095000',NULL,'BIW10002064','Nẹp trang trí giữa, bên phải, mạ crom',814000,5.00,'UNIT_PACKAGE',3),(1228,'2023-08-01 15:10:12.588000',NULL,0,'2023-08-02 09:11:59.095000',NULL,'BIW10001735','Nẹp trang trí giữa, bên trái',766000,5.00,'UNIT_PACKAGE',3),(1229,'2023-08-01 15:10:12.588000',NULL,0,'2023-08-02 09:11:59.096000',NULL,'BIW10002063','Nẹp trang trí giữa, bên trái, mạ crom',814000,5.00,'UNIT_PACKAGE',3),(1230,'2023-08-01 15:10:12.589000',NULL,0,'2023-08-02 09:11:59.096000',NULL,'BEX10007366','Nẹp trang trí lưới tản nhiệt, đã sơn',153000,5.00,'UNIT_PACKAGE',3),(1231,'2023-08-01 15:10:12.589000',NULL,0,'2023-08-02 09:11:59.096000',NULL,'BEX10003627','Nẹp trang trí lưới tản nhiệt, mạ crom',229000,5.00,'UNIT_PACKAGE',3),(1232,'2023-08-01 15:10:12.589000',NULL,0,'2023-08-02 09:11:59.097000',NULL,'BEX10003628','Nẹp trang trí lưới tản nhiệt, mạ crom, tấm cạnh',123000,5.00,'UNIT_PACKAGE',3),(1233,'2023-08-01 15:10:12.590000',NULL,0,'2023-08-02 09:11:59.097000',NULL,'BEX10005371','Nẹp trang trí nóc xe, bên trái',680000,5.00,'UNIT_PACKAGE',3),(1234,'2023-08-01 15:10:12.590000',NULL,0,'2023-08-02 09:11:59.097000',NULL,'BEX10005372','Nẹp trang trí nóc xe, bên trái',680000,5.00,'UNIT_PACKAGE',3),(1235,'2023-08-01 15:10:12.591000',NULL,0,'2023-08-02 09:11:59.098000',NULL,'BEX10008962','Nẹp trang trí ống xả, bên phải',1438000,5.00,'UNIT_PACKAGE',3),(1236,'2023-08-01 15:10:12.594000',NULL,0,'2023-08-02 09:11:59.098000',NULL,'BEX10008961','Nẹp trang trí ống xả, bên trái',1412000,5.00,'UNIT_PACKAGE',3),(1237,'2023-08-01 15:10:12.595000',NULL,0,'2023-08-02 09:11:59.098000',NULL,'BEX10003640','Nẹp trang trí trên lưới tản nhiệt, Crom',223000,5.00,'UNIT_PACKAGE',3),(1238,'2023-08-01 15:10:12.596000',NULL,0,'2023-08-02 09:11:59.098000',NULL,'BEX10007365','Nẹp trang trí trên lưới tản nhiệt, sơn',163000,5.00,'UNIT_PACKAGE',3),(1239,'2023-08-01 15:10:12.596000',NULL,0,'2023-08-02 09:11:59.099000',NULL,'BIW10002066','Nẹp trang trí trên, Crom, phải',793000,5.00,'UNIT_PACKAGE',3),(1240,'2023-08-01 15:10:12.596000',NULL,0,'2023-08-02 09:11:59.099000',NULL,'BIW10002080','Nẹp trang trí trên, Crom, phải',642000,5.00,'UNIT_PACKAGE',3),(1241,'2023-08-01 15:10:12.597000',NULL,0,'2023-08-02 09:11:59.099000',NULL,'BIW10002065','Nẹp trang trí trên, Crom, trái',793000,5.00,'UNIT_PACKAGE',3),(1242,'2023-08-01 15:10:12.597000',NULL,0,'2023-08-02 09:11:59.100000',NULL,'BIW10002079','Nẹp trang trí trên, Crom, trái',642000,5.00,'UNIT_PACKAGE',3),(1243,'2023-08-01 15:10:12.598000',NULL,0,'2023-08-02 09:11:59.100000',NULL,'BIW10001750','Nẹp trang trí trên, màu đen, phải',609000,5.00,'UNIT_PACKAGE',3),(1244,'2023-08-01 15:10:12.598000',NULL,0,'2023-08-02 09:11:59.100000',NULL,'BIW10001738','Nẹp trang trí trên, màu đen, phải',745000,5.00,'UNIT_PACKAGE',3),(1245,'2023-08-01 15:10:12.598000',NULL,0,'2023-08-02 09:11:59.100000',NULL,'BIW10001749','Nẹp trang trí trên, màu đen, trái',609000,5.00,'UNIT_PACKAGE',3),(1246,'2023-08-01 15:10:12.599000',NULL,0,'2023-08-02 09:11:59.101000',NULL,'BIW10001737','Nẹp trang trí trên, màu đen, trái',745000,5.00,'UNIT_PACKAGE',3),(1247,'2023-08-01 15:10:12.599000',NULL,0,'2023-08-02 09:11:59.101000',NULL,'BIW10001490','Nẹp trang trí, Crom, phải',789000,5.00,'UNIT_PACKAGE',3),(1248,'2023-08-01 15:10:12.599000',NULL,0,'2023-08-02 09:11:59.101000',NULL,'BIW10001489','Nẹp trang trí, Crom, trái',789000,5.00,'UNIT_PACKAGE',3),(1249,'2023-08-01 15:10:12.600000',NULL,0,'2023-08-02 09:11:59.102000',NULL,'BIW10001492','Nẹp trang trí, màu đen, phải',743000,5.00,'UNIT_PACKAGE',3),(1250,'2023-08-01 15:10:12.600000',NULL,0,'2023-08-02 09:11:59.102000',NULL,'BIW10001491','Nẹp trang trí, màu đen, trái',743000,5.00,'UNIT_PACKAGE',3),(1251,'2023-08-01 15:10:12.600000',NULL,0,'2023-08-02 09:11:59.102000',NULL,'BEX10008331','Nẹp trên kính sườn, viền Crom, phải',502000,5.00,'UNIT_PACKAGE',3),(1252,'2023-08-01 15:10:12.600000',NULL,0,'2023-08-02 09:11:59.103000',NULL,'BEX10008329','Nẹp trên kính sườn, viền Crom, trái',502000,5.00,'UNIT_PACKAGE',3),(1253,'2023-08-01 15:10:12.601000',NULL,0,'2023-08-02 09:11:59.103000',NULL,'BEX10008327','Nẹp trên kính sườn, viền đen, phải',467000,5.00,'UNIT_PACKAGE',3),(1254,'2023-08-01 15:10:12.601000',NULL,0,'2023-08-02 09:11:59.103000',NULL,'BEX10008325','Nẹp trên kính sườn, viền đen, trái',467000,5.00,'UNIT_PACKAGE',3),(1255,'2023-08-01 15:10:12.601000',NULL,0,'2023-08-02 09:11:59.104000',NULL,'BIW10000683','Nẹp trên mép cửa, cột  B, trái',328000,5.00,'UNIT_PACKAGE',3),(1256,'2023-08-01 15:10:12.602000',NULL,0,'2023-08-02 09:11:59.107000',NULL,'BIW10000687','Nẹp trên mép cửa, cột  B, trái',328000,5.00,'UNIT_PACKAGE',3),(1257,'2023-08-01 15:10:12.602000',NULL,0,'2023-08-02 09:11:59.108000',NULL,'BIW10001691','Nẹp trên mép cửa, cột  C, trái',328000,5.00,'UNIT_PACKAGE',3),(1258,'2023-08-01 15:10:12.602000',NULL,0,'2023-08-02 09:11:59.109000',NULL,'BIW10000810','Nẹp trên mép cửa, cột A, phải',230000,5.00,'UNIT_PACKAGE',3),(1259,'2023-08-01 15:10:12.603000',NULL,0,'2023-08-02 09:11:59.109000',NULL,'BIW10000809','Nẹp trên mép cửa, cột A, trái',230000,5.00,'UNIT_PACKAGE',3),(1260,'2023-08-01 15:10:12.603000',NULL,0,'2023-08-02 09:11:59.110000',NULL,'BIW10000684','Nẹp trên mép cửa, cột B, phải',328000,5.00,'UNIT_PACKAGE',3),(1261,'2023-08-01 15:10:12.603000',NULL,0,'2023-08-02 09:11:59.110000',NULL,'BIW10000688','Nẹp trên mép cửa, cột B, phải',328000,5.00,'UNIT_PACKAGE',3),(1262,'2023-08-01 15:10:12.603000',NULL,0,'2023-08-02 09:11:59.111000',NULL,'BIW10001692','Nẹp trên mép cửa, cột C, phải',328000,5.00,'UNIT_PACKAGE',3),(1263,'2023-08-01 15:10:12.604000',NULL,0,'2023-08-02 09:11:59.112000',NULL,'BIN10005456BGA','Nẹp, phải, màu be',340000,5.00,'UNIT_PACKAGE',3),(1264,'2023-08-01 15:10:12.604000',NULL,0,'2023-08-02 09:11:59.113000',NULL,'BIN10005456BKA','Nẹp, phải, màu đen',337000,5.00,'UNIT_PACKAGE',3),(1265,'2023-08-01 15:10:12.604000',NULL,0,'2023-08-02 09:11:59.113000',NULL,'BIN10005456BRA','Nẹp, phải, màu nâu',339000,5.00,'UNIT_PACKAGE',3),(1266,'2023-08-01 15:10:12.605000',NULL,0,'2023-08-02 09:11:59.113000',NULL,'BIN10005455BGA','Nẹp, trái, màu be',340000,5.00,'UNIT_PACKAGE',3),(1267,'2023-08-01 15:10:12.605000',NULL,0,'2023-08-02 09:11:59.114000',NULL,'BIN10005455BKA','Nẹp, trái, màu đen',337000,5.00,'UNIT_PACKAGE',3),(1268,'2023-08-01 15:10:12.605000',NULL,0,'2023-08-02 09:11:59.114000',NULL,'BIN10005455BRA','Nẹp, trái, màu nâu',339000,5.00,'UNIT_PACKAGE',3),(1269,'2023-08-01 15:10:12.605000',NULL,0,'2023-08-02 09:11:59.115000',NULL,'STD90000852','Ngàm',7000,5.00,'UNIT_PACKAGE',3),(1270,'2023-08-01 15:10:12.606000',NULL,0,'2023-08-02 09:11:59.115000',NULL,'BIW10001680','Ngàm khóa',47000,5.00,'UNIT_PACKAGE',3),(1271,'2023-08-01 15:10:12.606000',NULL,0,'2023-08-02 09:11:59.115000',NULL,'STD90000350','Nở nhựa',2000,5.00,'UNIT_PACKAGE',3),(1272,'2023-08-01 15:10:12.606000',NULL,0,'2023-08-02 09:11:59.116000',NULL,'STD90000571','Nở nhựa',2000,5.00,'UNIT_PACKAGE',3),(1273,'2023-08-01 15:10:12.607000',NULL,0,'2023-08-02 09:11:59.116000',NULL,'STD90001322','Nút',8000,5.00,'UNIT_PACKAGE',3),(1274,'2023-08-01 15:10:12.607000',NULL,0,'2023-08-02 09:11:59.117000',NULL,'STD90001063','Nút bấm',3000,5.00,'UNIT_PACKAGE',3),(1275,'2023-08-01 15:10:12.608000',NULL,0,'2023-08-02 09:11:59.117000',NULL,'PWT10002951','Nút bịt',10000,5.00,'UNIT_PACKAGE',3),(1276,'2023-08-01 15:10:12.611000',NULL,0,'2023-08-02 09:11:59.118000',NULL,'STD90000395','Nút bịt',9000,5.00,'UNIT_PACKAGE',3),(1277,'2023-08-01 15:10:12.612000',NULL,0,'2023-08-02 09:11:59.118000',NULL,'STD90000396','Nút bịt',9000,5.00,'UNIT_PACKAGE',3),(1278,'2023-08-01 15:10:12.613000',NULL,0,'2023-08-02 09:11:59.118000',NULL,'STD90000523','Nút bịt',3000,5.00,'UNIT_PACKAGE',3),(1279,'2023-08-01 15:10:12.614000',NULL,0,'2023-08-02 09:11:59.119000',NULL,'STD90000892','Nút bịt',2000,5.00,'UNIT_PACKAGE',3),(1280,'2023-08-01 15:10:12.614000',NULL,0,'2023-08-02 09:11:59.119000',NULL,'STD99000005','Nút bịt',1000,5.00,'UNIT_PACKAGE',3),(1281,'2023-08-01 15:10:12.614000',NULL,0,'2023-08-02 09:11:59.119000',NULL,'BEX10007937','Nút bịt lỗ lắp camera trước',64000,5.00,'UNIT_PACKAGE',3),(1282,'2023-08-01 15:10:12.615000',NULL,0,'2023-08-02 09:11:59.120000',NULL,'STD90000938','Nút che',2000,5.00,'UNIT_PACKAGE',3),(1283,'2023-08-01 15:10:12.615000',NULL,0,'2023-08-02 09:11:59.121000',NULL,'STD90001021','Nút thoát nước',13000,5.00,'UNIT_PACKAGE',3),(1284,'2023-08-01 15:10:12.615000',NULL,0,'2023-08-02 09:11:59.124000',NULL,'EEP10005747','Ổ cắm điện 230V',226000,5.00,'UNIT_PACKAGE',3),(1285,'2023-08-01 15:10:12.616000',NULL,0,'2023-08-02 09:11:59.125000',NULL,'BIW10001517','Ổ khóa nắp cốp sau loại mở chậm và tự động mở',1257000,5.00,'UNIT_PACKAGE',3),(1286,'2023-08-01 15:10:12.616000',NULL,0,'2023-08-02 09:11:59.125000',NULL,'STD90000267','Ốc Banjo 1',19000,5.00,'UNIT_PACKAGE',3),(1287,'2023-08-01 15:10:12.616000',NULL,0,'2023-08-02 09:11:59.126000',NULL,'STD90000268','Ốc Banjo 2',21000,5.00,'UNIT_PACKAGE',3),(1288,'2023-08-01 15:10:12.617000',NULL,0,'2023-08-02 09:11:59.127000',NULL,'CHS10002263','Ống',63000,5.00,'UNIT_PACKAGE',3),(1289,'2023-08-01 15:10:12.617000',NULL,0,'2023-08-02 09:11:59.127000',NULL,'CHS10002323','Ống',92000,5.00,'UNIT_PACKAGE',3),(1290,'2023-08-01 15:10:12.617000',NULL,0,'2023-08-02 09:11:59.128000',NULL,'ENG10005983','Ống cao áp',1671000,5.00,'UNIT_PACKAGE',3),(1291,'2023-08-01 15:10:12.618000',NULL,0,'2023-08-02 09:11:59.129000',NULL,'CHS10007685','Ống cấp khí',225000,5.00,'UNIT_PACKAGE',3),(1292,'2023-08-01 15:10:12.618000',NULL,0,'2023-08-02 09:11:59.129000',NULL,'ENG10005919','Ống cấp từ bơm vào thân máy',290000,5.00,'UNIT_PACKAGE',3),(1293,'2023-08-01 15:10:12.618000',NULL,0,'2023-08-02 09:11:59.130000',NULL,'ENG10005839','Ống chân không\'',186000,5.00,'UNIT_PACKAGE',3),(1294,'2023-08-01 15:10:12.619000',NULL,0,'2023-08-02 09:11:59.130000',NULL,'EEP10007041','Ống cố định dây điện khoang động cơ, phía trước bên phải',20000,5.00,'UNIT_PACKAGE',3),(1295,'2023-08-01 15:10:12.619000',NULL,0,'2023-08-02 09:11:59.131000',NULL,'CHS10002318','Ống dȁn dầu phanh (ra cơ cấu phanh trước)',218000,5.00,'UNIT_PACKAGE',3),(1296,'2023-08-01 15:10:12.619000',NULL,0,'2023-08-02 09:11:59.131000',NULL,'BIN10004452','Ống dȁn hướng gió xuống chân bên lái',152000,5.00,'UNIT_PACKAGE',3),(1297,'2023-08-01 15:10:12.620000',NULL,0,'2023-08-02 09:11:59.132000',NULL,'BIN10004106','Ống dȁn hướng gió xuống chân bên phụ',135000,5.00,'UNIT_PACKAGE',3),(1298,'2023-08-01 15:10:12.620000',NULL,0,'2023-08-02 09:11:59.132000',NULL,'BEX10003270','Ống dȁn nước phía dưới',250000,5.00,'UNIT_PACKAGE',3),(1299,'2023-08-01 15:10:12.620000',NULL,0,'2023-08-02 09:11:59.133000',NULL,'BIN10004021','Ống dȁn nước phía trên, bên phải',63000,5.00,'UNIT_PACKAGE',3),(1300,'2023-08-01 15:10:12.621000',NULL,0,'2023-08-02 09:11:59.133000',NULL,'BIN10004020','Ống dȁn nước phía trên, bên trái',63000,5.00,'UNIT_PACKAGE',3),(1301,'2023-08-01 15:10:12.621000',NULL,0,'2023-08-02 09:11:59.133000',NULL,'BEX10003318','Ống dȁn nước rửa kính',272000,5.00,'UNIT_PACKAGE',3),(1302,'2023-08-01 15:10:12.621000',NULL,0,'2023-08-02 09:11:59.134000',NULL,'BEX10003561','Ống dȁn nước rửa kính',267000,5.00,'UNIT_PACKAGE',3),(1303,'2023-08-01 15:10:12.622000',NULL,0,'2023-08-02 09:11:59.134000',NULL,'BEX10003733','Ống dȁn nước rửa kính',860000,5.00,'UNIT_PACKAGE',3),(1304,'2023-08-01 15:10:12.622000',NULL,0,'2023-08-02 09:11:59.134000',NULL,'BEX10003740','Ống dȁn nước rửa kính',854000,5.00,'UNIT_PACKAGE',3),(1305,'2023-08-01 15:10:12.622000',NULL,0,'2023-08-02 09:11:59.135000',NULL,'ENG10005820','Ống dầu',100000,5.00,'UNIT_PACKAGE',3),(1306,'2023-08-01 15:10:12.623000',NULL,0,'2023-08-02 09:11:59.135000',NULL,'ENG10005908','Ống dầu',9655000,5.00,'UNIT_PACKAGE',3),(1307,'2023-08-01 15:10:12.623000',NULL,0,'2023-08-02 09:11:59.136000',NULL,'BIN10004484','Ống giảm xóc',77000,5.00,'UNIT_PACKAGE',3),(1308,'2023-08-01 15:10:12.623000',NULL,0,'2023-08-02 09:11:59.136000',NULL,'BIN10004485','Ống giảm xóc',49000,5.00,'UNIT_PACKAGE',3),(1309,'2023-08-01 15:10:12.624000',NULL,0,'2023-08-02 09:11:59.136000',NULL,'BIN10003980','Ống gió điều hòa',87000,5.00,'UNIT_PACKAGE',3),(1310,'2023-08-01 15:10:12.624000',NULL,0,'2023-08-02 09:11:59.136000',NULL,'PWT10002941','Ống khí',203000,5.00,'UNIT_PACKAGE',3),(1311,'2023-08-01 15:10:12.624000',NULL,0,'2023-08-02 09:11:59.137000',NULL,'STD90001255','Ống lót',48000,5.00,'UNIT_PACKAGE',3),(1312,'2023-08-01 15:10:12.625000',NULL,0,'2023-08-02 09:11:59.138000',NULL,'PWT10002877','Ống nhỏ',127000,5.00,'UNIT_PACKAGE',3),(1313,'2023-08-01 15:10:12.625000',NULL,0,'2023-08-02 09:11:59.138000',NULL,'BIN10004510','Ống nối',21000,5.00,'UNIT_PACKAGE',3),(1314,'2023-08-01 15:10:12.628000',NULL,0,'2023-08-02 09:11:59.139000',NULL,'CHS10002395','Ống nối',36000,5.00,'UNIT_PACKAGE',3),(1315,'2023-08-01 15:10:12.629000',NULL,0,'2023-08-02 09:11:59.139000',NULL,'CHS10002396','Ống nối',36000,5.00,'UNIT_PACKAGE',3),(1316,'2023-08-01 15:10:12.630000',NULL,0,'2023-08-02 09:11:59.140000',NULL,'ENG10005921','Ống nước',160000,5.00,'UNIT_PACKAGE',3),(1317,'2023-08-01 15:10:12.630000',NULL,0,'2023-08-02 09:11:59.140000',NULL,'PWT10002852','Ống nước số 1 từ Động cơ tới Két nước',532000,5.00,'UNIT_PACKAGE',3),(1318,'2023-08-01 15:10:12.630000',NULL,0,'2023-08-02 09:11:59.141000',NULL,'PWT10002853','Ống nước số 2 từ Két nước tới Động cơ',421000,5.00,'UNIT_PACKAGE',3),(1319,'2023-08-01 15:10:12.631000',NULL,0,'2023-08-02 09:11:59.141000',NULL,'PWT10002843','Ống nước số 3',1131000,5.00,'UNIT_PACKAGE',3),(1320,'2023-08-01 15:10:12.631000',NULL,0,'2023-08-02 09:11:59.141000',NULL,'PWT10002832','Ống nước số 4',250000,5.00,'UNIT_PACKAGE',3),(1321,'2023-08-01 15:10:12.631000',NULL,0,'2023-08-02 09:11:59.142000',NULL,'ENG10006063','Ống nước từ bơm ra van hằng nhiệt',249000,5.00,'UNIT_PACKAGE',3),(1322,'2023-08-01 15:10:12.632000',NULL,0,'2023-08-02 09:11:59.142000',NULL,'ENG10005918','Ống nước từ bơm ra van hằng nhiệt',244000,5.00,'UNIT_PACKAGE',3),(1323,'2023-08-01 15:10:12.632000',NULL,0,'2023-08-02 09:11:59.143000',NULL,'BIN10003895','Ống thoát nước sàn, bên phải',33000,5.00,'UNIT_PACKAGE',3),(1324,'2023-08-01 15:10:12.632000',NULL,0,'2023-08-02 09:11:59.143000',NULL,'BIN10003894','Ống thoát nước sàn, bên trái',3263000,5.00,'UNIT_PACKAGE',3),(1325,'2023-08-01 15:10:12.633000',NULL,0,'2023-08-02 09:11:59.143000',NULL,'ENG10005829','Ống thông gió',459000,5.00,'UNIT_PACKAGE',3),(1326,'2023-08-01 15:10:12.633000',NULL,0,'2023-08-02 09:11:59.144000',NULL,'BIN10004948','Ốp bậc cửa sau, phải',74000,5.00,'UNIT_PACKAGE',3),(1327,'2023-08-01 15:10:12.634000',NULL,0,'2023-08-02 09:11:59.144000',NULL,'BIN10004947','Ốp bậc cửa sau, trái',74000,5.00,'UNIT_PACKAGE',3),(1328,'2023-08-01 15:10:12.634000',NULL,0,'2023-08-02 09:11:59.145000',NULL,'BIN10004910','Ốp bậc cửa trước, phải',97000,5.00,'UNIT_PACKAGE',3),(1329,'2023-08-01 15:10:12.635000',NULL,0,'2023-08-02 09:11:59.145000',NULL,'BIN10004909','Ốp bậc cửa trước, trái',97000,5.00,'UNIT_PACKAGE',3),(1330,'2023-08-01 15:10:12.635000',NULL,0,'2023-08-02 09:11:59.146000',NULL,'BIN10005141','Ốp bên cạnh, phía ngoài, ghế phải',59000,5.00,'UNIT_PACKAGE',3),(1331,'2023-08-01 15:10:12.635000',NULL,0,'2023-08-02 09:11:59.179000',NULL,'BIN10005140','Ốp bên cạnh, phía ngoài, ghế trái',59000,5.00,'UNIT_PACKAGE',3),(1332,'2023-08-01 15:10:12.636000',NULL,0,'2023-08-02 09:11:59.179000',NULL,'BIN10004946','Ốp bên, táp lô, phải',108000,5.00,'UNIT_PACKAGE',3),(1333,'2023-08-01 15:10:12.636000',NULL,0,'2023-08-02 09:11:59.193000',NULL,'BIN10004959','Ốp bên, táp lô, trái',106000,5.00,'UNIT_PACKAGE',3),(1334,'2023-08-01 15:10:12.636000',NULL,0,'2023-08-02 09:11:59.193000',NULL,'BEX10006509','Ốp chân cửa lái',146000,5.00,'UNIT_PACKAGE',3),(1335,'2023-08-01 15:10:12.637000',NULL,0,'2023-08-02 09:11:59.194000',NULL,'BIN10006389','Ốp chân gương hình tam giác phải',84000,5.00,'UNIT_PACKAGE',3),(1336,'2023-08-01 15:10:12.637000',NULL,0,'2023-08-02 09:11:59.195000',NULL,'BIN10006390','Ốp chân gương phải, bản có BSM',104000,5.00,'UNIT_PACKAGE',3),(1337,'2023-08-01 15:10:12.637000',NULL,0,'2023-08-02 09:11:59.196000',NULL,'BIN10006387','Ốp chân gương trái',84000,5.00,'UNIT_PACKAGE',3),(1338,'2023-08-01 15:10:12.637000',NULL,0,'2023-08-02 09:11:59.196000',NULL,'BIN10006388','Ốp chân gương trái, bản có BSM',104000,5.00,'UNIT_PACKAGE',3),(1339,'2023-08-01 15:10:12.638000',NULL,0,'2023-08-02 09:11:59.197000',NULL,'BEX10003268','Ốp chân kính chắn gió',648000,5.00,'UNIT_PACKAGE',3),(1340,'2023-08-01 15:10:12.638000',NULL,0,'2023-08-02 09:11:59.198000',NULL,'BIN10005135','Ốp chân, hàng ghế thứ 3, phía trước, phải',107000,5.00,'UNIT_PACKAGE',3),(1341,'2023-08-01 15:10:12.638000',NULL,0,'2023-08-02 09:11:59.199000',NULL,'BIN10005134','Ốp chân, hàng ghế thứ 3, phía trước, trái',107000,5.00,'UNIT_PACKAGE',3),(1342,'2023-08-01 15:10:12.639000',NULL,0,'2023-08-02 09:11:59.200000',NULL,'BIN10004554','Ốp chân, táp lô, bên hành khách',356000,5.00,'UNIT_PACKAGE',3),(1343,'2023-08-01 15:10:12.639000',NULL,0,'2023-08-02 09:11:59.200000',NULL,'BIN10004555','Ốp chân, táp lô, bên lái',374000,5.00,'UNIT_PACKAGE',3),(1344,'2023-08-01 15:10:12.640000',NULL,0,'2023-08-02 09:11:59.201000',NULL,'BIN10005067','Ốp cố định, phía ngoài',89000,5.00,'UNIT_PACKAGE',3),(1345,'2023-08-01 15:10:12.640000',NULL,0,'2023-08-02 09:11:59.201000',NULL,'BIN10005066','Ốp cố định, phía trong',89000,5.00,'UNIT_PACKAGE',3),(1346,'2023-08-01 15:10:12.640000',NULL,0,'2023-08-02 09:11:59.202000',NULL,'BIN10005065','Ốp cố định, trước',60000,5.00,'UNIT_PACKAGE',3),(1347,'2023-08-01 15:10:12.640000',NULL,0,'2023-08-02 09:11:59.202000',NULL,'BIN10004970','Ốp cột A dưới, phải',99000,5.00,'UNIT_PACKAGE',3),(1348,'2023-08-01 15:10:12.641000',NULL,0,'2023-08-02 09:11:59.203000',NULL,'BIN10004969','Ốp cột A dưới, trái',101000,5.00,'UNIT_PACKAGE',3),(1349,'2023-08-01 15:10:12.641000',NULL,0,'2023-08-02 09:11:59.203000',NULL,'BIN10004950','Ốp cột A phía trên, phải',301000,5.00,'UNIT_PACKAGE',3),(1350,'2023-08-01 15:10:12.641000',NULL,0,'2023-08-02 09:11:59.204000',NULL,'BIN10004949','Ốp cột A phía trên, trái',301000,5.00,'UNIT_PACKAGE',3),(1351,'2023-08-01 15:10:12.642000',NULL,0,'2023-08-02 09:11:59.204000',NULL,'BIN10005411','Ốp cột B phía dưới, phải',380000,5.00,'UNIT_PACKAGE',3),(1352,'2023-08-01 15:10:12.645000',NULL,0,'2023-08-02 09:11:59.205000',NULL,'BIN10005410','Ốp cột B phía dưới, trái',380000,5.00,'UNIT_PACKAGE',3),(1353,'2023-08-01 15:10:12.645000',NULL,0,'2023-08-02 09:11:59.206000',NULL,'BIN10004952','Ốp cột B phía trên, phải',256000,5.00,'UNIT_PACKAGE',3),(1354,'2023-08-01 15:10:12.646000',NULL,0,'2023-08-02 09:11:59.207000',NULL,'BIN10004951','Ốp cột B phía trên, trái',256000,5.00,'UNIT_PACKAGE',3),(1355,'2023-08-01 15:10:12.646000',NULL,0,'2023-08-02 09:11:59.207000',NULL,'BIN10005413','Ốp cột C phía dưới, phải',363000,5.00,'UNIT_PACKAGE',3),(1356,'2023-08-01 15:10:12.646000',NULL,0,'2023-08-02 09:11:59.208000',NULL,'BIN10005412','Ốp cột C phía dưới, trái',1325000,5.00,'UNIT_PACKAGE',3),(1357,'2023-08-01 15:10:12.647000',NULL,0,'2023-08-02 09:11:59.208000',NULL,'BIN10005123','Ốp cột C phía trên, phải',320000,5.00,'UNIT_PACKAGE',3),(1358,'2023-08-01 15:10:12.647000',NULL,0,'2023-08-02 09:11:59.209000',NULL,'BIN10005122','Ốp cột C phía trên, trái',320000,5.00,'UNIT_PACKAGE',3),(1359,'2023-08-01 15:10:12.647000',NULL,0,'2023-08-02 09:11:59.209000',NULL,'BEX10008328','Ốp cột D, phải',315000,5.00,'UNIT_PACKAGE',3),(1360,'2023-08-01 15:10:12.648000',NULL,0,'2023-08-02 09:11:59.210000',NULL,'BIN10004956','Ốp cột D, phải',89000,5.00,'UNIT_PACKAGE',3),(1361,'2023-08-01 15:10:12.648000',NULL,0,'2023-08-02 09:11:59.211000',NULL,'BEX10008326','Ốp cột D, trái',315000,5.00,'UNIT_PACKAGE',3),(1362,'2023-08-01 15:10:12.649000',NULL,0,'2023-08-02 09:11:59.211000',NULL,'BIN10004955','Ốp cột D, trái',89000,5.00,'UNIT_PACKAGE',3),(1363,'2023-08-01 15:10:12.649000',NULL,0,'2023-08-02 09:11:59.212000',NULL,'BIN10005387','Ốp cửa hậu',1338000,5.00,'UNIT_PACKAGE',3),(1364,'2023-08-01 15:10:12.650000',NULL,0,'2023-08-02 09:11:59.212000',NULL,'BIN10004994','Ốp cửa hậu phía trên',300000,5.00,'UNIT_PACKAGE',3),(1365,'2023-08-01 15:10:12.651000',NULL,0,'2023-08-02 09:11:59.212000',NULL,'BIN10005389','Ốp cửa hậu, phải',177000,5.00,'UNIT_PACKAGE',3),(1366,'2023-08-01 15:10:12.651000',NULL,0,'2023-08-02 09:11:59.213000',NULL,'BIN10005388','Ốp cửa hậu, trái',177000,5.00,'UNIT_PACKAGE',3),(1367,'2023-08-01 15:10:12.651000',NULL,0,'2023-08-02 09:11:59.213000',NULL,'BIN10003968','Ốp dưới, cụm vô lăng',692000,5.00,'UNIT_PACKAGE',3),(1368,'2023-08-01 15:10:12.652000',NULL,0,'2023-08-02 09:11:59.214000',NULL,'BIN10007981BGA','Ốp dưới, táp lô, bên hành khách, màu be',1918000,5.00,'UNIT_PACKAGE',3),(1369,'2023-08-01 15:10:12.652000',NULL,0,'2023-08-02 09:11:59.214000',NULL,'BIN10007981BKA','Ốp dưới, táp lô, bên hành khách, màu đen',1889000,5.00,'UNIT_PACKAGE',3),(1370,'2023-08-01 15:10:12.652000',NULL,0,'2023-08-02 09:11:59.215000',NULL,'BIN10007981BRA','Ốp dưới, táp lô, bên hành khách, màu nâu',1906000,5.00,'UNIT_PACKAGE',3),(1371,'2023-08-01 15:10:12.652000',NULL,0,'2023-08-02 09:11:59.215000',NULL,'BIN10007978BGA','Ốp dưới, táp lô, bên lái, màu be',2077000,5.00,'UNIT_PACKAGE',3),(1372,'2023-08-01 15:10:12.653000',NULL,0,'2023-08-02 09:11:59.215000',NULL,'BIN10007978BKA','Ốp dưới, táp lô, bên lái, màu đen',2052000,5.00,'UNIT_PACKAGE',3),(1373,'2023-08-01 15:10:12.653000',NULL,0,'2023-08-02 09:11:59.216000',NULL,'BIN10007978BRA','Ốp dưới, táp lô, bên lái, màu nâu',2068000,5.00,'UNIT_PACKAGE',3),(1374,'2023-08-01 15:10:12.653000',NULL,0,'2023-08-02 09:11:59.216000',NULL,'BEX10003667','Ốp gầm',735000,5.00,'UNIT_PACKAGE',3),(1375,'2023-08-01 15:10:12.654000',NULL,0,'2023-08-02 09:11:59.217000',NULL,'BEX10003658','Ốp gầm bên, phải',224000,5.00,'UNIT_PACKAGE',3),(1376,'2023-08-01 15:10:12.654000',NULL,0,'2023-08-02 09:11:59.217000',NULL,'BEX10003657','Ốp gầm bên, trái',220000,5.00,'UNIT_PACKAGE',3),(1377,'2023-08-01 15:10:12.654000',NULL,0,'2023-08-02 09:11:59.218000',NULL,'BEX10003788','Ốp gầm chỗ ống xả',350000,5.00,'UNIT_PACKAGE',3),(1378,'2023-08-01 15:10:12.655000',NULL,0,'2023-08-02 09:11:59.218000',NULL,'SVC10001045','Ốp gương chiếu hậu bên lái',302000,5.00,'UNIT_PACKAGE',3),(1379,'2023-08-01 15:10:12.655000',NULL,0,'2023-08-02 09:11:59.218000',NULL,'SVC10001046','Ốp gương chiếu hậu bên phụ',302000,5.00,'UNIT_PACKAGE',3),(1380,'2023-08-01 15:10:12.655000',NULL,0,'2023-08-02 09:11:59.219000',NULL,'BEX10003425','Ốp hông xe phải',789000,5.00,'UNIT_PACKAGE',3),(1381,'2023-08-01 15:10:12.656000',NULL,0,'2023-08-02 09:11:59.219000',NULL,'BEX10003424','Ốp hông xe trái',789000,5.00,'UNIT_PACKAGE',3),(1382,'2023-08-01 15:10:12.656000',NULL,0,'2023-08-02 09:11:59.220000',NULL,'BIN10005033','Ốp nhựa ngàm khóa',20000,5.00,'UNIT_PACKAGE',3),(1383,'2023-08-01 15:10:12.656000',NULL,0,'2023-08-02 09:11:59.220000',NULL,'BIW10002030','Ốp nhựa phía trong, phải',383000,5.00,'UNIT_PACKAGE',3),(1384,'2023-08-01 15:10:12.657000',NULL,0,'2023-08-02 09:11:59.221000',NULL,'BIW10002029','Ốp nhựa phía trong, trái',383000,5.00,'UNIT_PACKAGE',3),(1385,'2023-08-01 15:10:12.657000',NULL,0,'2023-08-02 09:11:59.222000',NULL,'BIN10007634','Ốp ray ghế trước',14000,5.00,'UNIT_PACKAGE',3),(1386,'2023-08-01 15:10:12.657000',NULL,0,'2023-08-02 09:11:59.223000',NULL,'BIN10005441BGA','Ốp sườn phải, phía trên, màu be',365000,5.00,'UNIT_PACKAGE',3),(1387,'2023-08-01 15:10:12.658000',NULL,0,'2023-08-02 09:11:59.224000',NULL,'BIN10004978','Ốp sườn phải, tấm dưới',681000,5.00,'UNIT_PACKAGE',3),(1388,'2023-08-01 15:10:12.659000',NULL,0,'2023-08-02 09:11:59.224000',NULL,'BIN10005437BGA','Ốp sườn phải, tấm giữa, màu be',1009000,5.00,'UNIT_PACKAGE',3),(1389,'2023-08-01 15:10:12.660000',NULL,0,'2023-08-02 09:11:59.225000',NULL,'BIN10005437BKA','Ốp sườn phải, tấm giữa, màu đen',988000,5.00,'UNIT_PACKAGE',3),(1390,'2023-08-01 15:10:12.662000',NULL,0,'2023-08-02 09:11:59.225000',NULL,'BIN10005437BRA','Ốp sườn phải, tấm giữa, màu nâu',1000000,5.00,'UNIT_PACKAGE',3),(1391,'2023-08-01 15:10:12.662000',NULL,0,'2023-08-02 09:11:59.226000',NULL,'BIN10005436','Ốp sườn phải, tấm phía trước',475000,5.00,'UNIT_PACKAGE',3),(1392,'2023-08-01 15:10:12.663000',NULL,0,'2023-08-02 09:11:59.227000',NULL,'BIN10005440BGA','Ốp sườn trái, phía trên, màu be',365000,5.00,'UNIT_PACKAGE',3),(1393,'2023-08-01 15:10:12.663000',NULL,0,'2023-08-02 09:11:59.227000',NULL,'BIN10005440BRA','Ốp sườn trái, phía trên, màu nâu',364000,5.00,'UNIT_PACKAGE',3),(1394,'2023-08-01 15:10:12.663000',NULL,0,'2023-08-02 09:11:59.228000',NULL,'BIN10004977','Ốp sườn trái, tấm dưới',681000,5.00,'UNIT_PACKAGE',3),(1395,'2023-08-01 15:10:12.664000',NULL,0,'2023-08-02 09:11:59.229000',NULL,'BIN10005353BGA','Ốp sườn trái, tấm giữa, màu be',1008000,5.00,'UNIT_PACKAGE',3),(1396,'2023-08-01 15:10:12.664000',NULL,0,'2023-08-02 09:11:59.229000',NULL,'BIN10005353BRA','Ốp sườn trái, tấm giữa, màu nâu',1000000,5.00,'UNIT_PACKAGE',3),(1397,'2023-08-01 15:10:12.664000',NULL,0,'2023-08-02 09:11:59.230000',NULL,'BIN10005435','Ốp sườn trái, tấm phía trước',475000,5.00,'UNIT_PACKAGE',3),(1398,'2023-08-01 15:10:12.665000',NULL,0,'2023-08-02 09:11:59.230000',NULL,'BIN10006170','Ốp tay mở cửa bên trong, bên phải',104000,5.00,'UNIT_PACKAGE',3),(1399,'2023-08-01 15:10:12.665000',NULL,0,'2023-08-02 09:11:59.231000',NULL,'BIN10005318','Ốp tay mở cửa bên trong, bên phải, bản có đèn mờ',104000,5.00,'UNIT_PACKAGE',3),(1400,'2023-08-01 15:10:12.665000',NULL,0,'2023-08-02 09:11:59.232000',NULL,'BIN10006169','Ốp tay mở cửa bên trong, bên trái',104000,5.00,'UNIT_PACKAGE',3),(1401,'2023-08-01 15:10:12.665000',NULL,0,'2023-08-02 09:11:59.232000',NULL,'BIN10005317','Ốp tay mở cửa bên trong, bên trái, bản có đèn mờ',104000,5.00,'UNIT_PACKAGE',3),(1402,'2023-08-01 15:10:12.666000',NULL,0,'2023-08-02 09:11:59.232000',NULL,'BIN10008700','Ốp tay mở cửa bên trong, cửa bên sau phải',104000,5.00,'UNIT_PACKAGE',3),(1403,'2023-08-01 15:10:12.666000',NULL,0,'2023-08-02 09:11:59.233000',NULL,'BIN10008701','Ốp tay mở cửa bên trong, cửa bên sau phải, bản có đèn\nmở',104000,5.00,'UNIT_PACKAGE',3),(1404,'2023-08-01 15:10:12.666000',NULL,0,'2023-08-02 09:11:59.233000',NULL,'BIN10008698','Ốp tay mở cửa bên trong, cửa bên sau trái',104000,5.00,'UNIT_PACKAGE',3),(1405,'2023-08-01 15:10:12.667000',NULL,0,'2023-08-02 09:11:59.234000',NULL,'BIN10008699','Ốp tay mở cửa bên trong, cửa bên sau trái, bản có đèn mở',104000,5.00,'UNIT_PACKAGE',3),(1406,'2023-08-01 15:10:12.667000',NULL,0,'2023-08-02 09:11:59.234000',NULL,'BIW10001878','Ốp trang trí chân cửa, Crom, phải',851000,5.00,'UNIT_PACKAGE',3),(1407,'2023-08-01 15:10:12.667000',NULL,0,'2023-08-02 09:11:59.235000',NULL,'BIW10001876','Ốp trang trí chân cửa, Crom, phải',965000,5.00,'UNIT_PACKAGE',3),(1408,'2023-08-01 15:10:12.667000',NULL,0,'2023-08-02 09:11:59.235000',NULL,'BIW10001877','Ốp trang trí chân cửa, Crom, trái',851000,5.00,'UNIT_PACKAGE',3),(1409,'2023-08-01 15:10:12.668000',NULL,0,'2023-08-02 09:11:59.236000',NULL,'BIW10001875','Ốp trang trí chân cửa, Crom, trái',965000,5.00,'UNIT_PACKAGE',3),(1410,'2023-08-01 15:10:12.668000',NULL,0,'2023-08-02 09:11:59.236000',NULL,'BIW10008808','Ốp trang trí chân cửa, màu đen, phải',737000,5.00,'UNIT_PACKAGE',3),(1411,'2023-08-01 15:10:12.668000',NULL,0,'2023-08-02 09:11:59.237000',NULL,'BIW10008806','Ốp trang trí chân cửa, màu đen, phải',848000,5.00,'UNIT_PACKAGE',3),(1412,'2023-08-01 15:10:12.669000',NULL,0,'2023-08-02 09:11:59.237000',NULL,'BIW10008807','Ốp trang trí chân cửa, màu đen, trái',737000,5.00,'UNIT_PACKAGE',3),(1413,'2023-08-01 15:10:12.669000',NULL,0,'2023-08-02 09:11:59.239000',NULL,'BIW10008805','Ốp trang trí chân cửa, màu đen, trái',848000,5.00,'UNIT_PACKAGE',3),(1414,'2023-08-01 15:10:12.670000',NULL,0,'2023-08-02 09:11:59.240000',NULL,'BIN10005007','Ốp trang trí khoang hành lý, dưới, phải',261000,5.00,'UNIT_PACKAGE',3),(1415,'2023-08-01 15:10:12.670000',NULL,0,'2023-08-02 09:11:59.241000',NULL,'BIN10007802','Ốp trang trí khoang hành lý, dưới, phải',429000,5.00,'UNIT_PACKAGE',3),(1416,'2023-08-01 15:10:12.670000',NULL,0,'2023-08-02 09:11:59.242000',NULL,'BIN10005006','Ốp trang trí khoang hành lý, dưới, trái',261000,5.00,'UNIT_PACKAGE',3),(1417,'2023-08-01 15:10:12.671000',NULL,0,'2023-08-02 09:11:59.243000',NULL,'BIN10007801','Ốp trang trí khoang hành lý, dưới, trái',429000,5.00,'UNIT_PACKAGE',3),(1418,'2023-08-01 15:10:12.671000',NULL,0,'2023-08-02 09:11:59.243000',NULL,'BIN10006175','Ốp trang trí khoang hành lý, trên phải',1699000,5.00,'UNIT_PACKAGE',3),(1419,'2023-08-01 15:10:12.671000',NULL,0,'2023-08-02 09:11:59.244000',NULL,'BIN10004945','Ốp trang trí khoang hành lý, trên trái',1683000,5.00,'UNIT_PACKAGE',3),(1420,'2023-08-01 15:10:12.672000',NULL,0,'2023-08-02 09:11:59.244000',NULL,'BIN10004637','Ốp trang trí tay mở cửa trước phải',123000,5.00,'UNIT_PACKAGE',3),(1421,'2023-08-01 15:10:12.672000',NULL,0,'2023-08-02 09:11:59.245000',NULL,'BIN10006172','Ốp trang trí tay mở cửa trước phải (đèn bao quanh)',123000,5.00,'UNIT_PACKAGE',3),(1422,'2023-08-01 15:10:12.673000',NULL,0,'2023-08-02 09:11:59.245000',NULL,'BIN10004636','Ốp trang trí tay mở cửa trước trái',123000,5.00,'UNIT_PACKAGE',3),(1423,'2023-08-01 15:10:12.673000',NULL,0,'2023-08-02 09:11:59.246000',NULL,'BIN10006171','Ốp trang trí tay mở cửa trước trái (đèn bao quanh)',123000,5.00,'UNIT_PACKAGE',3),(1424,'2023-08-01 15:10:12.673000',NULL,0,'2023-08-02 09:11:59.246000',NULL,'BIN10003970','Ốp trên, cụm vô lăng',291000,5.00,'UNIT_PACKAGE',3),(1425,'2023-08-01 15:10:12.673000',NULL,0,'2023-08-02 09:11:59.246000',NULL,'BIN10004074','Ốp viền màn hình điều khiển',482000,5.00,'UNIT_PACKAGE',3),(1426,'2023-08-01 15:10:12.674000',NULL,0,'2023-08-02 09:11:59.247000',NULL,'ENG10005790','Phớt đầu trục 65X79X10',78000,5.00,'UNIT_PACKAGE',3),(1427,'2023-08-01 15:10:12.674000',NULL,0,'2023-08-02 09:11:59.247000',NULL,'ENG10005791','Phớt đuôi trục 90X110X8',155000,5.00,'UNIT_PACKAGE',3),(1428,'2023-08-01 15:10:12.675000',NULL,0,'2023-08-02 09:11:59.247000',NULL,'ENG10005886','Phớt đuôi xu páp',12000,5.00,'UNIT_PACKAGE',3),(1429,'2023-08-01 15:10:12.675000',NULL,0,'2023-08-02 09:11:59.248000',NULL,'ENG10006044','Pit tông',328000,5.00,'UNIT_PACKAGE',3),(1430,'2023-08-01 15:10:12.676000',NULL,0,'2023-08-02 09:11:59.248000',NULL,'PWT10002864','Quạt',3832000,5.00,'UNIT_PACKAGE',3),(1431,'2023-08-01 15:10:12.678000',NULL,0,'2023-08-02 09:11:59.249000',NULL,'SVC10008790','Quạt gió',1840000,5.00,'UNIT_PACKAGE',3),(1432,'2023-08-01 15:10:12.679000',NULL,0,'2023-08-02 09:11:59.249000',NULL,'BEX10003764','Rãnh thoát nước bên phải',56000,5.00,'UNIT_PACKAGE',3),(1433,'2023-08-01 15:10:12.679000',NULL,0,'2023-08-02 09:11:59.249000',NULL,'BEX10003763','Rãnh thoát nước bên trái',56000,5.00,'UNIT_PACKAGE',3),(1434,'2023-08-01 15:10:12.680000',NULL,0,'2023-08-02 09:11:59.250000',NULL,'BIN10005397','Rèm chắn nắng phía sau',3616000,5.00,'UNIT_PACKAGE',3),(1435,'2023-08-01 15:10:12.680000',NULL,0,'2023-08-02 09:11:59.251000',NULL,'CHS10008060','Rơ le điều khiển',599000,5.00,'UNIT_PACKAGE',3),(1436,'2023-08-01 15:10:12.680000',NULL,0,'2023-08-02 09:11:59.251000',NULL,'CHS10008061','Rơ le điều khiển',599000,5.00,'UNIT_PACKAGE',3),(1437,'2023-08-01 15:10:12.681000',NULL,0,'2023-08-02 09:11:59.252000',NULL,'EEP10007353','Rơ le điều khiển phanh',652000,5.00,'UNIT_PACKAGE',3),(1438,'2023-08-01 15:10:12.681000',NULL,0,'2023-08-02 09:11:59.252000',NULL,'CHS10002394','Rô tuyn thanh cân bằng cầu sau 2 bên x2',177000,5.00,'UNIT_PACKAGE',3),(1439,'2023-08-01 15:10:12.681000',NULL,0,'2023-08-02 09:11:59.253000',NULL,'CHS10002393','Rô tuyn thanh cân bằng cầu trước 2 bên x 2, bắt vào giảm\nxóc trước',213000,5.00,'UNIT_PACKAGE',3),(1440,'2023-08-01 15:10:12.682000',NULL,0,'2023-08-02 09:11:59.253000',NULL,'BIW10002038','Tai đỡ bên phải',26000,5.00,'UNIT_PACKAGE',3),(1441,'2023-08-01 15:10:12.682000',NULL,0,'2023-08-02 09:11:59.254000',NULL,'BEX10007397','Tai đỡ cụm dầm trước, bên phải',26000,5.00,'UNIT_PACKAGE',3),(1442,'2023-08-01 15:10:12.682000',NULL,0,'2023-08-02 09:11:59.255000',NULL,'BEX10007396','Tai đỡ cụm dầm trước, bên trái',26000,5.00,'UNIT_PACKAGE',3),(1443,'2023-08-01 15:10:12.683000',NULL,0,'2023-08-02 09:11:59.257000',NULL,'STD90000369','Tai kẹp cố định cản trước',2000,5.00,'UNIT_PACKAGE',3),(1444,'2023-08-01 15:10:12.683000',NULL,0,'2023-08-02 09:11:59.258000',NULL,'STD90001014','Tai kẹp đường ống',20000,5.00,'UNIT_PACKAGE',3),(1445,'2023-08-01 15:10:12.683000',NULL,0,'2023-08-02 09:11:59.258000',NULL,'STD90000982','Tai Kẹp đường ống',6000,5.00,'UNIT_PACKAGE',3),(1446,'2023-08-01 15:10:12.684000',NULL,0,'2023-08-02 09:11:59.259000',NULL,'STD90001173','Tai kẹp đường ống, kẹp 3',12000,5.00,'UNIT_PACKAGE',3),(1447,'2023-08-01 15:10:12.684000',NULL,0,'2023-08-02 09:11:59.260000',NULL,'BEX10003348','Tai kẹp nẹp',8000,5.00,'UNIT_PACKAGE',3),(1448,'2023-08-01 15:10:12.684000',NULL,0,'2023-08-02 09:11:59.260000',NULL,'STD90000530','Tai kẹp nẹp, phía dưới',7000,5.00,'UNIT_PACKAGE',3),(1449,'2023-08-01 15:10:12.684000',NULL,0,'2023-08-02 09:11:59.262000',NULL,'BIN10003977','Tai kẹp trụ giữa',25000,5.00,'UNIT_PACKAGE',3),(1450,'2023-08-01 15:10:12.685000',NULL,0,'2023-08-02 09:11:59.262000',NULL,'STD90000572','Tai nhựa bắt đinh vít',2000,5.00,'UNIT_PACKAGE',3),(1451,'2023-08-01 15:10:12.685000',NULL,0,'2023-08-02 09:11:59.263000',NULL,'BEX10008361','Tấm',30000,5.00,'UNIT_PACKAGE',3),(1452,'2023-08-01 15:10:12.686000',NULL,0,'2023-08-02 09:11:59.263000',NULL,'BEX10008362','Tấm',30000,5.00,'UNIT_PACKAGE',3),(1453,'2023-08-01 15:10:12.686000',NULL,0,'2023-08-02 09:11:59.264000',NULL,'CHS10002660','Tấm',130000,5.00,'UNIT_PACKAGE',3),(1454,'2023-08-01 15:10:12.686000',NULL,0,'2023-08-02 09:11:59.264000',NULL,'CHS10003218','Tấm',25000,5.00,'UNIT_PACKAGE',3),(1455,'2023-08-01 15:10:12.687000',NULL,0,'2023-08-02 09:11:59.265000',NULL,'STD90000522','Tấm bảo vệ',13000,5.00,'UNIT_PACKAGE',3),(1456,'2023-08-01 15:10:12.687000',NULL,0,'2023-08-02 09:11:59.265000',NULL,'BEX10003753','Tấm cách âm khoang động cơ',270000,5.00,'UNIT_PACKAGE',3),(1457,'2023-08-01 15:10:12.687000',NULL,0,'2023-08-02 09:11:59.266000',NULL,'BEX10003754','Tấm cách âm khoang động cơ',271000,5.00,'UNIT_PACKAGE',3),(1458,'2023-08-01 15:10:12.688000',NULL,0,'2023-08-02 09:11:59.266000',NULL,'BEX10003756','Tấm cách âm khoang động cơ',396000,5.00,'UNIT_PACKAGE',3),(1459,'2023-08-01 15:10:12.688000',NULL,0,'2023-08-02 09:11:59.267000',NULL,'BIN10004487','Tấm cách âm khoang động cơ',1383000,5.00,'UNIT_PACKAGE',3),(1460,'2023-08-01 15:10:12.689000',NULL,0,'2023-08-02 09:11:59.267000',NULL,'BIN10004507','Tấm cách âm khoang động cơ',108000,5.00,'UNIT_PACKAGE',3),(1461,'2023-08-01 15:10:12.689000',NULL,0,'2023-08-02 09:11:59.268000',NULL,'BIW10000852','Tấm cách âm khoang động cơ',475000,5.00,'UNIT_PACKAGE',3),(1462,'2023-08-01 15:10:12.689000',NULL,0,'2023-08-02 09:11:59.268000',NULL,'BIN10004293','Tấm cách âm phía dưới, trụ giữa, bên phải',42000,5.00,'UNIT_PACKAGE',3),(1463,'2023-08-01 15:10:12.690000',NULL,0,'2023-08-02 09:11:59.268000',NULL,'BIN10004490','Tấm cách âm sàn sau',239000,5.00,'UNIT_PACKAGE',3),(1464,'2023-08-01 15:10:12.690000',NULL,0,'2023-08-02 09:11:59.269000',NULL,'BIN10004305','Tấm cách âm tấm chắn hốc lốp, bên phải',167000,5.00,'UNIT_PACKAGE',3),(1465,'2023-08-01 15:10:12.690000',NULL,0,'2023-08-02 09:11:59.269000',NULL,'BIN10004304','Tấm cách âm tấm chắn hốc lốp, bên trái',139000,5.00,'UNIT_PACKAGE',3),(1466,'2023-08-01 15:10:12.691000',NULL,0,'2023-08-02 09:11:59.270000',NULL,'BIN10004301','Tấm cách âm thanh giảm chấn, bên phải',73000,5.00,'UNIT_PACKAGE',3),(1467,'2023-08-01 15:10:12.691000',NULL,0,'2023-08-02 09:11:59.270000',NULL,'BIN10004300','Tấm cách âm thanh giảm chấn, bên trái',73000,5.00,'UNIT_PACKAGE',3),(1468,'2023-08-01 15:10:12.691000',NULL,0,'2023-08-02 09:11:59.271000',NULL,'BIN10004501','Tấm cách âm trần phía sau',208000,5.00,'UNIT_PACKAGE',3),(1469,'2023-08-01 15:10:12.692000',NULL,0,'2023-08-02 09:11:59.272000',NULL,'BIN10004499','Tấm cách âm trần phía trước',133000,5.00,'UNIT_PACKAGE',3),(1470,'2023-08-01 15:10:12.693000',NULL,0,'2023-08-02 09:11:59.273000',NULL,'BEX10003382','Tấm cách nhiệt',64000,5.00,'UNIT_PACKAGE',3),(1471,'2023-08-01 15:10:12.695000',NULL,0,'2023-08-02 09:11:59.274000',NULL,'BEX10003460','Tấm cách nhiệt bên phải',84000,5.00,'UNIT_PACKAGE',3),(1472,'2023-08-01 15:10:12.695000',NULL,0,'2023-08-02 09:11:59.274000',NULL,'BEX10003459','Tấm cách nhiệt bên trái',81000,5.00,'UNIT_PACKAGE',3),(1473,'2023-08-01 15:10:12.696000',NULL,0,'2023-08-02 09:11:59.275000',NULL,'BEX10003378','Tấm cách nhiệt bình xăng',276000,5.00,'UNIT_PACKAGE',3),(1474,'2023-08-01 15:10:12.696000',NULL,0,'2023-08-02 09:11:59.276000',NULL,'BEX10003452','Tấm cách nhiệt cản sau, bên trái',223000,5.00,'UNIT_PACKAGE',3),(1475,'2023-08-01 15:10:12.696000',NULL,0,'2023-08-02 09:11:59.276000',NULL,'BEX10003458','Tấm cách nhiệt phía sau bên phải',366000,5.00,'UNIT_PACKAGE',3),(1476,'2023-08-01 15:10:12.697000',NULL,0,'2023-08-02 09:11:59.277000',NULL,'BEX10003455','Tấm cách nhiệt phía trước bên phải',280000,5.00,'UNIT_PACKAGE',3),(1477,'2023-08-01 15:10:12.697000',NULL,0,'2023-08-02 09:11:59.279000',NULL,'BEX10003453','Tấm cách nhiệt, khoang động cơ, bên phải',69000,5.00,'UNIT_PACKAGE',3),(1478,'2023-08-01 15:10:12.697000',NULL,0,'2023-08-02 09:11:59.279000',NULL,'BEX10003454','Tấm cách nhiệt, khoang động cơ, phía trên bên phải',110000,5.00,'UNIT_PACKAGE',3),(1479,'2023-08-01 15:10:12.698000',NULL,0,'2023-08-02 09:11:59.280000',NULL,'BEX10003383','Tấm cách nhiệt, phía trước',103000,5.00,'UNIT_PACKAGE',3),(1480,'2023-08-01 15:10:12.698000',NULL,0,'2023-08-02 09:11:59.280000',NULL,'BEX10003380','Tấm cách nhiệt, sàn xe',276000,5.00,'UNIT_PACKAGE',3),(1481,'2023-08-01 15:10:12.698000',NULL,0,'2023-08-02 09:11:59.280000',NULL,'CHS10002515','Tấm chắn bụi',1303000,5.00,'UNIT_PACKAGE',3),(1482,'2023-08-01 15:10:12.699000',NULL,0,'2023-08-02 09:11:59.281000',NULL,'BEX10005022','Tấm chắn bùn phía dưới',625000,5.00,'UNIT_PACKAGE',3),(1483,'2023-08-01 15:10:12.699000',NULL,0,'2023-08-02 09:11:59.281000',NULL,'PWT10002980','Tấm che',23000,5.00,'UNIT_PACKAGE',3),(1484,'2023-08-01 15:10:12.699000',NULL,0,'2023-08-02 09:11:59.282000',NULL,'PWT10003241','Tấm che',407000,5.00,'UNIT_PACKAGE',3),(1485,'2023-08-01 15:10:12.700000',NULL,0,'2023-08-02 09:11:59.282000',NULL,'BEX10003672','Tấm che',52000,5.00,'UNIT_PACKAGE',3),(1486,'2023-08-01 15:10:12.701000',NULL,0,'2023-08-02 09:11:59.283000',NULL,'BIW10001912','Tấm che',133000,5.00,'UNIT_PACKAGE',3),(1487,'2023-08-01 15:10:12.701000',NULL,0,'2023-08-02 09:11:59.283000',NULL,'BIW10001599','Tấm che bảo vệ cửa',3000,5.00,'UNIT_PACKAGE',3),(1488,'2023-08-01 15:10:12.701000',NULL,0,'2023-08-02 09:11:59.284000',NULL,'BEX10003285','Tấm che bình xăng, bên phải',118000,5.00,'UNIT_PACKAGE',3),(1489,'2023-08-01 15:10:12.702000',NULL,0,'2023-08-02 09:11:59.284000',NULL,'BEX10003284','Tấm che bình xăng, bên trái',117000,5.00,'UNIT_PACKAGE',3),(1490,'2023-08-01 15:10:12.702000',NULL,0,'2023-08-02 09:11:59.285000',NULL,'PWT10003175','Tấm che cạnh hộp số',232000,5.00,'UNIT_PACKAGE',3),(1491,'2023-08-01 15:10:12.703000',NULL,0,'2023-08-02 09:11:59.285000',NULL,'BIW10000686','Tấm che cửa bên ngoài, trụ giữa, cửa sau phải',331000,5.00,'UNIT_PACKAGE',3),(1492,'2023-08-01 15:10:12.703000',NULL,0,'2023-08-02 09:11:59.286000',NULL,'BIW10000685','Tấm che cửa bên ngoài, trụ giữa, cửa sau trái',331000,5.00,'UNIT_PACKAGE',3),(1493,'2023-08-01 15:10:12.704000',NULL,0,'2023-08-02 09:11:59.286000',NULL,'BEX10003490','Tấm che hốc lốp, sau phải',594000,5.00,'UNIT_PACKAGE',3),(1494,'2023-08-01 15:10:12.704000',NULL,0,'2023-08-02 09:11:59.286000',NULL,'BEX10003489','Tấm che hốc lốp, sau trái',594000,5.00,'UNIT_PACKAGE',3),(1495,'2023-08-01 15:10:12.704000',NULL,0,'2023-08-02 09:11:59.287000',NULL,'EEP10008303','Tấm che hộp âm trầm',116000,5.00,'UNIT_PACKAGE',3),(1496,'2023-08-01 15:10:12.704000',NULL,0,'2023-08-02 09:11:59.288000',NULL,'EEP10008304','Tấm che hộp âm trầm',116000,5.00,'UNIT_PACKAGE',3),(1497,'2023-08-01 15:10:12.705000',NULL,0,'2023-08-02 09:11:59.289000',NULL,'BEX10003599','Tấm che phía dưới động cơ',503000,5.00,'UNIT_PACKAGE',3),(1498,'2023-08-01 15:10:12.705000',NULL,0,'2023-08-02 09:11:59.290000',NULL,'BEX10003761','Tấm che số 1 khoang động cơ bên phải',221000,5.00,'UNIT_PACKAGE',3),(1499,'2023-08-01 15:10:12.705000',NULL,0,'2023-08-02 09:11:59.291000',NULL,'BEX10003760','Tấm che số 1 khoang động cơ bên trái',221000,5.00,'UNIT_PACKAGE',3),(1500,'2023-08-01 15:10:12.706000',NULL,0,'2023-08-02 09:11:59.291000',NULL,'BEX10003283','Tấm che thước lái bên phải',114000,5.00,'UNIT_PACKAGE',3),(1501,'2023-08-01 15:10:12.706000',NULL,0,'2023-08-02 09:11:59.292000',NULL,'BEX10003282','Tấm che thước lái bên trái',111000,5.00,'UNIT_PACKAGE',3),(1502,'2023-08-01 15:10:12.706000',NULL,0,'2023-08-02 09:11:59.292000',NULL,'BEX10007949','Tấm che, phải',59000,5.00,'UNIT_PACKAGE',3),(1503,'2023-08-01 15:10:12.706000',NULL,0,'2023-08-02 09:11:59.293000',NULL,'BEX10007004','Tấm che, sau phải',280000,5.00,'UNIT_PACKAGE',3),(1504,'2023-08-01 15:10:12.707000',NULL,0,'2023-08-02 09:11:59.293000',NULL,'BEX10003314','Tấm che, sau trái',280000,5.00,'UNIT_PACKAGE',3),(1505,'2023-08-01 15:10:12.707000',NULL,0,'2023-08-02 09:11:59.294000',NULL,'BEX10007948','Tấm che, trái',59000,5.00,'UNIT_PACKAGE',3),(1506,'2023-08-01 15:10:12.707000',NULL,0,'2023-08-02 09:11:59.294000',NULL,'ENG10005928','Tấm chống nóng',78000,5.00,'UNIT_PACKAGE',3),(1507,'2023-08-01 15:10:12.708000',NULL,0,'2023-08-02 09:11:59.295000',NULL,'CHS10002426','Tấm chống nóng',83000,5.00,'UNIT_PACKAGE',3),(1508,'2023-08-01 15:10:12.708000',NULL,0,'2023-08-02 09:11:59.295000',NULL,'BEX10003269','Tấm chụp 1',806000,5.00,'UNIT_PACKAGE',3),(1509,'2023-08-01 15:10:12.708000',NULL,0,'2023-08-02 09:11:59.295000',NULL,'BEX10003360','Tấm chụp 2',200000,5.00,'UNIT_PACKAGE',3),(1510,'2023-08-01 15:10:12.709000',NULL,0,'2023-08-02 09:11:59.296000',NULL,'BEX10003768','Tấm chụp 3',267000,5.00,'UNIT_PACKAGE',3),(1511,'2023-08-01 15:10:12.712000',NULL,0,'2023-08-02 09:11:59.296000',NULL,'EEP10007060','Tấm đậy hộp cầu chì',1535000,5.00,'UNIT_PACKAGE',3),(1512,'2023-08-01 15:10:12.712000',NULL,0,'2023-08-02 09:11:59.297000',NULL,'BIN10004701','Tấm đậy loa trung tâm',274000,5.00,'UNIT_PACKAGE',3),(1513,'2023-08-01 15:10:12.712000',NULL,0,'2023-08-02 09:11:59.297000',NULL,'STD90000563','Tấm dính',12000,5.00,'UNIT_PACKAGE',3),(1514,'2023-08-01 15:10:12.713000',NULL,0,'2023-08-02 09:11:59.298000',NULL,'BEX10005405','Tấm đỡ cản sau',489000,5.00,'UNIT_PACKAGE',3),(1515,'2023-08-01 15:10:12.713000',NULL,0,'2023-08-02 09:11:59.298000',NULL,'BEX10007003','Tấm đỡ cản sau, bản cao cấp',486000,5.00,'UNIT_PACKAGE',3),(1516,'2023-08-01 15:10:12.714000',NULL,0,'2023-08-02 09:11:59.298000',NULL,'BEX10003507','Tấm đỡ cản sau, bên phải',416000,5.00,'UNIT_PACKAGE',3),(1517,'2023-08-01 15:10:12.714000',NULL,0,'2023-08-02 09:11:59.299000',NULL,'BEX10003506','Tấm đỡ cản sau, bên trái',416000,5.00,'UNIT_PACKAGE',3),(1518,'2023-08-01 15:10:12.714000',NULL,0,'2023-08-02 09:11:59.299000',NULL,'BEX10003653','Tấm gạt bẩn hốc lốp sau phải',43000,5.00,'UNIT_PACKAGE',3),(1519,'2023-08-01 15:10:12.715000',NULL,0,'2023-08-02 09:11:59.299000',NULL,'BEX10003652','Tấm gạt bẩn hốc lốp sau trái',44000,5.00,'UNIT_PACKAGE',3),(1520,'2023-08-01 15:10:12.715000',NULL,0,'2023-08-02 09:11:59.299000',NULL,'PWT10006992','Tấm giảm ồn',303000,5.00,'UNIT_PACKAGE',3),(1521,'2023-08-01 15:10:12.716000',NULL,0,'2023-08-02 09:11:59.300000',NULL,'ENG10005981','Tấm giảm rung động',6000,5.00,'UNIT_PACKAGE',3),(1522,'2023-08-01 15:10:12.716000',NULL,0,'2023-08-02 09:11:59.300000',NULL,'BEX10003377','Tấm hướng gió, phía dưới',214000,5.00,'UNIT_PACKAGE',3),(1523,'2023-08-01 15:10:12.716000',NULL,0,'2023-08-02 09:11:59.300000',NULL,'BIN10004251','Tấm lót phía dưới ghế sau ngoài, phải',54000,5.00,'UNIT_PACKAGE',3),(1524,'2023-08-01 15:10:12.717000',NULL,0,'2023-08-02 09:11:59.301000',NULL,'BIN10004250','Tấm lót phía dưới ghế sau ngoài, trái',82000,5.00,'UNIT_PACKAGE',3),(1525,'2023-08-01 15:10:12.717000',NULL,0,'2023-08-02 09:11:59.301000',NULL,'BIN10004257','Tấm lót phía dưới ghế sau, phải',217000,5.00,'UNIT_PACKAGE',3),(1526,'2023-08-01 15:10:12.717000',NULL,0,'2023-08-02 09:11:59.302000',NULL,'BIN10004256','Tấm lót phía dưới ghế sau, trái',223000,5.00,'UNIT_PACKAGE',3),(1527,'2023-08-01 15:10:12.717000',NULL,0,'2023-08-02 09:11:59.302000',NULL,'BIN10004255','Tấm lót phía dưới ghế trước, phải',96000,5.00,'UNIT_PACKAGE',3),(1528,'2023-08-01 15:10:12.718000',NULL,0,'2023-08-02 09:11:59.302000',NULL,'BIN10004254','Tấm lót phía dưới ghế trước, trái',131000,5.00,'UNIT_PACKAGE',3),(1529,'2023-08-01 15:10:12.718000',NULL,0,'2023-08-02 09:11:59.303000',NULL,'BIW10000459','Tấm ngăn',338000,5.00,'UNIT_PACKAGE',3),(1530,'2023-08-01 15:10:12.718000',NULL,0,'2023-08-02 09:11:59.303000',NULL,'SVC10000065','Tấm ngăn phía dưới bên ngoài, hộc đựng ăc quy',2345000,5.00,'UNIT_PACKAGE',3),(1531,'2023-08-01 15:10:12.719000',NULL,0,'2023-08-02 09:11:59.304000',NULL,'BEX10003752','Tấm ngăn, mặt trên bên phải',250000,5.00,'UNIT_PACKAGE',3),(1532,'2023-08-01 15:10:12.719000',NULL,0,'2023-08-02 09:11:59.305000',NULL,'BEX10003757','Tấm ngăn, mặt trên bên trái',246000,5.00,'UNIT_PACKAGE',3),(1533,'2023-08-01 15:10:12.719000',NULL,0,'2023-08-02 09:11:59.305000',NULL,'BEX10003755','Tấm ngăn, mặt trên, giữa',421000,5.00,'UNIT_PACKAGE',3),(1534,'2023-08-01 15:10:12.720000',NULL,0,'2023-08-02 09:11:59.306000',NULL,'BIN10005131','Tấm nhựa che loa bên phải',24000,5.00,'UNIT_PACKAGE',3),(1535,'2023-08-01 15:10:12.720000',NULL,0,'2023-08-02 09:11:59.307000',NULL,'BIN10005130','Tấm nhựa che loa bên trái',24000,5.00,'UNIT_PACKAGE',3),(1536,'2023-08-01 15:10:12.720000',NULL,0,'2023-08-02 09:11:59.307000',NULL,'BIN10005378','Tấm ốp  khoang hành khách phía sau',1466000,5.00,'UNIT_PACKAGE',3),(1537,'2023-08-01 15:10:12.721000',NULL,0,'2023-08-02 09:11:59.308000',NULL,'BIN10005379','Tấm ốp  khoang hành khách phía sau',1402000,5.00,'UNIT_PACKAGE',3),(1538,'2023-08-01 15:10:12.721000',NULL,0,'2023-08-02 09:11:59.308000',NULL,'BIN10008062','Tấm ốp  khoang hành khách phía sau',1418000,5.00,'UNIT_PACKAGE',3),(1539,'2023-08-01 15:10:12.721000',NULL,0,'2023-08-02 09:11:59.308000',NULL,'BIN10008063','Tấm ốp  khoang hành khách phía sau',1418000,5.00,'UNIT_PACKAGE',3),(1540,'2023-08-01 15:10:12.722000',NULL,0,'2023-08-02 09:11:59.309000',NULL,'BIN10005032','Tấm ốp cảnh báo \"túi khí\"',5000,5.00,'UNIT_PACKAGE',3),(1541,'2023-08-01 15:10:12.722000',NULL,0,'2023-08-02 09:11:59.310000',NULL,'BIN10005172','Tấm ốp cạnh chân, bên phải',80000,5.00,'UNIT_PACKAGE',3),(1542,'2023-08-01 15:10:12.722000',NULL,0,'2023-08-02 09:11:59.310000',NULL,'BIN10005171','Tấm ốp cạnh chân, bên trái',107000,5.00,'UNIT_PACKAGE',3),(1543,'2023-08-01 15:10:12.722000',NULL,0,'2023-08-02 09:11:59.311000',NULL,'BIN10005460BGA','Tấm ốp cạnh dưới màn hình đa phương tiện, bên phải',1339000,5.00,'UNIT_PACKAGE',3),(1544,'2023-08-01 15:10:12.722000',NULL,0,'2023-08-02 09:11:59.311000',NULL,'BIN10005460BKA','Tấm ốp cạnh dưới màn hình đa phương tiện, bên phải',1324000,5.00,'UNIT_PACKAGE',3),(1545,'2023-08-01 15:10:12.722000',NULL,0,'2023-08-02 09:11:59.312000',NULL,'BIN10005460BRA','Tấm ốp cạnh dưới màn hình đa phương tiện, bên phải',1333000,5.00,'UNIT_PACKAGE',3),(1546,'2023-08-01 15:10:12.722000',NULL,0,'2023-08-02 09:11:59.312000',NULL,'BIN10005458BGA','Tấm ốp cạnh dưới màn hình đa phương tiện, bên trái',1717000,5.00,'UNIT_PACKAGE',3),(1547,'2023-08-01 15:10:12.723000',NULL,0,'2023-08-02 09:11:59.312000',NULL,'BIN10005458BKA','Tấm ốp cạnh dưới màn hình đa phương tiện, bên trái',1698000,5.00,'UNIT_PACKAGE',3),(1548,'2023-08-01 15:10:12.723000',NULL,0,'2023-08-02 09:11:59.313000',NULL,'BIN10005458BRA','Tấm ốp cạnh dưới màn hình đa phương tiện, bên trái',1710000,5.00,'UNIT_PACKAGE',3),(1549,'2023-08-01 15:10:12.723000',NULL,0,'2023-08-02 09:11:59.313000',NULL,'BIN10005170','Tấm ốp cạnh phải bảng tap lô',95000,5.00,'UNIT_PACKAGE',3),(1550,'2023-08-01 15:10:12.724000',NULL,0,'2023-08-02 09:11:59.314000',NULL,'BIN10005169','Tấm ốp cạnh trái bảng tap lô',95000,5.00,'UNIT_PACKAGE',3),(1551,'2023-08-01 15:10:12.724000',NULL,0,'2023-08-02 09:11:59.314000',NULL,'BIN10000240','Tấm ốp chân gương bên phải',84000,5.00,'UNIT_PACKAGE',3),(1552,'2023-08-01 15:10:12.724000',NULL,0,'2023-08-02 09:11:59.314000',NULL,'BIN10006386','Tấm ốp chân gương bên phải',103000,5.00,'UNIT_PACKAGE',3),(1553,'2023-08-01 15:10:12.726000',NULL,0,'2023-08-02 09:11:59.315000',NULL,'BIN10000239','Tấm ốp chân gương bên trái',84000,5.00,'UNIT_PACKAGE',3),(1554,'2023-08-01 15:10:12.728000',NULL,0,'2023-08-02 09:11:59.315000',NULL,'BIN10006385','Tấm ốp chân gương bên trái',103000,5.00,'UNIT_PACKAGE',3),(1555,'2023-08-01 15:10:12.728000',NULL,0,'2023-08-02 09:11:59.316000',NULL,'BIN10004700','Tấm ốp cột lái, phía dưới',569000,5.00,'UNIT_PACKAGE',3),(1556,'2023-08-01 15:10:12.728000',NULL,0,'2023-08-02 09:11:59.316000',NULL,'BIN10004534','Tấm ốp cột lái, phía trên',284000,5.00,'UNIT_PACKAGE',3),(1557,'2023-08-01 15:10:12.729000',NULL,0,'2023-08-02 09:11:59.316000',NULL,'BIN10004067','Tấm ốp cửa sau khoang hành lý',287000,5.00,'UNIT_PACKAGE',3),(1558,'2023-08-01 15:10:12.729000',NULL,0,'2023-08-02 09:11:59.317000',NULL,'BIN10007140','Tấm ốp đèn báo khóa cửa trên tappi, cửa trước phải',34000,5.00,'UNIT_PACKAGE',3),(1559,'2023-08-01 15:10:12.730000',NULL,0,'2023-08-02 09:11:59.317000',NULL,'BIN10004589','Tấm ốp đèn báo khóa cửa trên tappi, cửa trước trái',34000,5.00,'UNIT_PACKAGE',3),(1560,'2023-08-01 15:10:12.730000',NULL,0,'2023-08-02 09:11:59.317000',NULL,'BIN10003934','Tấm ốp khoang hành lý, bên phải',1404000,5.00,'UNIT_PACKAGE',3),(1561,'2023-08-01 15:10:12.731000',NULL,0,'2023-08-02 09:11:59.318000',NULL,'BIN10003935','Tấm ốp khoang hành lý, bên trái',1318000,5.00,'UNIT_PACKAGE',3),(1562,'2023-08-01 15:10:12.731000',NULL,0,'2023-08-02 09:11:59.318000',NULL,'BIW10001748','Tấm ốp làm kín khung phía trên, cửa sau phải',394000,5.00,'UNIT_PACKAGE',3),(1563,'2023-08-01 15:10:12.732000',NULL,0,'2023-08-02 09:11:59.318000',NULL,'BIW10001747','Tấm ốp làm kín khung phía trên, cửa sau trái',394000,5.00,'UNIT_PACKAGE',3),(1564,'2023-08-01 15:10:12.732000',NULL,0,'2023-08-02 09:11:59.318000',NULL,'BIW10000816','Tấm ốp làm kín khung phía trên, cửa trước phải',196000,5.00,'UNIT_PACKAGE',3),(1565,'2023-08-01 15:10:12.733000',NULL,0,'2023-08-02 09:11:59.319000',NULL,'BIW10000815','Tấm ốp làm kín khung phía trên, cửa trước trái',196000,5.00,'UNIT_PACKAGE',3),(1566,'2023-08-01 15:10:12.733000',NULL,0,'2023-08-02 09:11:59.319000',NULL,'BIN10004702','Tấm ốp màn hình điều khiển',426000,5.00,'UNIT_PACKAGE',3),(1567,'2023-08-01 15:10:12.734000',NULL,0,'2023-08-02 09:11:59.319000',NULL,'BIN10003971','Tấm ốp nắp khoang hành lý',1033000,5.00,'UNIT_PACKAGE',3),(1568,'2023-08-01 15:10:12.734000',NULL,0,'2023-08-02 09:11:59.320000',NULL,'BIN10004869','Tấm ốp phía dưới bảng tap lô, bên phải',725000,5.00,'UNIT_PACKAGE',3),(1569,'2023-08-01 15:10:12.735000',NULL,0,'2023-08-02 09:11:59.320000',NULL,'BIN10004868','Tấm ốp phía dưới bảng tap lô, bên trái',767000,5.00,'UNIT_PACKAGE',3),(1570,'2023-08-01 15:10:12.735000',NULL,0,'2023-08-02 09:11:59.321000',NULL,'BIN10005462','Tấm ốp phía dưới màn hình giải trí trung tâm',152000,5.00,'UNIT_PACKAGE',3),(1571,'2023-08-01 15:10:12.736000',NULL,0,'2023-08-02 09:11:59.321000',NULL,'BIN10005497','Tấm ốp phía dưới màn hình trung tâm',140000,5.00,'UNIT_PACKAGE',3),(1572,'2023-08-01 15:10:12.736000',NULL,0,'2023-08-02 09:11:59.322000',NULL,'BIN10005179','Tấm ốp sau, phải',715000,5.00,'UNIT_PACKAGE',3),(1573,'2023-08-01 15:10:12.736000',NULL,0,'2023-08-02 09:11:59.323000',NULL,'BIN10005178','Tấm ốp sau, trái',715000,5.00,'UNIT_PACKAGE',3),(1574,'2023-08-01 15:10:12.737000',NULL,0,'2023-08-02 09:11:59.323000',NULL,'BEX10003759','Tấm ốp sô 2 khoang động cơ bên phải',193000,5.00,'UNIT_PACKAGE',3),(1575,'2023-08-01 15:10:12.737000',NULL,0,'2023-08-02 09:11:59.324000',NULL,'BEX10003758','Tấm ốp sô 2 khoang động cơ bên trái',193000,5.00,'UNIT_PACKAGE',3),(1576,'2023-08-01 15:10:12.738000',NULL,0,'2023-08-02 09:11:59.325000',NULL,'BEX10008025','Tấm ốp sô 3 khoang động cơ bên phải',204000,5.00,'UNIT_PACKAGE',3),(1577,'2023-08-01 15:10:12.738000',NULL,0,'2023-08-02 09:11:59.325000',NULL,'BEX10008024','Tấm ốp sô 3 khoang động cơ bên trái',204000,5.00,'UNIT_PACKAGE',3),(1578,'2023-08-01 15:10:12.739000',NULL,0,'2023-08-02 09:11:59.326000',NULL,'BIN10005154','Tấm ốp trang trí giữa',554000,5.00,'UNIT_PACKAGE',3),(1579,'2023-08-01 15:10:12.739000',NULL,0,'2023-08-02 09:11:59.326000',NULL,'BIN10005183','Tấm ốp trang trí giữa',943000,5.00,'UNIT_PACKAGE',3),(1580,'2023-08-01 15:10:12.740000',NULL,0,'2023-08-02 09:11:59.326000',NULL,'BIN10005113','Tấm ốp trụ giữa phía dưới, bên phải',260000,5.00,'UNIT_PACKAGE',3),(1581,'2023-08-01 15:10:12.740000',NULL,0,'2023-08-02 09:11:59.327000',NULL,'BIN10005112','Tấm ốp trụ giữa phía dưới, bên trái',260000,5.00,'UNIT_PACKAGE',3),(1582,'2023-08-01 15:10:12.740000',NULL,0,'2023-08-02 09:11:59.327000',NULL,'BIN10004953','Tấm ốp trụ giữa phía trên, bên phải',224000,5.00,'UNIT_PACKAGE',3),(1583,'2023-08-01 15:10:12.741000',NULL,0,'2023-08-02 09:11:59.327000',NULL,'BIN10005117','Tấm ốp trụ giữa phía trên, bên trái',224000,5.00,'UNIT_PACKAGE',3),(1584,'2023-08-01 15:10:12.744000',NULL,0,'2023-08-02 09:11:59.328000',NULL,'BIN10005115','Tấm ốp trụ sau, bên phải',413000,5.00,'UNIT_PACKAGE',3),(1585,'2023-08-01 15:10:12.745000',NULL,0,'2023-08-02 09:11:59.328000',NULL,'BIN10005114','Tấm ốp trụ sau, bên trái',413000,5.00,'UNIT_PACKAGE',3),(1586,'2023-08-01 15:10:12.746000',NULL,0,'2023-08-02 09:11:59.328000',NULL,'BIN10005111','Tấm ốp trụ trước, bên phải',289000,5.00,'UNIT_PACKAGE',3),(1587,'2023-08-01 15:10:12.746000',NULL,0,'2023-08-02 09:11:59.329000',NULL,'BIN10005110','Tấm ốp trụ trước, bên trái',289000,5.00,'UNIT_PACKAGE',3),(1588,'2023-08-01 15:10:12.747000',NULL,0,'2023-08-02 09:11:59.329000',NULL,'BIN10004980','Tấm ốp trước, bên dưới, phải',783000,5.00,'UNIT_PACKAGE',3),(1589,'2023-08-01 15:10:12.748000',NULL,0,'2023-08-02 09:11:59.329000',NULL,'BIN10004979','Tấm ốp trước, bên dưới, trái',783000,5.00,'UNIT_PACKAGE',3),(1590,'2023-08-01 15:10:12.748000',NULL,0,'2023-08-02 09:11:59.330000',NULL,'BIN10005198BGA','Tấm ốp trước, bên trên, phải, màu be',1174000,5.00,'UNIT_PACKAGE',3),(1591,'2023-08-01 15:10:12.749000',NULL,0,'2023-08-02 09:11:59.330000',NULL,'BIN10005198BKA','Tấm ốp trước, bên trên, phải, màu đen',1154000,5.00,'UNIT_PACKAGE',3),(1592,'2023-08-01 15:10:12.749000',NULL,0,'2023-08-02 09:11:59.330000',NULL,'BIN10005198BRA','Tấm ốp trước, bên trên, phải, màu nâu',1166000,5.00,'UNIT_PACKAGE',3),(1593,'2023-08-01 15:10:12.750000',NULL,0,'2023-08-02 09:11:59.330000',NULL,'BIN10005197BGA','Tấm ốp trước, bên trên, trái, màu be',1173000,5.00,'UNIT_PACKAGE',3),(1594,'2023-08-01 15:10:12.751000',NULL,0,'2023-08-02 09:11:59.331000',NULL,'BIN10005197BKA','Tấm ốp trước, bên trên, trái, màu đen',1153000,5.00,'UNIT_PACKAGE',3),(1595,'2023-08-01 15:10:12.751000',NULL,0,'2023-08-02 09:11:59.331000',NULL,'BIN10005197BRA','Tấm ốp trước, bên trên, trái, màu nâu',1165000,5.00,'UNIT_PACKAGE',3),(1596,'2023-08-01 15:10:12.752000',NULL,0,'2023-08-02 09:11:59.331000',NULL,'BIW10000818','Tấm ốp viền cửa sau phải',380000,5.00,'UNIT_PACKAGE',3),(1597,'2023-08-01 15:10:12.753000',NULL,0,'2023-08-02 09:11:59.332000',NULL,'BIW10000817','Tấm ốp viền cửa sau trái',380000,5.00,'UNIT_PACKAGE',3),(1598,'2023-08-01 15:10:12.753000',NULL,0,'2023-08-02 09:11:59.332000',NULL,'BEX10003785','Tấm ốp, phải',190000,5.00,'UNIT_PACKAGE',3),(1599,'2023-08-01 15:10:12.754000',NULL,0,'2023-08-02 09:11:59.332000',NULL,'BEX10003784','Tấm ốp, trải',210000,5.00,'UNIT_PACKAGE',3),(1600,'2023-08-01 15:10:12.754000',NULL,0,'2023-08-02 09:11:59.332000',NULL,'BEX10003325','Tấm phủ gầm giữa',842000,5.00,'UNIT_PACKAGE',3),(1601,'2023-08-01 15:10:12.755000',NULL,0,'2023-08-02 09:11:59.332000',NULL,'BEX10003519','Tấm phủ gầm, phải',523000,5.00,'UNIT_PACKAGE',3),(1602,'2023-08-01 15:10:12.755000',NULL,0,'2023-08-02 09:11:59.333000',NULL,'BEX10003518','Tấm phủ gầm, trái',523000,5.00,'UNIT_PACKAGE',3),(1603,'2023-08-01 15:10:12.756000',NULL,0,'2023-08-02 09:11:59.333000',NULL,'BIN10005024','TẤM PHỦ SÀN PHÍA SAU',3346000,5.00,'UNIT_PACKAGE',3),(1604,'2023-08-01 15:10:12.756000',NULL,0,'2023-08-02 09:11:59.333000',NULL,'BIN10004859','TẤM PHỦ SÀN PHÍA TRƯỚC (TIÊU CHUẨN)',5445000,5.00,'UNIT_PACKAGE',3),(1605,'2023-08-01 15:10:12.757000',NULL,0,'2023-08-02 09:11:59.334000',NULL,'BIN10004570','Tấm phủ sàn, khoang hành lý',1903000,5.00,'UNIT_PACKAGE',3),(1606,'2023-08-01 15:10:12.761000',NULL,0,'2023-08-02 09:11:59.334000',NULL,'STD90000272','Tán rút M6',5000,5.00,'UNIT_PACKAGE',3),(1607,'2023-08-01 15:10:12.762000',NULL,0,'2023-08-02 09:11:59.334000',NULL,'BEX10003313','Tăng cứng bên, phải',719000,5.00,'UNIT_PACKAGE',3),(1608,'2023-08-01 15:10:12.762000',NULL,0,'2023-08-02 09:11:59.335000',NULL,'BEX10003312','Tăng cứng bên, trái',719000,5.00,'UNIT_PACKAGE',3),(1609,'2023-08-01 15:10:12.763000',NULL,0,'2023-08-02 09:11:59.335000',NULL,'BEX10003324','Tăng cứng giữa',784000,5.00,'UNIT_PACKAGE',3),(1610,'2023-08-01 15:10:12.763000',NULL,0,'2023-08-02 09:11:59.335000',NULL,'BEX10003311','Tăng cứng sau, phải',457000,5.00,'UNIT_PACKAGE',3),(1611,'2023-08-01 15:10:12.764000',NULL,0,'2023-08-02 09:11:59.335000',NULL,'BEX10003310','Tăng cứng sau, trái',457000,5.00,'UNIT_PACKAGE',3),(1612,'2023-08-01 15:10:12.764000',NULL,0,'2023-08-02 09:11:59.336000',NULL,'BIN10004602BKA','Táp pi cửa sau trái',7157000,5.00,'UNIT_PACKAGE',3),(1613,'2023-08-01 15:10:12.764000',NULL,0,'2023-08-02 09:11:59.336000',NULL,'EEP10005577','Tẩu châm thuốc_12V',34000,5.00,'UNIT_PACKAGE',3),(1614,'2023-08-01 15:10:12.765000',NULL,0,'2023-08-02 09:11:59.337000',NULL,'BIN10004162','Tay gạt mở nắp capo',11000,5.00,'UNIT_PACKAGE',3),(1615,'2023-08-01 15:10:12.765000',NULL,0,'2023-08-02 09:11:59.338000',NULL,'BEX10003817','Tay mở cửa trong phải',61000,5.00,'UNIT_PACKAGE',3),(1616,'2023-08-01 15:10:12.765000',NULL,0,'2023-08-02 09:11:59.339000',NULL,'BEX10003816','Tay mở cửa trong trái',61000,5.00,'UNIT_PACKAGE',3),(1617,'2023-08-01 15:10:12.766000',NULL,0,'2023-08-02 09:11:59.340000',NULL,'BIN10004164','Tay mở nắp ca pô',12000,5.00,'UNIT_PACKAGE',3),(1618,'2023-08-01 15:10:12.766000',NULL,0,'2023-08-02 09:11:59.340000',NULL,'BEX10010025','Tem lô gô vinfast trên ca lăng, được gài và dán vào mặt nạ\nphía trước xe',144000,5.00,'UNIT_PACKAGE',3),(1619,'2023-08-01 15:10:12.767000',NULL,0,'2023-08-02 09:11:59.341000',NULL,'BEX10008263','Tên xe',212000,5.00,'UNIT_PACKAGE',3),(1620,'2023-08-01 15:10:12.767000',NULL,0,'2023-08-02 09:11:59.341000',NULL,'BIN10005078','Thảm sàn xe, giữa',3151000,5.00,'UNIT_PACKAGE',3),(1621,'2023-08-01 15:10:12.768000',NULL,0,'2023-08-02 09:11:59.342000',NULL,'BIN10004858','Thảm sàn xe, hàng ghế thứ 3',2271000,5.00,'UNIT_PACKAGE',3),(1622,'2023-08-01 15:10:12.768000',NULL,0,'2023-08-02 09:11:59.342000',NULL,'BIN10004857','Thảm sàn xe, trước',4892000,5.00,'UNIT_PACKAGE',3),(1623,'2023-08-01 15:10:12.769000',NULL,0,'2023-08-02 09:11:59.342000',NULL,'BIN10008697','Thảm sàn xe, trước',5179000,5.00,'UNIT_PACKAGE',3),(1624,'2023-08-01 15:10:12.769000',NULL,0,'2023-08-02 09:11:59.343000',NULL,'CHS10002264','Thanh chống',417000,5.00,'UNIT_PACKAGE',3),(1625,'2023-08-01 15:10:12.770000',NULL,0,'2023-08-02 09:11:59.344000',NULL,'CHS10002605','Thanh chống',411000,5.00,'UNIT_PACKAGE',3),(1626,'2023-08-01 15:10:12.770000',NULL,0,'2023-08-02 09:11:59.344000',NULL,'BIW10000780','Thanh dȁn hướng kính, cửa sau phải',350000,5.00,'UNIT_PACKAGE',3),(1627,'2023-08-01 15:10:12.770000',NULL,0,'2023-08-02 09:11:59.345000',NULL,'BIW10000779','Thanh dȁn hướng kính, cửa sau trái',350000,5.00,'UNIT_PACKAGE',3),(1628,'2023-08-01 15:10:12.770000',NULL,0,'2023-08-02 09:11:59.345000',NULL,'BEX10003723','Thanh dȁn sáng bên phải',77000,5.00,'UNIT_PACKAGE',3),(1629,'2023-08-01 15:10:12.771000',NULL,0,'2023-08-02 09:11:59.345000',NULL,'BEX10003722','Thanh dȁn sáng bên trái',70000,5.00,'UNIT_PACKAGE',3),(1630,'2023-08-01 15:10:12.771000',NULL,0,'2023-08-02 09:11:59.346000',NULL,'CHS10006626','Thanh đỡ',144000,5.00,'UNIT_PACKAGE',3),(1631,'2023-08-01 15:10:12.771000',NULL,0,'2023-08-02 09:11:59.346000',NULL,'CHS10008650','Thanh giằng trước',695000,5.00,'UNIT_PACKAGE',3),(1632,'2023-08-01 15:10:12.772000',NULL,0,'2023-08-02 09:11:59.347000',NULL,'BEX10006605','Thanh hấp thụ va chạm, phía dưới',456000,5.00,'UNIT_PACKAGE',3),(1633,'2023-08-01 15:10:12.772000',NULL,0,'2023-08-02 09:11:59.347000',NULL,'BEX10003580','Thanh hấp thụ va chạm, phía trên',330000,5.00,'UNIT_PACKAGE',3),(1634,'2023-08-01 15:10:12.772000',NULL,0,'2023-08-02 09:11:59.347000',NULL,'BEX10003688','Thanh kết nối phải',118000,5.00,'UNIT_PACKAGE',3),(1635,'2023-08-01 15:10:12.773000',NULL,0,'2023-08-02 09:11:59.348000',NULL,'BEX10003687','Thanh kết nối trái',118000,5.00,'UNIT_PACKAGE',3),(1636,'2023-08-01 15:10:12.773000',NULL,0,'2023-08-02 09:11:59.348000',NULL,'BEX10003690','Thanh lắp cản sau, bên phải',296000,5.00,'UNIT_PACKAGE',3),(1637,'2023-08-01 15:10:12.773000',NULL,0,'2023-08-02 09:11:59.348000',NULL,'BEX10003689','Thanh lắp cản sau, bên trái',296000,5.00,'UNIT_PACKAGE',3),(1638,'2023-08-01 15:10:12.773000',NULL,0,'2023-08-02 09:11:59.349000',NULL,'BEX10003354','Thanh lắp cản sau, giữa',236000,5.00,'UNIT_PACKAGE',3),(1639,'2023-08-01 15:10:12.774000',NULL,0,'2023-08-02 09:11:59.349000',NULL,'CHS10002513','Thanh liên kết sau',254000,5.00,'UNIT_PACKAGE',3),(1640,'2023-08-01 15:10:12.774000',NULL,0,'2023-08-02 09:11:59.349000',NULL,'BIW10001730','Thanh nẹp bên ngoài, cửa trước phải, mạ crom',778000,5.00,'UNIT_PACKAGE',3),(1641,'2023-08-01 15:10:12.775000',NULL,0,'2023-08-02 09:11:59.350000',NULL,'BIW10002050','Thanh nẹp bên ngoài, cửa trước trái',732000,5.00,'UNIT_PACKAGE',3),(1642,'2023-08-01 15:10:12.778000',NULL,0,'2023-08-02 09:11:59.350000',NULL,'BIW10001729','Thanh nẹp bên ngoài, cửa trước trái, mạ crom',778000,5.00,'UNIT_PACKAGE',3),(1643,'2023-08-01 15:10:12.779000',NULL,0,'2023-08-02 09:11:59.350000',NULL,'BIW10001911','Thanh nẹp cốp sau',211000,5.00,'UNIT_PACKAGE',3),(1644,'2023-08-01 15:10:12.779000',NULL,0,'2023-08-02 09:11:59.350000',NULL,'BIW10002120','Thanh nẹp cửa bên ngoài, cửa sau phải',742000,5.00,'UNIT_PACKAGE',3),(1645,'2023-08-01 15:10:12.779000',NULL,0,'2023-08-02 09:11:59.351000',NULL,'BIW10001732','Thanh nẹp cửa bên ngoài, cửa sau phải, mạ crom',818000,5.00,'UNIT_PACKAGE',3),(1646,'2023-08-01 15:10:12.780000',NULL,0,'2023-08-02 09:11:59.351000',NULL,'BIW10002119','Thanh nẹp cửa bên ngoài, cửa sau trái',742000,5.00,'UNIT_PACKAGE',3),(1647,'2023-08-01 15:10:12.780000',NULL,0,'2023-08-02 09:11:59.351000',NULL,'BIW10001731','Thanh nẹp cửa bên ngoài, cửa sau trái, mạ crom',774000,5.00,'UNIT_PACKAGE',3),(1648,'2023-08-01 15:10:12.781000',NULL,0,'2023-08-02 09:11:59.352000',NULL,'BIW10001628','Thanh nẹp cửa phía dưới',88000,5.00,'UNIT_PACKAGE',3),(1649,'2023-08-01 15:10:12.781000',NULL,0,'2023-08-02 09:11:59.352000',NULL,'BIW10001724','Thanh nẹp cửa phía trong, cửa sau phải',135000,5.00,'UNIT_PACKAGE',3),(1650,'2023-08-01 15:10:12.781000',NULL,0,'2023-08-02 09:11:59.352000',NULL,'BIW10001723','Thanh nẹp cửa phía trong, cửa sau trái',135000,5.00,'UNIT_PACKAGE',3),(1651,'2023-08-01 15:10:12.782000',NULL,0,'2023-08-02 09:11:59.352000',NULL,'BIW10001720','Thanh nẹp cửa phía trong, cửa trước phải',141000,5.00,'UNIT_PACKAGE',3),(1652,'2023-08-01 15:10:12.782000',NULL,0,'2023-08-02 09:11:59.353000',NULL,'BIW10001719','Thanh nẹp cửa phía trong, cửa trước trái',141000,5.00,'UNIT_PACKAGE',3),(1653,'2023-08-01 15:10:12.782000',NULL,0,'2023-08-02 09:11:59.354000',NULL,'BIW10000784','Thanh nẹp giữa cửa phải',332000,5.00,'UNIT_PACKAGE',3),(1654,'2023-08-01 15:10:12.783000',NULL,0,'2023-08-02 09:11:59.356000',NULL,'BIW10000783','Thanh nẹp giữa cửa trái',332000,5.00,'UNIT_PACKAGE',3),(1655,'2023-08-01 15:10:12.783000',NULL,0,'2023-08-02 09:11:59.356000',NULL,'BIN10005108','Thanh nẹp khung cửa bên trong, cửa sau trái',116000,5.00,'UNIT_PACKAGE',3),(1656,'2023-08-01 15:10:12.783000',NULL,0,'2023-08-02 09:11:59.357000',NULL,'BIN10005109','Thanh nẹp khung cửa bên trong, cửa sau trái',116000,5.00,'UNIT_PACKAGE',3),(1657,'2023-08-01 15:10:12.784000',NULL,0,'2023-08-02 09:11:59.358000',NULL,'BIN10005036','Thanh nẹp khung cửa bên trong, cửa trước trái',75000,5.00,'UNIT_PACKAGE',3),(1658,'2023-08-01 15:10:12.784000',NULL,0,'2023-08-02 09:11:59.358000',NULL,'BIW10001740','Thanh nẹp khung cửa phía trên, cửa sau phải',915000,5.00,'UNIT_PACKAGE',3),(1659,'2023-08-01 15:10:12.785000',NULL,0,'2023-08-02 09:11:59.359000',NULL,'BIW10002078','Thanh nẹp khung cửa phía trên, cửa sau phải, mạ crom',915000,5.00,'UNIT_PACKAGE',3),(1660,'2023-08-01 15:10:12.785000',NULL,0,'2023-08-02 09:11:59.359000',NULL,'BIW10001739','Thanh nẹp khung cửa phía trên, cửa sau trái',979000,5.00,'UNIT_PACKAGE',3),(1661,'2023-08-01 15:10:12.785000',NULL,0,'2023-08-02 09:11:59.360000',NULL,'BIW10002077','Thanh nẹp khung cửa phía trên, cửa sau trái, mạ crom',915000,5.00,'UNIT_PACKAGE',3),(1662,'2023-08-01 15:10:12.786000',NULL,0,'2023-08-02 09:11:59.360000',NULL,'BEX10003738','Thanh nẹp trang trí bậc lên xuống, cửa sau',196000,5.00,'UNIT_PACKAGE',3),(1663,'2023-08-01 15:10:12.786000',NULL,0,'2023-08-02 09:11:59.361000',NULL,'BEX10003739','Thanh nẹp trang trí bậc lên xuống, cửa sau',196000,5.00,'UNIT_PACKAGE',3),(1664,'2023-08-01 15:10:12.786000',NULL,0,'2023-08-02 09:11:59.361000',NULL,'BEX10003736','Thanh nẹp trang trí bậc lên xuống, cửa trước',237000,5.00,'UNIT_PACKAGE',3),(1665,'2023-08-01 15:10:12.786000',NULL,0,'2023-08-02 09:11:59.361000',NULL,'CHS10003522','Thanh nửa phải',104000,5.00,'UNIT_PACKAGE',3),(1666,'2023-08-01 15:10:12.787000',NULL,0,'2023-08-02 09:11:59.362000',NULL,'CHS10003523','Thanh nửa trái',104000,5.00,'UNIT_PACKAGE',3),(1667,'2023-08-01 15:10:12.787000',NULL,0,'2023-08-02 09:11:59.363000',NULL,'BIN10004261','Thanh ray trượt',1049000,5.00,'UNIT_PACKAGE',3),(1668,'2023-08-01 15:10:12.787000',NULL,0,'2023-08-02 09:11:59.363000',NULL,'BIN10004262','Thanh ray trượt',1049000,5.00,'UNIT_PACKAGE',3),(1669,'2023-08-01 15:10:12.788000',NULL,0,'2023-08-02 09:11:59.363000',NULL,'CHS10002603','Thanh tăng cứng',1126000,5.00,'UNIT_PACKAGE',3),(1670,'2023-08-01 15:10:12.788000',NULL,0,'2023-08-02 09:11:59.363000',NULL,'BEX10003487','Thanh trang trí trần, trái',2042000,5.00,'UNIT_PACKAGE',3),(1671,'2023-08-01 15:10:12.788000',NULL,0,'2023-08-02 09:11:59.364000',NULL,'BEX10006856','Thanh trang trí, Hốc gió, Crom, phải',156000,5.00,'UNIT_PACKAGE',3),(1672,'2023-08-01 15:10:12.789000',NULL,0,'2023-08-02 09:11:59.364000',NULL,'BEX10006855','Thanh trang trí, Hốc gió, Crom, trái',156000,5.00,'UNIT_PACKAGE',3),(1673,'2023-08-01 15:10:12.789000',NULL,0,'2023-08-02 09:11:59.364000',NULL,'BEX10007368','Thanh trang trí, Hốc gió, Sơn, phải',115000,5.00,'UNIT_PACKAGE',3),(1674,'2023-08-01 15:10:12.789000',NULL,0,'2023-08-02 09:11:59.365000',NULL,'BEX10007367','Thanh trang trí, Hốc gió, Sơn, trái',115000,5.00,'UNIT_PACKAGE',3),(1675,'2023-08-01 15:10:12.789000',NULL,0,'2023-08-02 09:11:59.365000',NULL,'BEX10007404','Thanh trang trí, hốc thông gió, bên phải, đã sơn',117000,5.00,'UNIT_PACKAGE',3),(1676,'2023-08-01 15:10:12.790000',NULL,0,'2023-08-02 09:11:59.365000',NULL,'BEX10007406','Thanh trang trí, hốc thông gió, bên phải, mạ crom',172000,5.00,'UNIT_PACKAGE',3),(1677,'2023-08-01 15:10:12.790000',NULL,0,'2023-08-02 09:11:59.365000',NULL,'BEX10007403','Thanh trang trí, hốc thông gió, bên trái, đã sơn',117000,5.00,'UNIT_PACKAGE',3),(1678,'2023-08-01 15:10:12.791000',NULL,0,'2023-08-02 09:11:59.366000',NULL,'BEX10007405','Thanh trang trí, hốc thông gió, bên trái, mạ crom',172000,5.00,'UNIT_PACKAGE',3),(1679,'2023-08-01 15:10:12.794000',NULL,0,'2023-08-02 09:11:59.366000',NULL,'BEX10003488','Thanh trang trí, phải',2042000,5.00,'UNIT_PACKAGE',3),(1680,'2023-08-01 15:10:12.795000',NULL,0,'2023-08-02 09:11:59.366000',NULL,'BEX10003342','Thương hiệu',240000,5.00,'UNIT_PACKAGE',3),(1681,'2023-08-01 15:10:12.795000',NULL,0,'2023-08-02 09:11:59.367000',NULL,'BIN10004619','Vách ngăn',497000,5.00,'UNIT_PACKAGE',3),(1682,'2023-08-01 15:10:12.796000',NULL,0,'2023-08-02 09:11:59.367000',NULL,'BEX10008906','Vách ngăn vòm lốp bên phải',26000,5.00,'UNIT_PACKAGE',3),(1683,'2023-08-01 15:10:12.797000',NULL,0,'2023-08-02 09:11:59.367000',NULL,'BEX10008907','Vách ngăn vòm lốp bên phải',134000,5.00,'UNIT_PACKAGE',3),(1684,'2023-08-01 15:10:12.797000',NULL,0,'2023-08-02 09:11:59.367000',NULL,'CHS10008856','Van',11000,5.00,'UNIT_PACKAGE',3),(1685,'2023-08-01 15:10:12.797000',NULL,0,'2023-08-02 09:11:59.368000',NULL,'PWT10003193','Van',1903000,5.00,'UNIT_PACKAGE',3),(1686,'2023-08-01 15:10:12.798000',NULL,0,'2023-08-02 09:11:59.368000',NULL,'ENG10005890','Van biến thiên vị trí trục cam',573000,5.00,'UNIT_PACKAGE',3),(1687,'2023-08-01 15:10:12.798000',NULL,0,'2023-08-02 09:11:59.368000',NULL,'ENG10006052','Van điện',643000,5.00,'UNIT_PACKAGE',3),(1688,'2023-08-01 15:10:12.798000',NULL,0,'2023-08-02 09:11:59.368000',NULL,'ENG10005907','Van điện từ',465000,5.00,'UNIT_PACKAGE',3),(1689,'2023-08-01 15:10:12.799000',NULL,0,'2023-08-02 09:11:59.369000',NULL,'ENG10005920','Van hằng nhiệt',1123000,5.00,'UNIT_PACKAGE',3),(1690,'2023-08-01 15:10:12.799000',NULL,0,'2023-08-02 09:11:59.369000',NULL,'PWT10003180','Van nước nóng',1740000,5.00,'UNIT_PACKAGE',3),(1691,'2023-08-01 15:10:12.799000',NULL,0,'2023-08-02 09:11:59.369000',NULL,'ENG10005840','Van PCV',4000,5.00,'UNIT_PACKAGE',3),(1692,'2023-08-01 15:10:12.800000',NULL,0,'2023-08-02 09:11:59.370000',NULL,'ENG10006005','Van thông hơi',564000,5.00,'UNIT_PACKAGE',3),(1693,'2023-08-01 15:10:12.800000',NULL,0,'2023-08-02 09:11:59.371000',NULL,'SVC10008782','Van tiết lưu',490000,5.00,'UNIT_PACKAGE',3),(1694,'2023-08-01 15:10:12.800000',NULL,0,'2023-08-02 09:11:59.373000',NULL,'CHS10007197','Vành la zăng',3055000,5.00,'UNIT_PACKAGE',3),(1695,'2023-08-01 15:10:12.801000',NULL,0,'2023-08-02 09:11:59.373000',NULL,'ENG10005883','Vấu hãm D=6',1000,5.00,'UNIT_PACKAGE',3),(1696,'2023-08-01 15:10:12.801000',NULL,0,'2023-08-02 09:11:59.374000',NULL,'CHS10002232','Váy giảm sóc',156000,5.00,'UNIT_PACKAGE',3),(1697,'2023-08-01 15:10:12.801000',NULL,0,'2023-08-02 09:11:59.374000',NULL,'ENG10005977','Vít',6000,5.00,'UNIT_PACKAGE',3),(1698,'2023-08-01 15:10:12.802000',NULL,0,'2023-08-02 09:11:59.375000',NULL,'STD90000314','Vít',2000,5.00,'UNIT_PACKAGE',3),(1699,'2023-08-01 15:10:12.802000',NULL,0,'2023-08-02 09:11:59.375000',NULL,'STD90000828','Vít',2000,5.00,'UNIT_PACKAGE',3),(1700,'2023-08-01 15:10:12.802000',NULL,0,'2023-08-02 09:11:59.376000',NULL,'STD99000033','Vít',4000,5.00,'UNIT_PACKAGE',3),(1701,'2023-08-01 15:10:12.803000',NULL,0,'2023-08-02 09:11:59.376000',NULL,'STD99001180','Vít',8000,5.00,'UNIT_PACKAGE',3),(1702,'2023-08-01 15:10:12.803000',NULL,0,'2023-08-02 09:11:59.377000',NULL,'STD99000130','Vít',6000,5.00,'UNIT_PACKAGE',3),(1703,'2023-08-01 15:10:12.803000',NULL,0,'2023-08-02 09:11:59.377000',NULL,'STD99001069','Vít',3000,5.00,'UNIT_PACKAGE',3),(1704,'2023-08-01 15:10:12.804000',NULL,0,'2023-08-02 09:11:59.378000',NULL,'STD90000833','Vít',3000,5.00,'UNIT_PACKAGE',3),(1705,'2023-08-01 15:10:12.804000',NULL,0,'2023-08-02 09:11:59.378000',NULL,'STD90000813','Vít',4000,5.00,'UNIT_PACKAGE',3),(1706,'2023-08-01 15:10:12.805000',NULL,0,'2023-08-02 09:11:59.379000',NULL,'STD90000975','Vít',8000,5.00,'UNIT_PACKAGE',3),(1707,'2023-08-01 15:10:12.805000',NULL,0,'2023-08-02 09:11:59.379000',NULL,'STD90000839','Vít',4000,5.00,'UNIT_PACKAGE',3),(1708,'2023-08-01 15:10:12.806000',NULL,0,'2023-08-02 09:11:59.379000',NULL,'STD99000024','Vít',2000,5.00,'UNIT_PACKAGE',3),(1709,'2023-08-01 15:10:12.806000',NULL,0,'2023-08-02 09:11:59.380000',NULL,'STD90000989','Vít',2000,5.00,'UNIT_PACKAGE',3),(1710,'2023-08-01 15:10:12.806000',NULL,0,'2023-08-02 09:11:59.380000',NULL,'ENG10005982','Vít',4000,5.00,'UNIT_PACKAGE',3),(1711,'2023-08-01 15:10:12.807000',NULL,0,'2023-08-02 09:11:59.380000',NULL,'STD99000060','Vít',3000,5.00,'UNIT_PACKAGE',3),(1712,'2023-08-01 15:10:12.807000',NULL,0,'2023-08-02 09:11:59.381000',NULL,'STD99000143','Vít',1000,5.00,'UNIT_PACKAGE',3),(1713,'2023-08-01 15:10:12.808000',NULL,0,'2023-08-02 09:11:59.381000',NULL,'STD90000133','Vít',7000,5.00,'UNIT_PACKAGE',3),(1714,'2023-08-01 15:10:12.809000',NULL,0,'2023-08-02 09:11:59.382000',NULL,'STD90000135','Vít',3000,5.00,'UNIT_PACKAGE',3),(1715,'2023-08-01 15:10:12.810000',NULL,0,'2023-08-02 09:11:59.382000',NULL,'STD90000297','Vít',5000,5.00,'UNIT_PACKAGE',3),(1716,'2023-08-01 15:10:12.810000',NULL,0,'2023-08-02 09:11:59.382000',NULL,'STD90000313','Vít',3000,5.00,'UNIT_PACKAGE',3),(1717,'2023-08-01 15:10:12.811000',NULL,0,'2023-08-02 09:11:59.382000',NULL,'STD90000320','Vít',11000,5.00,'UNIT_PACKAGE',3),(1718,'2023-08-01 15:10:12.812000',NULL,0,'2023-08-02 09:11:59.383000',NULL,'STD90000325','Vít',14000,5.00,'UNIT_PACKAGE',3),(1719,'2023-08-01 15:10:12.813000',NULL,0,'2023-08-02 09:11:59.383000',NULL,'STD90000326','Vít',3000,5.00,'UNIT_PACKAGE',3),(1720,'2023-08-01 15:10:12.814000',NULL,0,'2023-08-02 09:11:59.383000',NULL,'STD90000330','Vít',6000,5.00,'UNIT_PACKAGE',3),(1721,'2023-08-01 15:10:12.814000',NULL,0,'2023-08-02 09:11:59.384000',NULL,'STD90000345','Vít',6000,5.00,'UNIT_PACKAGE',3),(1722,'2023-08-01 15:10:12.815000',NULL,0,'2023-08-02 09:11:59.384000',NULL,'STD90000356','Vít',6000,5.00,'UNIT_PACKAGE',3),(1723,'2023-08-01 15:10:12.815000',NULL,0,'2023-08-02 09:11:59.384000',NULL,'STD90000386','Vít',3000,5.00,'UNIT_PACKAGE',3),(1724,'2023-08-01 15:10:12.815000',NULL,0,'2023-08-02 09:11:59.385000',NULL,'STD90000387','Vít',5000,5.00,'UNIT_PACKAGE',3),(1725,'2023-08-01 15:10:12.816000',NULL,0,'2023-08-02 09:11:59.385000',NULL,'STD90000430','Vít',5000,5.00,'UNIT_PACKAGE',3),(1726,'2023-08-01 15:10:12.816000',NULL,0,'2023-08-02 09:11:59.385000',NULL,'STD90000461','Vít',4000,5.00,'UNIT_PACKAGE',3),(1727,'2023-08-01 15:10:12.816000',NULL,0,'2023-08-02 09:11:59.385000',NULL,'STD90000482','Vít',2000,5.00,'UNIT_PACKAGE',3),(1728,'2023-08-01 15:10:12.817000',NULL,0,'2023-08-02 09:11:59.386000',NULL,'STD90000485','Vít',6000,5.00,'UNIT_PACKAGE',3),(1729,'2023-08-01 15:10:12.817000',NULL,0,'2023-08-02 09:11:59.386000',NULL,'STD90000546','Vít',5000,5.00,'UNIT_PACKAGE',3),(1730,'2023-08-01 15:10:12.817000',NULL,0,'2023-08-02 09:11:59.388000',NULL,'STD90000555','Vít',5000,5.00,'UNIT_PACKAGE',3),(1731,'2023-08-01 15:10:12.818000',NULL,0,'2023-08-02 09:11:59.389000',NULL,'STD90000585','Vít',11000,5.00,'UNIT_PACKAGE',3),(1732,'2023-08-01 15:10:12.819000',NULL,0,'2023-08-02 09:11:59.390000',NULL,'STD90000681','Vít',4000,5.00,'UNIT_PACKAGE',3),(1733,'2023-08-01 15:10:12.819000',NULL,0,'2023-08-02 09:11:59.390000',NULL,'STD90000826','Vít',2000,5.00,'UNIT_PACKAGE',3),(1734,'2023-08-01 15:10:12.820000',NULL,0,'2023-08-02 09:11:59.391000',NULL,'STD90000842','Vít',14000,5.00,'UNIT_PACKAGE',3),(1735,'2023-08-01 15:10:12.820000',NULL,0,'2023-08-02 09:11:59.391000',NULL,'STD90000843','Vít',25000,5.00,'UNIT_PACKAGE',3),(1736,'2023-08-01 15:10:12.820000',NULL,0,'2023-08-02 09:11:59.392000',NULL,'STD90000967','Vít',5000,5.00,'UNIT_PACKAGE',3),(1737,'2023-08-01 15:10:12.821000',NULL,0,'2023-08-02 09:11:59.392000',NULL,'STD90000969','Vít',8000,5.00,'UNIT_PACKAGE',3),(1738,'2023-08-01 15:10:12.821000',NULL,0,'2023-08-02 09:11:59.392000',NULL,'STD90000972','Vít',3000,5.00,'UNIT_PACKAGE',3),(1739,'2023-08-01 15:10:12.829000',NULL,0,'2023-08-02 09:11:59.393000',NULL,'STD90000974','Vít',4000,5.00,'UNIT_PACKAGE',3),(1740,'2023-08-01 15:10:12.830000',NULL,0,'2023-08-02 09:11:59.394000',NULL,'STD90000992','Vít',5000,5.00,'UNIT_PACKAGE',3),(1741,'2023-08-01 15:10:12.830000',NULL,0,'2023-08-02 09:11:59.394000',NULL,'STD90001004','Vít',6000,5.00,'UNIT_PACKAGE',3),(1742,'2023-08-01 15:10:12.832000',NULL,0,'2023-08-02 09:11:59.394000',NULL,'STD90001005','Vít',1000,5.00,'UNIT_PACKAGE',3),(1743,'2023-08-01 15:10:12.832000',NULL,0,'2023-08-02 09:11:59.395000',NULL,'STD90001025','Vít',4000,5.00,'UNIT_PACKAGE',3),(1744,'2023-08-01 15:10:12.833000',NULL,0,'2023-08-02 09:11:59.395000',NULL,'STD90001149','Vít',5000,5.00,'UNIT_PACKAGE',3),(1745,'2023-08-01 15:10:12.833000',NULL,0,'2023-08-02 09:11:59.396000',NULL,'STD90001314','Vít',2000,5.00,'UNIT_PACKAGE',3),(1746,'2023-08-01 15:10:12.834000',NULL,0,'2023-08-02 09:11:59.396000',NULL,'STD99000032','Vít',4000,5.00,'UNIT_PACKAGE',3),(1747,'2023-08-01 15:10:12.834000',NULL,0,'2023-08-02 09:11:59.397000',NULL,'STD99000049','Vít',2000,5.00,'UNIT_PACKAGE',3),(1748,'2023-08-01 15:10:12.834000',NULL,0,'2023-08-02 09:11:59.397000',NULL,'STD99000050','Vít',3000,5.00,'UNIT_PACKAGE',3),(1749,'2023-08-01 15:10:12.835000',NULL,0,'2023-08-02 09:11:59.397000',NULL,'STD99000080','Vít',4000,5.00,'UNIT_PACKAGE',3),(1750,'2023-08-01 15:10:12.835000',NULL,0,'2023-08-02 09:11:59.397000',NULL,'STD99000095','Vít',2000,5.00,'UNIT_PACKAGE',3),(1751,'2023-08-01 15:10:12.835000',NULL,0,'2023-08-02 09:11:59.398000',NULL,'STD99000105','Vít',4000,5.00,'UNIT_PACKAGE',3),(1752,'2023-08-01 15:10:12.835000',NULL,0,'2023-08-02 09:11:59.398000',NULL,'STD99000123','Vít',2000,5.00,'UNIT_PACKAGE',3),(1753,'2023-08-01 15:10:12.836000',NULL,0,'2023-08-02 09:11:59.398000',NULL,'STD99000132','Vít',2000,5.00,'UNIT_PACKAGE',3),(1754,'2023-08-01 15:10:12.836000',NULL,0,'2023-08-02 09:11:59.399000',NULL,'STD99000158','Vít',4000,5.00,'UNIT_PACKAGE',3),(1755,'2023-08-01 15:10:12.836000',NULL,0,'2023-08-02 09:11:59.399000',NULL,'STD99000162','Vít',3000,5.00,'UNIT_PACKAGE',3),(1756,'2023-08-01 15:10:12.837000',NULL,0,'2023-08-02 09:11:59.399000',NULL,'STD99000173','Vít',5000,5.00,'UNIT_PACKAGE',3),(1757,'2023-08-01 15:10:12.837000',NULL,0,'2023-08-02 09:11:59.400000',NULL,'STD99000174','Vít',6000,5.00,'UNIT_PACKAGE',3),(1758,'2023-08-01 15:10:12.837000',NULL,0,'2023-08-02 09:11:59.400000',NULL,'STD99001095','Vít',4000,5.00,'UNIT_PACKAGE',3),(1759,'2023-08-01 15:10:12.838000',NULL,0,'2023-08-02 09:11:59.400000',NULL,'STD99001108','Vít',2000,5.00,'UNIT_PACKAGE',3),(1760,'2023-08-01 15:10:12.838000',NULL,0,'2023-08-02 09:11:59.400000',NULL,'STD90000672','Vít (bao gồm vòng đệm)',5000,5.00,'UNIT_PACKAGE',3),(1761,'2023-08-01 15:10:12.838000',NULL,0,'2023-08-02 09:11:59.401000',NULL,'STD90000425','Vít cùng với washer',3000,5.00,'UNIT_PACKAGE',3),(1762,'2023-08-01 15:10:12.839000',NULL,0,'2023-08-02 09:11:59.401000',NULL,'STD99000170','Vít đầu lỗ 6 cạnh',10000,5.00,'UNIT_PACKAGE',3),(1763,'2023-08-01 15:10:12.839000',NULL,0,'2023-08-02 09:11:59.401000',NULL,'STD99001078','Vít đầu lục giác',3000,5.00,'UNIT_PACKAGE',3),(1764,'2023-08-01 15:10:12.840000',NULL,0,'2023-08-02 09:11:59.402000',NULL,'STD90000612','Vít đầu lục giác M6x40',4000,5.00,'UNIT_PACKAGE',3),(1765,'2023-08-01 15:10:12.840000',NULL,0,'2023-08-02 09:11:59.402000',NULL,'STD90001067','Vít đầu tròn',15000,5.00,'UNIT_PACKAGE',3),(1766,'2023-08-01 15:10:12.840000',NULL,0,'2023-08-02 09:11:59.402000',NULL,'STD90001251','Vít đầu trụ',10000,5.00,'UNIT_PACKAGE',3),(1767,'2023-08-01 15:10:12.841000',NULL,0,'2023-08-02 09:11:59.403000',NULL,'STD90000875','Vít hai đầu M6/M8',6000,5.00,'UNIT_PACKAGE',3),(1768,'2023-08-01 15:10:12.841000',NULL,0,'2023-08-02 09:11:59.404000',NULL,'STD99000171','Vít hoa khế M10X40',6000,5.00,'UNIT_PACKAGE',3),(1769,'2023-08-01 15:10:12.844000',NULL,0,'2023-08-02 09:11:59.405000',NULL,'STD90000312','Vít ISA M6X18 SW',6000,5.00,'UNIT_PACKAGE',3),(1770,'2023-08-01 15:10:12.845000',NULL,0,'2023-08-02 09:11:59.406000',NULL,'STD90001171','Vít lắp đèn sau',3000,5.00,'UNIT_PACKAGE',3),(1771,'2023-08-01 15:10:12.846000',NULL,0,'2023-08-02 09:11:59.406000',NULL,'STD99000029','Vit lục giác',6000,5.00,'UNIT_PACKAGE',3),(1772,'2023-08-01 15:10:12.846000',NULL,0,'2023-08-02 09:11:59.406000',NULL,'STD90001035','Vít lục giác',22000,5.00,'UNIT_PACKAGE',3),(1773,'2023-08-01 15:10:12.847000',NULL,0,'2023-08-02 09:11:59.407000',NULL,'STD90001034','Vít lục giác có mặt bích',23000,5.00,'UNIT_PACKAGE',3),(1774,'2023-08-01 15:10:12.847000',NULL,0,'2023-08-02 09:11:59.407000',NULL,'STD99000163','Vít M10x125',19000,5.00,'UNIT_PACKAGE',3),(1775,'2023-08-01 15:10:12.848000',NULL,0,'2023-08-02 09:11:59.407000',NULL,'STD99000022','Vít M10x30',7000,5.00,'UNIT_PACKAGE',3),(1776,'2023-08-01 15:10:12.848000',NULL,0,'2023-08-02 09:11:59.408000',NULL,'STD90000103','Vít M10X35',5000,5.00,'UNIT_PACKAGE',3),(1777,'2023-08-01 15:10:12.848000',NULL,0,'2023-08-02 09:11:59.408000',NULL,'STD90000860','Vít M10x50',10000,5.00,'UNIT_PACKAGE',3),(1778,'2023-08-01 15:10:12.849000',NULL,0,'2023-08-02 09:11:59.409000',NULL,'STD99000165','Vít M10x75',12000,5.00,'UNIT_PACKAGE',3),(1779,'2023-08-01 15:10:12.849000',NULL,0,'2023-08-02 09:11:59.409000',NULL,'STD90000861','Vít M10x75',12000,5.00,'UNIT_PACKAGE',3),(1780,'2023-08-01 15:10:12.850000',NULL,0,'2023-08-02 09:11:59.409000',NULL,'STD90000675','Vít M10x90',14000,5.00,'UNIT_PACKAGE',3),(1781,'2023-08-01 15:10:12.850000',NULL,0,'2023-08-02 09:11:59.409000',NULL,'STD90000674','Vít M12X1,5X58',12000,5.00,'UNIT_PACKAGE',3),(1782,'2023-08-01 15:10:12.851000',NULL,0,'2023-08-02 09:11:59.410000',NULL,'STD90000873','Vít M12X1.5',11000,5.00,'UNIT_PACKAGE',3),(1783,'2023-08-01 15:10:12.851000',NULL,0,'2023-08-02 09:11:59.410000',NULL,'STD90001086','Vít M14x1,5',19000,5.00,'UNIT_PACKAGE',3),(1784,'2023-08-01 15:10:12.851000',NULL,0,'2023-08-02 09:11:59.410000',NULL,'ENG10006055','Vít M18x1,5',92000,5.00,'UNIT_PACKAGE',3),(1785,'2023-08-01 15:10:12.852000',NULL,0,'2023-08-02 09:11:59.411000',NULL,'STD90001166','Vít M5x20',2000,5.00,'UNIT_PACKAGE',3),(1786,'2023-08-01 15:10:12.852000',NULL,0,'2023-08-02 09:11:59.411000',NULL,'STD99000213','Vít M6x16',5000,5.00,'UNIT_PACKAGE',3),(1787,'2023-08-01 15:10:12.853000',NULL,0,'2023-08-02 09:11:59.411000',NULL,'STD90000867','Vít M6x18',2000,5.00,'UNIT_PACKAGE',3),(1788,'2023-08-01 15:10:12.853000',NULL,0,'2023-08-02 09:11:59.412000',NULL,'STD99000028','Vít M6X20',2000,5.00,'UNIT_PACKAGE',3),(1789,'2023-08-01 15:10:12.853000',NULL,0,'2023-08-02 09:11:59.412000',NULL,'STD99000082','Vít M6x25',3000,5.00,'UNIT_PACKAGE',3),(1790,'2023-08-01 15:10:12.854000',NULL,0,'2023-08-02 09:11:59.413000',NULL,'STD99000145','Vít M6x25',2000,5.00,'UNIT_PACKAGE',3),(1791,'2023-08-01 15:10:12.854000',NULL,0,'2023-08-02 09:11:59.413000',NULL,'STD99000092','Vít M6x25',3000,5.00,'UNIT_PACKAGE',3),(1792,'2023-08-01 15:10:12.854000',NULL,0,'2023-08-02 09:11:59.413000',NULL,'STD99001087','Vít M6x30',5000,5.00,'UNIT_PACKAGE',3),(1793,'2023-08-01 15:10:12.855000',NULL,0,'2023-08-02 09:11:59.414000',NULL,'STD90000854','Vít M6X30',3000,5.00,'UNIT_PACKAGE',3),(1794,'2023-08-01 15:10:12.855000',NULL,0,'2023-08-02 09:11:59.414000',NULL,'STD99001162','Vít M6x35',4000,5.00,'UNIT_PACKAGE',3),(1795,'2023-08-01 15:10:12.856000',NULL,0,'2023-08-02 09:11:59.414000',NULL,'STD99000018','Vít M6x35',6000,5.00,'UNIT_PACKAGE',3),(1796,'2023-08-01 15:10:12.856000',NULL,0,'2023-08-02 09:11:59.414000',NULL,'STD99000030','Vít M6x35',5000,5.00,'UNIT_PACKAGE',3),(1797,'2023-08-01 15:10:12.857000',NULL,0,'2023-08-02 09:11:59.415000',NULL,'STD99001088','Vít M6x45',7000,5.00,'UNIT_PACKAGE',3),(1798,'2023-08-01 15:10:12.857000',NULL,0,'2023-08-02 09:11:59.415000',NULL,'STD99000146','Vít M6x70',3000,5.00,'UNIT_PACKAGE',3),(1799,'2023-08-01 15:10:12.857000',NULL,0,'2023-08-02 09:11:59.415000',NULL,'STD99000147','Vít M7X35-U1-8.8',3000,5.00,'UNIT_PACKAGE',3),(1800,'2023-08-01 15:10:12.858000',NULL,0,'2023-08-02 09:11:59.415000',NULL,'STD99000103','Vít M8x100',12000,5.00,'UNIT_PACKAGE',3),(1801,'2023-08-01 15:10:12.858000',NULL,0,'2023-08-02 09:11:59.416000',NULL,'STD99000148','Vít M8x16',2000,5.00,'UNIT_PACKAGE',3),(1802,'2023-08-01 15:10:12.861000',NULL,0,'2023-08-02 09:11:59.416000',NULL,'STD90000218','Vít M8x16',11000,5.00,'UNIT_PACKAGE',3),(1803,'2023-08-01 15:10:12.862000',NULL,0,'2023-08-02 09:11:59.416000',NULL,'STD99000043','Vít M8x20',5000,5.00,'UNIT_PACKAGE',3),(1804,'2023-08-01 15:10:12.862000',NULL,0,'2023-08-02 09:11:59.416000',NULL,'STD99001090','Vít M8x20',5000,5.00,'UNIT_PACKAGE',3),(1805,'2023-08-01 15:10:12.863000',NULL,0,'2023-08-02 09:11:59.417000',NULL,'STD90000866','Vít M8x25',11000,5.00,'UNIT_PACKAGE',3),(1806,'2023-08-01 15:10:12.863000',NULL,0,'2023-08-02 09:11:59.417000',NULL,'STD90000822','Vít M8X28',5000,5.00,'UNIT_PACKAGE',3),(1807,'2023-08-01 15:10:12.863000',NULL,0,'2023-08-02 09:11:59.417000',NULL,'STD90001083','Vít M8x28',5000,5.00,'UNIT_PACKAGE',3),(1808,'2023-08-01 15:10:12.863000',NULL,0,'2023-08-02 09:11:59.418000',NULL,'STD99000100','Vít M8x30',6000,5.00,'UNIT_PACKAGE',3),(1809,'2023-08-01 15:10:12.864000',NULL,0,'2023-08-02 09:11:59.418000',NULL,'STD99000104','Vít M8x30',5000,5.00,'UNIT_PACKAGE',3),(1810,'2023-08-01 15:10:12.864000',NULL,0,'2023-08-02 09:11:59.419000',NULL,'STD90001299','Vít M8x34',5000,5.00,'UNIT_PACKAGE',3),(1811,'2023-08-01 15:10:12.864000',NULL,0,'2023-08-02 09:11:59.419000',NULL,'STD99000116','Vít M8X35',8000,5.00,'UNIT_PACKAGE',3),(1812,'2023-08-01 15:10:12.865000',NULL,0,'2023-08-02 09:11:59.420000',NULL,'STD90000823','Vít M8X43',5000,5.00,'UNIT_PACKAGE',3),(1813,'2023-08-01 15:10:12.865000',NULL,0,'2023-08-02 09:11:59.422000',NULL,'STD90000095','Vít M8x50',4000,5.00,'UNIT_PACKAGE',3),(1814,'2023-08-01 15:10:12.865000',NULL,0,'2023-08-02 09:11:59.423000',NULL,'STD90000821','Vít M8X78',7000,5.00,'UNIT_PACKAGE',3),(1815,'2023-08-01 15:10:12.866000',NULL,0,'2023-08-02 09:11:59.424000',NULL,'STD99000025','Vít mạ kẽm M6X20-8.8-ZNNIV',2000,5.00,'UNIT_PACKAGE',3),(1816,'2023-08-01 15:10:12.866000',NULL,0,'2023-08-02 09:11:59.424000',NULL,'STD90000117','Vít nhựa',1000,5.00,'UNIT_PACKAGE',3),(1817,'2023-08-01 15:10:12.866000',NULL,0,'2023-08-02 09:11:59.424000',NULL,'STD90000453','Vít nhựa',3000,5.00,'UNIT_PACKAGE',3),(1818,'2023-08-01 15:10:12.867000',NULL,0,'2023-08-02 09:11:59.425000',NULL,'STD90001103','Vít nở',7000,5.00,'UNIT_PACKAGE',3),(1819,'2023-08-01 15:10:12.867000',NULL,0,'2023-08-02 09:11:59.425000',NULL,'STD90000858','Vít thường',11000,5.00,'UNIT_PACKAGE',3),(1820,'2023-08-01 15:10:12.867000',NULL,0,'2023-08-02 09:11:59.425000',NULL,'STD99000153','Vít TS4X16',1000,5.00,'UNIT_PACKAGE',3),(1821,'2023-08-01 15:10:12.868000',NULL,0,'2023-08-02 09:11:59.426000',NULL,'STD90000818','Vít tự xoay',3000,5.00,'UNIT_PACKAGE',3),(1822,'2023-08-01 15:10:12.868000',NULL,0,'2023-08-02 09:11:59.426000',NULL,'STD90000859','Vít ZNNIVSI',8000,5.00,'UNIT_PACKAGE',3),(1823,'2023-08-01 15:10:12.869000',NULL,0,'2023-08-02 09:11:59.426000',NULL,'STD90001116','Vít_M10',10000,5.00,'UNIT_PACKAGE',3),(1824,'2023-08-01 15:10:12.869000',NULL,0,'2023-08-02 09:11:59.426000',NULL,'BEX10003288','Vỏ đèn pha bên lái',4117000,5.00,'UNIT_PACKAGE',3),(1825,'2023-08-01 15:10:12.869000',NULL,0,'2023-08-02 09:11:59.427000',NULL,'BEX10003290','Vỏ đèn pha bên lái',4122000,5.00,'UNIT_PACKAGE',3),(1826,'2023-08-01 15:10:12.870000',NULL,1,'2023-08-15 09:07:31.328000',NULL,'BEX10003289','Vỏ đèn pha bên phụ',4117000,5.00,'UNIT_PACKAGE',3),(1827,'2023-08-01 15:10:12.870000',NULL,0,'2023-08-02 09:11:59.427000',NULL,'BEX10003291','Vỏ đèn pha bên phụ',4122000,5.00,'UNIT_PACKAGE',3),(1828,'2023-08-01 15:10:12.870000',NULL,0,'2023-08-02 09:11:59.428000',NULL,'CHS10006956','Vô lăng',3817000,5.00,'UNIT_PACKAGE',3),(1829,'2023-08-01 15:10:12.871000',NULL,0,'2023-08-02 09:11:59.428000',NULL,'ENG10005994','Vòi phun',922000,5.00,'UNIT_PACKAGE',3),(1830,'2023-08-01 15:10:12.871000',NULL,0,'2023-08-02 09:11:59.428000',NULL,'ENG10005912','Vòi phun dầu ZYLINDER 1+3',55000,5.00,'UNIT_PACKAGE',3),(1831,'2023-08-01 15:10:12.872000',NULL,0,'2023-08-02 09:11:59.428000',NULL,'ENG10005913','Vòi phun dầu ZYLINDER 2+4',55000,5.00,'UNIT_PACKAGE',3),(1832,'2023-08-01 15:10:12.872000',NULL,0,'2023-08-02 09:11:59.429000',NULL,'STD90000003','Vòng đệm',3000,5.00,'UNIT_PACKAGE',3),(1833,'2023-08-01 15:10:12.872000',NULL,0,'2023-08-02 09:11:59.429000',NULL,'STD90001302','Vòng đệm',5000,5.00,'UNIT_PACKAGE',3),(1834,'2023-08-01 15:10:12.873000',NULL,0,'2023-08-02 09:11:59.430000',NULL,'STD90001303','Vòng đệm',5000,5.00,'UNIT_PACKAGE',3),(1835,'2023-08-01 15:10:12.873000',NULL,0,'2023-08-02 09:11:59.430000',NULL,'STD99000126','Vòng đệm',2000,5.00,'UNIT_PACKAGE',3),(1836,'2023-08-01 15:10:12.873000',NULL,0,'2023-08-02 09:11:59.430000',NULL,'STD99000215','Vòng đệm',1000,5.00,'UNIT_PACKAGE',3),(1837,'2023-08-01 15:10:12.874000',NULL,0,'2023-08-02 09:11:59.430000',NULL,'PWT10002831','Vòng đệm cao su',50000,5.00,'UNIT_PACKAGE',3),(1838,'2023-08-01 15:10:12.874000',NULL,0,'2023-08-02 09:11:59.431000',NULL,'STD90001304','Vòng đệm cao su',9000,5.00,'UNIT_PACKAGE',3),(1839,'2023-08-01 15:10:12.874000',NULL,0,'2023-08-02 09:11:59.431000',NULL,'ENG10006021','Vòng đệm D10,1x4',5000,5.00,'UNIT_PACKAGE',3),(1840,'2023-08-01 15:10:12.875000',NULL,0,'2023-08-02 09:11:59.431000',NULL,'ENG10006023','Vòng đệm D11,1x4',5000,5.00,'UNIT_PACKAGE',3),(1841,'2023-08-01 15:10:12.875000',NULL,0,'2023-08-02 09:11:59.431000',NULL,'STD90001179','Vòng đệm D6.4',4000,5.00,'UNIT_PACKAGE',3),(1842,'2023-08-01 15:10:12.876000',NULL,0,'2023-08-02 09:11:59.432000',NULL,'STD90000341','Vòng đệm sàn',47000,5.00,'UNIT_PACKAGE',3),(1843,'2023-08-01 15:10:12.876000',NULL,0,'2023-08-02 09:11:59.432000',NULL,'ENG10005995','Vòng đệm vòi phun',49000,5.00,'UNIT_PACKAGE',3),(1844,'2023-08-01 15:10:12.876000',NULL,0,'2023-08-02 09:11:59.432000',NULL,'STD99000185','Vòng Kẹp',12000,5.00,'UNIT_PACKAGE',3),(1845,'2023-08-01 15:10:12.877000',NULL,0,'2023-08-02 09:11:59.433000',NULL,'PWT10002943','Vòng kẹp chữ V',125000,5.00,'UNIT_PACKAGE',3),(1846,'2023-08-01 15:10:12.877000',NULL,0,'2023-08-02 09:11:59.433000',NULL,'STD90001079','Vòng kẹp đường ống',3000,5.00,'UNIT_PACKAGE',3),(1847,'2023-08-01 15:10:12.877000',NULL,0,'2023-08-02 09:11:59.433000',NULL,'STD99000182','Vòng kẹp ống',9000,5.00,'UNIT_PACKAGE',3),(1848,'2023-08-01 15:10:12.878000',NULL,0,'2023-08-02 09:11:59.433000',NULL,'ENG10006046','Xéc măng khí 1',51000,5.00,'UNIT_PACKAGE',3),(1849,'2023-08-01 15:10:12.878000',NULL,0,'2023-08-02 09:11:59.434000',NULL,'ENG10006047','Xéc măng khí 2',38000,5.00,'UNIT_PACKAGE',3),(1850,'2023-08-01 15:10:12.878000',NULL,0,'2023-08-02 09:11:59.434000',NULL,'ENG10006048','Xéc măng khí 3',53000,5.00,'UNIT_PACKAGE',3),(1851,'2023-08-01 15:10:12.878000',NULL,0,'2023-08-02 09:11:59.434000',NULL,'SVK10000089','Xi lanh phanh chính',1315000,5.00,'UNIT_PACKAGE',3),(1852,'2023-08-01 15:10:12.879000',NULL,0,'2023-08-02 09:11:59.435000',NULL,'SVK10000042','Xi lanh phanh chính',1338000,5.00,'UNIT_PACKAGE',3),(1853,'2023-08-01 15:10:12.879000',NULL,0,'2023-08-02 09:11:59.435000',NULL,'ENG10005875','Xu páp nạp',57000,5.00,'UNIT_PACKAGE',3),(1854,'2023-08-01 15:10:12.879000',NULL,0,'2023-08-02 09:11:59.435000',NULL,'ENG10005874','Xu páp xả',178000,5.00,'UNIT_PACKAGE',3),(1855,'2023-08-01 15:10:12.880000',NULL,0,'2023-08-02 09:11:59.435000',NULL,'LIQM998121','Mannol 9981 Injector Cleaner ',130000,5.00,'UNIT_PACKAGE',5),(1856,'2023-08-01 15:10:12.880000',NULL,0,'2023-08-02 09:11:59.436000',NULL,'LIQE242721','SÚC RỬA ĐỘNG CƠ CAO CẤP LIQUI MOLY PRO-LINE ENGINE FLUSH 2427 500ML',200000,5.00,'UNIT_PACKAGE',5),(1857,'2023-08-01 15:10:12.880000',NULL,0,'2023-08-02 09:11:59.436000',NULL,'LIQM998122','Dầu nhớt Motul 300V Power motorsport line 5w40, bình 2 lít',836000,5.00,'UNIT_PACKAGE',5),(1858,'2023-08-01 15:10:12.881000',NULL,0,'2023-08-02 09:11:59.437000',NULL,'LIQM998123','Dầu nhớt Motul H-tech 100 plus SAE 0W20; API SN; ILSAC GF 5, bình 4 lít',811000,5.00,'UNIT_PACKAGE',5),(1859,'2023-08-01 15:10:12.881000',NULL,0,'2023-08-02 09:11:59.438000',NULL,'LIQM998124','Dầu nhớt Motul H-tech 100 plus SAE 5W30; API SN/CF; ILSAC GF 5, bình 4 lít',1930000,5.00,'UNIT_PACKAGE',5),(1860,'2023-08-01 15:10:12.881000',NULL,0,'2023-08-02 09:11:59.440000',NULL,'LIQM998125','Dầu nhớt Motul 8100 X-CESS 5W40 API SN/CF; OEMs, bình 5 lít',1155000,5.00,'UNIT_PACKAGE',5),(1861,'2023-08-01 15:10:12.882000',NULL,0,'2023-08-02 09:11:59.440000',NULL,'LIQM998126','Dầu nhớt Motul TRD Sport Engine Oil 5W40 Gasoline, SAE 5w40 API SN, ACEA C3, bình 4 lít',816000,5.00,'UNIT_PACKAGE',5),(1862,'2023-08-01 15:10:12.882000',NULL,0,'2023-08-02 09:11:59.440000',NULL,'LIQM998127','Dầu nhớt Motul Multipower plus 10W40 API SN/CF, bình 5 lít',660000,5.00,'UNIT_PACKAGE',5),(1863,'2023-08-01 15:10:12.882000',NULL,0,'2023-08-02 09:11:59.441000',NULL,'LIQM998128','Dầu nhớt Motul Multipower plus 10W40 API SN/CF, bình 4 lít',511000,5.00,'UNIT_PACKAGE',5),(1864,'2023-08-01 15:10:12.882000',NULL,0,'2023-08-02 09:11:59.441000',NULL,'LIQM998129','Dầu nhớt Motul Multipower 20W50 API SM/CF, bình 4 lít',526000,5.00,'UNIT_PACKAGE',5),(1865,'2023-08-01 15:10:12.883000',NULL,0,'2023-08-02 09:11:59.441000',NULL,'LIQM998130','Dầu nhớt Motul Multigrade plus 15W40 API SN/CF, bình 4 lít',444000,5.00,'UNIT_PACKAGE',5),(1866,'2023-08-01 15:10:12.883000',NULL,0,'2023-08-02 09:11:59.442000',NULL,'LIQM998131','Dầu nhớt Motul Multigrade plus 20W40 API SL/CF, bình 4 lít',776000,5.00,'UNIT_PACKAGE',5),(1867,'2023-08-01 15:10:12.883000',NULL,0,'2023-08-02 09:11:59.442000',NULL,'LIQM998132','Dầu nhớt Motul Multipower D-Turbo 15W40 & 20W50 API CI-4/SL, bình 5 lít',1055000,5.00,'UNIT_PACKAGE',5),(1868,'2023-08-01 15:10:12.884000',NULL,0,'2023-08-02 09:11:59.442000',NULL,'LIQM998133','Dầu nhớt Motul TRD Sport Engine Oil, 5W40 Diesel SAE API CF; ACEA C3, bình 4 lít',1155000,5.00,'UNIT_PACKAGE',5),(1869,'2023-08-01 15:10:12.884000',NULL,0,'2023-08-02 09:11:59.443000',NULL,'LIQM998134','Dung Dịch Vệ Sinh Dàn Lạnh Ô Tô 3M Air Conditioner Cleaner Foam 250mL',150000,5.00,'UNIT_PACKAGE',5),(1870,'2023-08-01 15:10:12.884000',NULL,0,'2023-08-02 09:11:59.444000',NULL,'LIQM998135','Dầu phanh, dầu thắng xe ô tô APP DOT3 lon 1 lít',79000,5.00,'UNIT_PACKAGE',5),(1871,NULL,NULL,0,'2023-08-02 09:11:59.444000',NULL,'LIQM998136','Dầu Nhớt hộp số Castrol Transmax 80w- 90',530000,4.00,'UNIT_PACKAGE',5),(1872,'2023-08-10 21:38:45.631000',NULL,0,'2023-08-10 21:38:45.631000',NULL,'TR38100901','Nước làm mát ',240000,10.00,'UNIT_BOTTLE',1),(1873,'2023-08-10 21:38:56.717000',NULL,0,'2023-08-15 09:01:01.899000',NULL,'TL38100201','Nước rửa kính',255000,1.00,'UNIT_BOTTLE',2),(1874,'2023-08-10 21:39:03.433000',NULL,1,'2023-08-15 09:01:08.201000',NULL,'Autem natus est iru','Cynthia Miller',203,1.00,'UNIT_SUITE',2),(1875,'2023-08-16 09:12:08.370000',NULL,0,'2023-08-16 09:12:08.370000',NULL,'JA3810024','Dầu bóng và đông cứng nhanh khô LEKAI',310000,1.00,'UNIT_BOTTLE',5),(1876,'2023-08-16 09:15:06.135000',NULL,0,'2023-08-16 09:15:06.135000',NULL,'TP3810023','3M- Fast Cut – Xi đánh bóng bước 1 chuyên dụng 3.3Kg 33001',812000,1.00,'UNIT_BOTTLE',5),(1877,'2023-08-16 09:17:23.492000',NULL,0,'2023-08-16 09:17:23.492000',NULL,'TR0165011',' BỘT BẢ KIM LOẠI GARLUSE 380',247000,1.00,'UNIT_BOTTLE',5),(1878,'2023-08-16 09:20:29.337000',NULL,0,'2023-08-16 09:20:29.337000',NULL,'TA2023011','Dầu bóng 2K nhanh khô Kuruma Clear 2K 4-1',1050000,1.00,'UNIT_BOTTLE',5),(1879,'2023-08-16 09:22:10.111000',NULL,0,'2023-08-16 09:22:10.111000',NULL,'KA99600011','Sơn lót trên nhựa KODO CF9960',550000,1.00,'UNIT_BOTTLE',5),(1880,'2023-08-16 09:39:03.685000',NULL,0,'2023-08-16 09:39:03.686000',NULL,'TA09000121','Sơn màu gốc Bigben',636000,1.00,'UNIT_BOTTLE',5);
/*!40000 ALTER TABLE `accessories` ENABLE KEYS */;
UNLOCK TABLES;

--
-- Table structure for table `accessory_role`
--

DROP TABLE IF EXISTS `accessory_role`;
/*!40101 SET @saved_cs_client     = @@character_set_client */;
/*!50503 SET character_set_client = utf8mb4 */;
CREATE TABLE `accessory_role` (
  `id` bigint NOT NULL AUTO_INCREMENT,
  `code` varchar(255) DEFAULT NULL,
  `name` varchar(50) DEFAULT NULL,
  PRIMARY KEY (`id`)
) ENGINE=InnoDB AUTO_INCREMENT=6 DEFAULT CHARSET=utf8mb4 COLLATE=utf8mb4_0900_ai_ci;
/*!40101 SET character_set_client = @saved_cs_client */;

--
-- Dumping data for table `accessory_role`
--

LOCK TABLES `accessory_role` WRITE;
/*!40000 ALTER TABLE `accessory_role` DISABLE KEYS */;
INSERT INTO `accessory_role` VALUES (1,'PHỤ TÙNG ĐỘNG CƠ','TYPE_PTDC'),(2,'PHỤ TÙNG GẦM','TYPE_PTGX'),(3,'PHỤ TÙNG THÂN - VỎ','TYPE_PTTV'),(4,'PHỤ TÙNG ĐIỆN - ĐIỀU HÒA','TYPE_PTDDH'),(5,'PHỤ TÙNG KHÁC','TYPE_PTK');
/*!40000 ALTER TABLE `accessory_role` ENABLE KEYS */;
UNLOCK TABLES;

--
-- Table structure for table `bill_car`
--

DROP TABLE IF EXISTS `bill_car`;
/*!40101 SET @saved_cs_client     = @@character_set_client */;
/*!50503 SET character_set_client = utf8mb4 */;
CREATE TABLE `bill_car` (
  `id` bigint NOT NULL AUTO_INCREMENT,
  `created_at` datetime(6) DEFAULT NULL,
  `created_by` varchar(255) DEFAULT NULL,
  `deleted` tinyint(1) DEFAULT '0',
  `updated_at` datetime(6) DEFAULT NULL,
  `updated_by` varchar(255) DEFAULT NULL,
  `total_amount` decimal(12,0) NOT NULL,
  PRIMARY KEY (`id`)
) ENGINE=InnoDB DEFAULT CHARSET=utf8mb4 COLLATE=utf8mb4_0900_ai_ci;
/*!40101 SET character_set_client = @saved_cs_client */;

--
-- Dumping data for table `bill_car`
--

LOCK TABLES `bill_car` WRITE;
/*!40000 ALTER TABLE `bill_car` DISABLE KEYS */;
/*!40000 ALTER TABLE `bill_car` ENABLE KEYS */;
UNLOCK TABLES;

--
-- Table structure for table `bill_car_detail`
--

DROP TABLE IF EXISTS `bill_car_detail`;
/*!40101 SET @saved_cs_client     = @@character_set_client */;
/*!50503 SET character_set_client = utf8mb4 */;
CREATE TABLE `bill_car_detail` (
  `id` bigint NOT NULL AUTO_INCREMENT,
  `created_at` datetime(6) DEFAULT NULL,
  `created_by` varchar(255) DEFAULT NULL,
  `deleted` tinyint(1) DEFAULT '0',
  `updated_at` datetime(6) DEFAULT NULL,
  `updated_by` varchar(255) DEFAULT NULL,
  `amount` decimal(12,0) NOT NULL,
  `price` decimal(12,0) NOT NULL,
  `quantity` bigint NOT NULL,
  `title` varchar(255) NOT NULL,
  `bill_car_id` bigint NOT NULL,
  `car_id` bigint NOT NULL,
  PRIMARY KEY (`id`),
  KEY `FKphodw0rvo1bj6ra4ot26u53sr` (`bill_car_id`),
  KEY `FKbgic6uaou6vepfo5hnje0yvpo` (`car_id`),
  CONSTRAINT `FKbgic6uaou6vepfo5hnje0yvpo` FOREIGN KEY (`car_id`) REFERENCES `cars` (`id`),
  CONSTRAINT `FKphodw0rvo1bj6ra4ot26u53sr` FOREIGN KEY (`bill_car_id`) REFERENCES `bill_car` (`id`)
) ENGINE=InnoDB DEFAULT CHARSET=utf8mb4 COLLATE=utf8mb4_0900_ai_ci;
/*!40101 SET character_set_client = @saved_cs_client */;

--
-- Dumping data for table `bill_car_detail`
--

LOCK TABLES `bill_car_detail` WRITE;
/*!40000 ALTER TABLE `bill_car_detail` DISABLE KEYS */;
/*!40000 ALTER TABLE `bill_car_detail` ENABLE KEYS */;
UNLOCK TABLES;

--
-- Table structure for table `bill_service`
--

DROP TABLE IF EXISTS `bill_service`;
/*!40101 SET @saved_cs_client     = @@character_set_client */;
/*!50503 SET character_set_client = utf8mb4 */;
CREATE TABLE `bill_service` (
  `id` bigint NOT NULL AUTO_INCREMENT,
  `created_at` datetime(6) DEFAULT NULL,
  `created_by` varchar(255) DEFAULT NULL,
  `deleted` tinyint(1) DEFAULT '0',
  `updated_at` datetime(6) DEFAULT NULL,
  `updated_by` varchar(255) DEFAULT NULL,
  `total_amount` decimal(10,0) NOT NULL,
  `order_service_id` bigint DEFAULT NULL,
  `amount_tax` decimal(10,0) DEFAULT NULL,
  `tax` bigint DEFAULT NULL,
  `total_amount_after_tax` decimal(10,0) DEFAULT NULL,
  PRIMARY KEY (`id`),
  KEY `FK9ujoihlpfjo0fwi5mcxqj2cut` (`order_service_id`),
  CONSTRAINT `FK9ujoihlpfjo0fwi5mcxqj2cut` FOREIGN KEY (`order_service_id`) REFERENCES `order_service` (`id`)
) ENGINE=InnoDB AUTO_INCREMENT=4 DEFAULT CHARSET=utf8mb4 COLLATE=utf8mb4_0900_ai_ci;
/*!40101 SET character_set_client = @saved_cs_client */;

--
-- Dumping data for table `bill_service`
--

LOCK TABLES `bill_service` WRITE;
/*!40000 ALTER TABLE `bill_service` DISABLE KEYS */;
INSERT INTO `bill_service` VALUES (1,'2023-08-30 08:21:28.675585',NULL,0,'2023-08-30 08:21:28.675585',NULL,698000,5,55840,8,753840),(2,'2023-08-31 11:43:15.346991',NULL,0,'2023-08-31 11:43:15.346991',NULL,2899000,6,231920,8,3130920),(3,'2023-08-31 11:54:26.161917',NULL,0,'2023-08-31 11:54:26.161917',NULL,2729000,7,218320,8,2947320);
/*!40000 ALTER TABLE `bill_service` ENABLE KEYS */;
UNLOCK TABLES;

--
-- Table structure for table `bill_service_detail`
--

DROP TABLE IF EXISTS `bill_service_detail`;
/*!40101 SET @saved_cs_client     = @@character_set_client */;
/*!50503 SET character_set_client = utf8mb4 */;
CREATE TABLE `bill_service_detail` (
  `id` bigint NOT NULL AUTO_INCREMENT,
  `created_at` datetime(6) DEFAULT NULL,
  `created_by` varchar(255) DEFAULT NULL,
  `deleted` tinyint(1) DEFAULT '0',
  `updated_at` datetime(6) DEFAULT NULL,
  `updated_by` varchar(255) DEFAULT NULL,
  `amount` decimal(10,0) NOT NULL,
  `discount` decimal(10,0) DEFAULT NULL,
  `fees` bigint DEFAULT NULL,
  `pack_name` varchar(50) DEFAULT NULL,
  `payment` varchar(50) DEFAULT NULL,
  `price_wage` decimal(10,0) NOT NULL,
  `quantity` decimal(10,2) NOT NULL,
  `service_name` varchar(255) NOT NULL,
  `unit_wage` varchar(255) NOT NULL,
  `bill_service_id` bigint NOT NULL,
  PRIMARY KEY (`id`),
  KEY `FK6sg7cqg7c7w9ir8xwk01b7vqt` (`bill_service_id`),
  CONSTRAINT `FK6sg7cqg7c7w9ir8xwk01b7vqt` FOREIGN KEY (`bill_service_id`) REFERENCES `bill_service` (`id`)
) ENGINE=InnoDB AUTO_INCREMENT=7 DEFAULT CHARSET=utf8mb4 COLLATE=utf8mb4_0900_ai_ci;
/*!40101 SET character_set_client = @saved_cs_client */;

--
-- Dumping data for table `bill_service_detail`
--

LOCK TABLES `bill_service_detail` WRITE;
/*!40000 ALTER TABLE `bill_service_detail` DISABLE KEYS */;
INSERT INTO `bill_service_detail` VALUES (1,'2023-08-30 08:21:28.698033',NULL,0,'2023-08-30 08:21:28.698033',NULL,243000,NULL,NULL,'MAINTENANCE','PAYMENT_CUSTOMER',270000,0.90,'BẢO DƯỠNG XE CẤP (5K, 15K, 25K, 35K, 45K, 55K, 65K...)','CÔNG',1),(2,'2023-08-30 08:21:28.752856',NULL,0,'2023-08-30 08:21:28.752856',NULL,100000,NULL,NULL,'REPAIR','PAYMENT_CUSTOMER',100000,1.00,'Mức nước rửa kính','GÓI',1),(3,'2023-08-31 11:43:15.375040',NULL,0,'2023-08-31 11:43:15.375040',NULL,243000,NULL,NULL,'MAINTENANCE','PAYMENT_CUSTOMER',270000,0.90,'BẢO DƯỠNG XE CẤP (5K, 15K, 25K, 35K, 45K, 55K, 65K...)','CÔNG',2),(4,'2023-08-31 11:43:15.427636',NULL,0,'2023-08-31 11:43:15.427636',NULL,270000,NULL,NULL,'REPAIR','PAYMENT_CUSTOMER',270000,1.00,'Lọc dầu động cơ','GÓI',2),(5,'2023-08-31 11:54:26.178372',NULL,0,'2023-08-31 11:54:26.178372',NULL,243000,NULL,NULL,'MAINTENANCE','PAYMENT_CUSTOMER',270000,0.90,'BẢO DƯỠNG XE CẤP (5K, 15K, 25K, 35K, 45K, 55K, 65K...)','CÔNG',3),(6,'2023-08-31 11:54:26.232681',NULL,0,'2023-08-31 11:54:26.232681',NULL,100000,NULL,NULL,'REPAIR','PAYMENT_CUSTOMER',100000,1.00,'Lọc dầu động cơ','GÓI',3);
/*!40000 ALTER TABLE `bill_service_detail` ENABLE KEYS */;
UNLOCK TABLES;

--
-- Table structure for table `bill_service_detail_accessory`
--

DROP TABLE IF EXISTS `bill_service_detail_accessory`;
/*!40101 SET @saved_cs_client     = @@character_set_client */;
/*!50503 SET character_set_client = utf8mb4 */;
CREATE TABLE `bill_service_detail_accessory` (
  `id` bigint NOT NULL AUTO_INCREMENT,
  `created_at` datetime(6) DEFAULT NULL,
  `created_by` varchar(255) DEFAULT NULL,
  `deleted` tinyint(1) DEFAULT '0',
  `updated_at` datetime(6) DEFAULT NULL,
  `updated_by` varchar(255) DEFAULT NULL,
  `accessory_name` varchar(255) NOT NULL,
  `accessory_price` decimal(10,0) NOT NULL,
  `accessory_quantity` decimal(10,2) NOT NULL,
  `accessory_unit` varchar(255) NOT NULL,
  `amount` decimal(10,0) NOT NULL,
  `bill_service_detail_id` bigint NOT NULL,
  `accessory_code` varchar(255) NOT NULL,
  PRIMARY KEY (`id`),
  KEY `FKg2361nrh59gwfm1skptrqf2ql` (`bill_service_detail_id`),
  CONSTRAINT `FKg2361nrh59gwfm1skptrqf2ql` FOREIGN KEY (`bill_service_detail_id`) REFERENCES `bill_service_detail` (`id`)
) ENGINE=InnoDB AUTO_INCREMENT=4 DEFAULT CHARSET=utf8mb4 COLLATE=utf8mb4_0900_ai_ci;
/*!40101 SET character_set_client = @saved_cs_client */;

--
-- Dumping data for table `bill_service_detail_accessory`
--

LOCK TABLES `bill_service_detail_accessory` WRITE;
/*!40000 ALTER TABLE `bill_service_detail_accessory` DISABLE KEYS */;
INSERT INTO `bill_service_detail_accessory` VALUES (1,'2023-08-30 08:21:28.766254',NULL,0,'2023-08-30 08:21:28.766254',NULL,'Nước rửa kính',255000,1.00,'UNIT_BOTTLE',255000,2,'TL38100201'),(2,'2023-08-31 11:43:15.461042',NULL,0,'2023-08-31 11:43:15.462051',NULL,'Cụm lọc dầu và làm mát dầu đi kèm',2386000,1.00,'UNIT_PACKAGE',2386000,4,'ENG10005911'),(3,'2023-08-31 11:54:26.244641',NULL,0,'2023-08-31 11:54:26.244641',NULL,'Cụm lọc dầu và làm mát dầu đi kèm',2386000,1.00,'UNIT_PACKAGE',2386000,6,'ENG10005911');
/*!40000 ALTER TABLE `bill_service_detail_accessory` ENABLE KEYS */;
UNLOCK TABLES;

--
-- Table structure for table `car_avatar`
--

DROP TABLE IF EXISTS `car_avatar`;
/*!40101 SET @saved_cs_client     = @@character_set_client */;
/*!50503 SET character_set_client = utf8mb4 */;
CREATE TABLE `car_avatar` (
  `id` varchar(255) NOT NULL,
  `created_at` datetime(6) DEFAULT NULL,
  `created_by` varchar(255) DEFAULT NULL,
  `deleted` tinyint(1) DEFAULT '0',
  `updated_at` datetime(6) DEFAULT NULL,
  `updated_by` varchar(255) DEFAULT NULL,
  `cloud_id` varchar(255) DEFAULT NULL,
  `file_folder` varchar(255) DEFAULT NULL,
  `file_name` varchar(255) DEFAULT NULL,
  `file_type` varchar(255) DEFAULT NULL,
  `file_url` varchar(255) DEFAULT NULL,
  `height` int DEFAULT NULL,
  `width` int DEFAULT NULL,
  PRIMARY KEY (`id`)
) ENGINE=InnoDB DEFAULT CHARSET=utf8mb4 COLLATE=utf8mb4_0900_ai_ci;
/*!40101 SET character_set_client = @saved_cs_client */;

--
-- Dumping data for table `car_avatar`
--

LOCK TABLES `car_avatar` WRITE;
/*!40000 ALTER TABLE `car_avatar` DISABLE KEYS */;
INSERT INTO `car_avatar` VALUES ('01e301a5-7653-43e2-b164-7a60c27c5a3c','2023-08-13 16:51:12.482000',NULL,0,'2023-08-13 16:51:15.418000',NULL,'toyota_car/car_avatar/01e301a5-7653-43e2-b164-7a60c27c5a3c','toyota_car/car_avatar','01e301a5-7653-43e2-b164-7a60c27c5a3c.jpg',NULL,'https://res.cloudinary.com/dev-share/image/upload/v1691920291/toyota_car/car_avatar/01e301a5-7653-43e2-b164-7a60c27c5a3c.jpg',NULL,NULL),('0bdf3df2-5cda-46d8-831f-f7b7157dd848','2023-08-24 09:50:23.331000',NULL,0,'2023-08-24 09:50:26.176000',NULL,'toyota_car/car_avatar/0bdf3df2-5cda-46d8-831f-f7b7157dd848','toyota_car/car_avatar','0bdf3df2-5cda-46d8-831f-f7b7157dd848.jpg',NULL,'https://res.cloudinary.com/dev-share/image/upload/v1692845453/toyota_car/car_avatar/0bdf3df2-5cda-46d8-831f-f7b7157dd848.jpg',NULL,NULL),('0d92f721-5677-44d4-b0ce-3f8062c37328','2023-08-24 09:46:34.139000',NULL,0,'2023-08-24 09:46:35.924000',NULL,'toyota_car/car_avatar/0d92f721-5677-44d4-b0ce-3f8062c37328','toyota_car/car_avatar','0d92f721-5677-44d4-b0ce-3f8062c37328.png',NULL,'https://res.cloudinary.com/dev-share/image/upload/v1692845223/toyota_car/car_avatar/0d92f721-5677-44d4-b0ce-3f8062c37328.png',NULL,NULL),('0eb36682-9e7a-40c1-bf74-1898579aa88d','2023-08-13 16:19:17.088000',NULL,0,'2023-08-13 16:19:20.940000',NULL,'toyota_car/car_avatar/0eb36682-9e7a-40c1-bf74-1898579aa88d','toyota_car/car_avatar','0eb36682-9e7a-40c1-bf74-1898579aa88d.jpg',NULL,'https://res.cloudinary.com/dev-share/image/upload/v1691918376/toyota_car/car_avatar/0eb36682-9e7a-40c1-bf74-1898579aa88d.jpg',NULL,NULL),('0fdfcdd5-2bdb-4ef4-979a-be1c39cd5cdb','2023-08-13 16:47:43.958000',NULL,0,'2023-08-13 16:47:47.246000',NULL,'toyota_car/car_avatar/0fdfcdd5-2bdb-4ef4-979a-be1c39cd5cdb','toyota_car/car_avatar','0fdfcdd5-2bdb-4ef4-979a-be1c39cd5cdb.jpg',NULL,'https://res.cloudinary.com/dev-share/image/upload/v1691920083/toyota_car/car_avatar/0fdfcdd5-2bdb-4ef4-979a-be1c39cd5cdb.jpg',NULL,NULL),('31b540a1-dd31-4e4f-b133-0fb3a474bde2','2023-08-24 09:48:26.827000',NULL,0,'2023-08-24 09:48:28.798000',NULL,'toyota_car/car_avatar/31b540a1-dd31-4e4f-b133-0fb3a474bde2','toyota_car/car_avatar','31b540a1-dd31-4e4f-b133-0fb3a474bde2.png',NULL,'https://res.cloudinary.com/dev-share/image/upload/v1692845336/toyota_car/car_avatar/31b540a1-dd31-4e4f-b133-0fb3a474bde2.png',NULL,NULL),('383924c9-2e36-42d7-889e-923ca5894543','2023-08-13 16:41:53.937000',NULL,0,'2023-08-13 16:41:56.317000',NULL,'toyota_car/car_avatar/383924c9-2e36-42d7-889e-923ca5894543','toyota_car/car_avatar','383924c9-2e36-42d7-889e-923ca5894543.png',NULL,'https://res.cloudinary.com/dev-share/image/upload/v1691919732/toyota_car/car_avatar/383924c9-2e36-42d7-889e-923ca5894543.png',NULL,NULL),('3bcf24cb-eb19-4f28-a93c-100b18ce0cc0','2023-08-13 16:20:32.181000',NULL,0,'2023-08-13 16:20:35.013000',NULL,'toyota_car/car_avatar/3bcf24cb-eb19-4f28-a93c-100b18ce0cc0','toyota_car/car_avatar','3bcf24cb-eb19-4f28-a93c-100b18ce0cc0.jpg',NULL,'https://res.cloudinary.com/dev-share/image/upload/v1691918450/toyota_car/car_avatar/3bcf24cb-eb19-4f28-a93c-100b18ce0cc0.jpg',NULL,NULL),('54c682e4-8b72-4416-a897-b57004bd9172','2023-08-13 16:35:24.434000',NULL,0,'2023-08-13 16:35:27.390000',NULL,'toyota_car/car_avatar/54c682e4-8b72-4416-a897-b57004bd9172','toyota_car/car_avatar','54c682e4-8b72-4416-a897-b57004bd9172.jpg',NULL,'https://res.cloudinary.com/dev-share/image/upload/v1691919343/toyota_car/car_avatar/54c682e4-8b72-4416-a897-b57004bd9172.jpg',NULL,NULL),('5ce9c1d6-9edc-4910-a674-91b953b18450','2023-08-13 16:23:03.394000',NULL,0,'2023-08-13 16:23:06.104000',NULL,'toyota_car/car_avatar/5ce9c1d6-9edc-4910-a674-91b953b18450','toyota_car/car_avatar','5ce9c1d6-9edc-4910-a674-91b953b18450.png',NULL,'https://res.cloudinary.com/dev-share/image/upload/v1691918601/toyota_car/car_avatar/5ce9c1d6-9edc-4910-a674-91b953b18450.png',NULL,NULL),('5e4d4460-e8ac-42c0-be22-81be778c0b10','2023-08-13 16:36:45.294000',NULL,0,'2023-08-13 16:36:47.685000',NULL,'toyota_car/car_avatar/5e4d4460-e8ac-42c0-be22-81be778c0b10','toyota_car/car_avatar','5e4d4460-e8ac-42c0-be22-81be778c0b10.jpg',NULL,'https://res.cloudinary.com/dev-share/image/upload/v1691919423/toyota_car/car_avatar/5e4d4460-e8ac-42c0-be22-81be778c0b10.jpg',NULL,NULL),('63b7a7fd-1e49-4bf4-91ad-ddbf17cacbb2','2023-08-13 16:25:35.694000',NULL,0,'2023-08-13 16:25:38.092000',NULL,'toyota_car/car_avatar/63b7a7fd-1e49-4bf4-91ad-ddbf17cacbb2','toyota_car/car_avatar','63b7a7fd-1e49-4bf4-91ad-ddbf17cacbb2.jpg',NULL,'https://res.cloudinary.com/dev-share/image/upload/v1691918754/toyota_car/car_avatar/63b7a7fd-1e49-4bf4-91ad-ddbf17cacbb2.jpg',NULL,NULL),('679c2dee-1a7e-493f-99bd-a24d076f51b9','2023-08-13 16:34:00.986000',NULL,0,'2023-08-13 16:34:03.625000',NULL,'toyota_car/car_avatar/679c2dee-1a7e-493f-99bd-a24d076f51b9','toyota_car/car_avatar','679c2dee-1a7e-493f-99bd-a24d076f51b9.jpg',NULL,'https://res.cloudinary.com/dev-share/image/upload/v1691919259/toyota_car/car_avatar/679c2dee-1a7e-493f-99bd-a24d076f51b9.jpg',NULL,NULL),('72fe6c45-cb2c-45a9-a71b-9b71a374932b','2023-08-13 16:32:41.495000',NULL,0,'2023-08-13 16:32:44.061000',NULL,'toyota_car/car_avatar/72fe6c45-cb2c-45a9-a71b-9b71a374932b','toyota_car/car_avatar','72fe6c45-cb2c-45a9-a71b-9b71a374932b.jpg',NULL,'https://res.cloudinary.com/dev-share/image/upload/v1691919179/toyota_car/car_avatar/72fe6c45-cb2c-45a9-a71b-9b71a374932b.jpg',NULL,NULL),('756b3d49-265b-40dc-a29f-b0a783788d53','2023-08-24 09:44:29.459000',NULL,0,'2023-08-24 09:44:33.240000',NULL,'toyota_car/car_avatar/756b3d49-265b-40dc-a29f-b0a783788d53','toyota_car/car_avatar','756b3d49-265b-40dc-a29f-b0a783788d53.png',NULL,'https://res.cloudinary.com/dev-share/image/upload/v1692845100/toyota_car/car_avatar/756b3d49-265b-40dc-a29f-b0a783788d53.png',NULL,NULL),('7ddb0f9f-33cb-46e8-9fc4-c53b3621ac58','2023-08-24 09:49:38.985000',NULL,0,'2023-08-24 09:49:41.336000',NULL,'toyota_car/car_avatar/7ddb0f9f-33cb-46e8-9fc4-c53b3621ac58','toyota_car/car_avatar','7ddb0f9f-33cb-46e8-9fc4-c53b3621ac58.png',NULL,'https://res.cloudinary.com/dev-share/image/upload/v1692845408/toyota_car/car_avatar/7ddb0f9f-33cb-46e8-9fc4-c53b3621ac58.png',NULL,NULL),('824b6cc8-720d-4eb6-8bff-3e4764b769f9','2023-08-13 16:39:34.703000',NULL,0,'2023-08-13 16:39:37.352000',NULL,'toyota_car/car_avatar/824b6cc8-720d-4eb6-8bff-3e4764b769f9','toyota_car/car_avatar','824b6cc8-720d-4eb6-8bff-3e4764b769f9.jpg',NULL,'https://res.cloudinary.com/dev-share/image/upload/v1691919593/toyota_car/car_avatar/824b6cc8-720d-4eb6-8bff-3e4764b769f9.jpg',NULL,NULL),('a0e67991-6805-4741-bfb1-bedeb85b443f','2023-08-24 09:41:36.804000',NULL,0,'2023-08-24 09:41:39.966000',NULL,'toyota_car/car_avatar/a0e67991-6805-4741-bfb1-bedeb85b443f','toyota_car/car_avatar','a0e67991-6805-4741-bfb1-bedeb85b443f.png',NULL,'https://res.cloudinary.com/dev-share/image/upload/v1692844926/toyota_car/car_avatar/a0e67991-6805-4741-bfb1-bedeb85b443f.png',NULL,NULL),('a144baca-f210-45c4-81d1-086ddcaae153','2023-08-13 16:21:54.205000',NULL,0,'2023-08-13 16:21:56.982000',NULL,'toyota_car/car_avatar/a144baca-f210-45c4-81d1-086ddcaae153','toyota_car/car_avatar','a144baca-f210-45c4-81d1-086ddcaae153.png',NULL,'https://res.cloudinary.com/dev-share/image/upload/v1691918532/toyota_car/car_avatar/a144baca-f210-45c4-81d1-086ddcaae153.png',NULL,NULL),('b6fc9af2-8d61-4655-a7c9-b92ba4e4d05b','2023-08-24 09:39:56.852000',NULL,0,'2023-08-24 09:39:59.586000',NULL,'toyota_car/car_avatar/b6fc9af2-8d61-4655-a7c9-b92ba4e4d05b','toyota_car/car_avatar','b6fc9af2-8d61-4655-a7c9-b92ba4e4d05b.jpg',NULL,'https://res.cloudinary.com/dev-share/image/upload/v1692844826/toyota_car/car_avatar/b6fc9af2-8d61-4655-a7c9-b92ba4e4d05b.jpg',NULL,NULL),('c0bf3f67-0778-41c8-97d3-1735bb13dd52','2023-08-13 16:17:32.418000',NULL,0,'2023-08-13 16:17:35.809000',NULL,'toyota_car/car_avatar/c0bf3f67-0778-41c8-97d3-1735bb13dd52','toyota_car/car_avatar','c0bf3f67-0778-41c8-97d3-1735bb13dd52.jpg',NULL,'https://res.cloudinary.com/dev-share/image/upload/v1691918271/toyota_car/car_avatar/c0bf3f67-0778-41c8-97d3-1735bb13dd52.jpg',NULL,NULL),('c499a01c-2a0d-403a-a3ff-e3f5a504215b','2023-08-13 16:54:50.887000',NULL,0,'2023-08-13 16:54:53.737000',NULL,'toyota_car/car_avatar/c499a01c-2a0d-403a-a3ff-e3f5a504215b','toyota_car/car_avatar','c499a01c-2a0d-403a-a3ff-e3f5a504215b.jpg',NULL,'https://res.cloudinary.com/dev-share/image/upload/v1691920509/toyota_car/car_avatar/c499a01c-2a0d-403a-a3ff-e3f5a504215b.jpg',NULL,NULL),('c8861ddc-1ff3-4771-93d3-586074b2e85d','2023-08-24 09:45:47.561000',NULL,0,'2023-08-24 09:45:50.247000',NULL,'toyota_car/car_avatar/c8861ddc-1ff3-4771-93d3-586074b2e85d','toyota_car/car_avatar','c8861ddc-1ff3-4771-93d3-586074b2e85d.png',NULL,'https://res.cloudinary.com/dev-share/image/upload/v1692845177/toyota_car/car_avatar/c8861ddc-1ff3-4771-93d3-586074b2e85d.png',NULL,NULL),('ca8d3772-a290-4f96-af65-b97eeec1d1da','2023-08-13 16:24:47.258000',NULL,0,'2023-08-13 16:24:50.452000',NULL,'toyota_car/car_avatar/ca8d3772-a290-4f96-af65-b97eeec1d1da','toyota_car/car_avatar','ca8d3772-a290-4f96-af65-b97eeec1d1da.jpg',NULL,'https://res.cloudinary.com/dev-share/image/upload/v1691918706/toyota_car/car_avatar/ca8d3772-a290-4f96-af65-b97eeec1d1da.jpg',NULL,NULL),('d481e88a-1e36-421b-b4d6-cfae8f662d2d','2023-08-13 16:38:16.228000',NULL,0,'2023-08-13 16:38:18.400000',NULL,'toyota_car/car_avatar/d481e88a-1e36-421b-b4d6-cfae8f662d2d','toyota_car/car_avatar','d481e88a-1e36-421b-b4d6-cfae8f662d2d.png',NULL,'https://res.cloudinary.com/dev-share/image/upload/v1691919514/toyota_car/car_avatar/d481e88a-1e36-421b-b4d6-cfae8f662d2d.png',NULL,NULL),('ddb18e04-3321-4b8f-b048-38f35cbcef04','2023-08-13 16:45:40.064000',NULL,0,'2023-08-13 16:45:44.203000',NULL,'toyota_car/car_avatar/ddb18e04-3321-4b8f-b048-38f35cbcef04','toyota_car/car_avatar','ddb18e04-3321-4b8f-b048-38f35cbcef04.jpg',NULL,'https://res.cloudinary.com/dev-share/image/upload/v1691919959/toyota_car/car_avatar/ddb18e04-3321-4b8f-b048-38f35cbcef04.jpg',NULL,NULL),('e5b0d90e-1ddc-49e8-ae02-88f838bccbbc','2023-08-13 16:52:42.321000',NULL,0,'2023-08-13 16:52:44.814000',NULL,'toyota_car/car_avatar/e5b0d90e-1ddc-49e8-ae02-88f838bccbbc','toyota_car/car_avatar','e5b0d90e-1ddc-49e8-ae02-88f838bccbbc.jpg',NULL,'https://res.cloudinary.com/dev-share/image/upload/v1691920380/toyota_car/car_avatar/e5b0d90e-1ddc-49e8-ae02-88f838bccbbc.jpg',NULL,NULL),('e934e4b9-0f6f-4bd1-a531-a30a1aafebfa','2023-08-24 09:47:29.986000',NULL,0,'2023-08-24 09:47:33.782000',NULL,'toyota_car/car_avatar/e934e4b9-0f6f-4bd1-a531-a30a1aafebfa','toyota_car/car_avatar','e934e4b9-0f6f-4bd1-a531-a30a1aafebfa.png',NULL,'https://res.cloudinary.com/dev-share/image/upload/v1692845280/toyota_car/car_avatar/e934e4b9-0f6f-4bd1-a531-a30a1aafebfa.png',NULL,NULL),('ed688963-a5fe-4937-9349-9c134cbcb122','2023-08-13 16:27:22.587000',NULL,0,'2023-08-13 16:27:25.385000',NULL,'toyota_car/car_avatar/ed688963-a5fe-4937-9349-9c134cbcb122','toyota_car/car_avatar','ed688963-a5fe-4937-9349-9c134cbcb122.jpg',NULL,'https://res.cloudinary.com/dev-share/image/upload/v1691918861/toyota_car/car_avatar/ed688963-a5fe-4937-9349-9c134cbcb122.jpg',NULL,NULL);
/*!40000 ALTER TABLE `car_avatar` ENABLE KEYS */;
UNLOCK TABLES;

--
-- Table structure for table `car_queue`
--

DROP TABLE IF EXISTS `car_queue`;
/*!40101 SET @saved_cs_client     = @@character_set_client */;
/*!50503 SET character_set_client = utf8mb4 */;
CREATE TABLE `car_queue` (
  `id` bigint NOT NULL AUTO_INCREMENT,
  `created_at` datetime(6) DEFAULT NULL,
  `created_by` varchar(255) DEFAULT NULL,
  `deleted` tinyint(1) DEFAULT '0',
  `updated_at` datetime(6) DEFAULT NULL,
  `updated_by` varchar(255) DEFAULT NULL,
  `car_number_plates` varchar(255) NOT NULL,
  `full_name` varchar(255) NOT NULL,
  `phone` varchar(255) NOT NULL,
  `status_name` varchar(50) DEFAULT NULL,
  PRIMARY KEY (`id`)
) ENGINE=InnoDB AUTO_INCREMENT=11 DEFAULT CHARSET=utf8mb4 COLLATE=utf8mb4_0900_ai_ci;
/*!40101 SET character_set_client = @saved_cs_client */;

--
-- Dumping data for table `car_queue`
--

LOCK TABLES `car_queue` WRITE;
/*!40000 ALTER TABLE `car_queue` DISABLE KEYS */;
INSERT INTO `car_queue` VALUES (1,'2023-08-28 15:06:23.471121',NULL,1,'2023-08-30 08:21:28.774229',NULL,'75A11111','Châu Văn Nghĩa','0932111111','STATUS_DONE'),(2,'2023-08-28 15:07:26.210842',NULL,1,'2023-08-30 14:27:18.577582',NULL,'75A22222','Phan Văn Đạt','0932222222','STATUS_WAITING'),(3,'2023-08-28 15:08:22.442325',NULL,1,'2023-08-31 11:43:15.481985',NULL,'75A33333','Lê Thị Bảo Thi','0932333333','STATUS_DONE'),(4,'2023-08-28 15:09:32.575629',NULL,0,'2023-08-28 15:09:32.575629',NULL,'75A44444','Nguyễn Quốc Phú','0932444444','STATUS_WAITING'),(5,'2023-08-28 15:10:40.868191',NULL,1,'2023-08-31 11:54:26.261586',NULL,'75A55555','Trần Ngọc Vinh','0932555555','STATUS_DONE'),(6,'2023-08-30 14:27:18.563672',NULL,1,'2023-08-30 14:40:34.662349',NULL,'75A22222','Phan Văn Đạt','0932222222','STATUS_WAITING'),(7,'2023-08-30 14:40:34.652589',NULL,1,'2023-08-30 14:42:25.029183',NULL,'75A22222','Phan Văn Đạt 12','0932222222','STATUS_WAITING'),(8,'2023-08-30 14:42:25.028187',NULL,1,'2023-08-30 14:47:06.560989',NULL,'75A22222','Phan Văn Đạt','0932222222','STATUS_WAITING'),(9,'2023-08-30 14:47:06.559996',NULL,1,'2023-08-30 14:47:10.818565',NULL,'75A22222','Phan Văn Đạt 123','0932222222','STATUS_WAITING'),(10,'2023-08-30 14:47:10.816572',NULL,0,'2023-08-30 14:47:10.817568',NULL,'75A22222','Phan Văn Đạt','0932222222','STATUS_WAITING');
/*!40000 ALTER TABLE `car_queue` ENABLE KEYS */;
UNLOCK TABLES;

--
-- Table structure for table `cars`
--

DROP TABLE IF EXISTS `cars`;
/*!40101 SET @saved_cs_client     = @@character_set_client */;
/*!50503 SET character_set_client = utf8mb4 */;
CREATE TABLE `cars` (
  `id` bigint NOT NULL AUTO_INCREMENT,
  `created_at` datetime(6) DEFAULT NULL,
  `created_by` varchar(255) DEFAULT NULL,
  `deleted` tinyint(1) DEFAULT '0',
  `updated_at` datetime(6) DEFAULT NULL,
  `updated_by` varchar(255) DEFAULT NULL,
  `code` varchar(255) NOT NULL,
  `description` longtext,
  `fuel_code` varchar(50) NOT NULL,
  `origin_code` varchar(50) NOT NULL,
  `price` decimal(19,2) NOT NULL,
  `quantity` bigint NOT NULL,
  `seat_code` varchar(50) NOT NULL,
  `title` varchar(255) NOT NULL,
  `car_avatar_id` varchar(255) NOT NULL,
  `vehicle_id` bigint NOT NULL,
  PRIMARY KEY (`id`),
  KEY `FKhutyvxn1okkhsk92v47x2f4lg` (`car_avatar_id`),
  KEY `FKjuonbnoagg3djypo7haiwim39` (`vehicle_id`),
  CONSTRAINT `FKhutyvxn1okkhsk92v47x2f4lg` FOREIGN KEY (`car_avatar_id`) REFERENCES `car_avatar` (`id`),
  CONSTRAINT `FKjuonbnoagg3djypo7haiwim39` FOREIGN KEY (`vehicle_id`) REFERENCES `vehicles` (`id`)
) ENGINE=InnoDB AUTO_INCREMENT=30 DEFAULT CHARSET=utf8mb4 COLLATE=utf8mb4_0900_ai_ci;
/*!40101 SET character_set_client = @saved_cs_client */;

--
-- Dumping data for table `cars`
--

LOCK TABLES `cars` WRITE;
/*!40000 ALTER TABLE `cars` DISABLE KEYS */;
INSERT INTO `cars` VALUES (1,'2023-08-13 16:17:35.823000',NULL,0,'2023-08-14 14:10:57.108000',NULL,'CK','1.8 I4 Dual VVT-i','FUEL_GASOLINE','ORIGIN_VN',733000000.00,0,'SEAT_FIVE','Altis 1.8E CVT','c0bf3f67-0778-41c8-97d3-1735bb13dd52',3),(2,'2023-08-13 16:19:20.944000',NULL,0,'2023-08-14 14:57:37.891000',NULL,'CG','1.8 I4 Dual VVT-i','FUEL_GASOLINE','ORIGIN_VN',697000000.00,0,'SEAT_FIVE','Altis 1.8E MT','0eb36682-9e7a-40c1-bf74-1898579aa88d',3),(3,'2023-08-13 16:20:35.027000',NULL,0,'2023-08-14 16:35:36.000000',NULL,'CV','1.8 I4 Dual VVT-i','FUEL_GASOLINE','ORIGIN_VN',791000000.00,0,'SEAT_FIVE','Altis 1.8G CVT','3bcf24cb-eb19-4f28-a93c-100b18ce0cc0',3),(4,'2023-08-13 16:21:56.998000',NULL,0,'2023-08-20 14:13:47.050000',NULL,'CZ','2.0 I4Dual VVT-i','FUEL_GASOLINE','ORIGIN_VN',889000000.00,0,'SEAT_FIVE','Altis 2.0V CVT','a144baca-f210-45c4-81d1-086ddcaae153',3),(5,'2023-08-13 16:23:06.118000',NULL,0,'2023-08-23 15:57:57.715000',NULL,'CQ','2.0 I4Dual VVT-i','FUEL_GASOLINE','ORIGIN_VN',932000000.00,0,'SEAT_FIVE','Altis 2.0V Sport','5ce9c1d6-9edc-4910-a674-91b953b18450',3),(6,'2023-08-13 16:24:50.455000',NULL,0,'2023-08-13 16:24:50.455000',NULL,'AE','1.3 I4','FUEL_GASOLINE','ORIGIN_IMPORT',544000000.00,0,'SEAT_SEVEN','Avanza 1.3MT','ca8d3772-a290-4f96-af65-b97eeec1d1da',14),(7,'2023-08-13 16:25:38.096000',NULL,0,'2023-08-13 16:25:38.096000',NULL,'AG','1.3 I4','FUEL_GASOLINE','ORIGIN_IMPORT',612000000.00,0,'SEAT_SEVEN','Avanza 1.5AT','63b7a7fd-1e49-4bf4-91ad-ddbf17cacbb2',14),(8,'2023-08-13 16:27:25.400000',NULL,0,'2023-08-13 16:27:25.400000',NULL,'KE','2.0 I4 VVT-i','FUEL_GASOLINE','ORIGIN_IMPORT',1029000000.00,0,'SEAT_FIVE','Camry 2.0E','ed688963-a5fe-4937-9349-9c134cbcb122',2),(9,'2023-08-13 16:32:44.077000',NULL,0,'2023-08-13 16:32:44.077000',NULL,'KZ','2.5 I4 Dual VVT-i','FUEL_GASOLINE','ORIGIN_IMPORT',1235000000.00,0,'SEAT_FIVE','Camry 2.5Q','72fe6c45-cb2c-45a9-a71b-9b71a374932b',2),(10,'2023-08-13 16:34:03.641000',NULL,0,'2023-08-13 16:34:03.641000',NULL,'FK070','2.5 I4 Dual VVT-i','FUEL_OIL','ORIGIN_IMPORT',1104000000.00,0,'SEAT_SEVEN','Fortuner 2.4 AT 4x2','679c2dee-1a7e-493f-99bd-a24d076f51b9',5),(11,'2023-08-13 16:35:27.405000',NULL,0,'2023-08-13 16:35:27.405000',NULL,'FG','2.4 I4 common rail','FUEL_GASOLINE','ORIGIN_IMPORT',1033000000.00,0,'SEAT_SEVEN','Fortuner 2.4 MT 4x3','54c682e4-8b72-4416-a897-b57004bd9172',5),(12,'2023-08-13 16:36:47.689000',NULL,0,'2023-08-13 16:36:47.689000',NULL,'FG','2.7 I4 VVT-i','FUEL_GASOLINE','ORIGIN_IMPORT',1199000000.00,0,'SEAT_SEVEN','Fortuner 2.7V 4x2 AT SPORT','5e4d4460-e8ac-42c0-be22-81be778c0b10',5),(13,'2023-08-13 16:38:18.414000',NULL,0,'2023-08-13 16:38:18.414000',NULL,'FVD','2.7 I4 VVT-i','FUEL_OIL','ORIGIN_VN',1354000000.00,0,'SEAT_SEVEN','Fortuner 2.8 AT 4x4','d481e88a-1e36-421b-b4d6-cfae8f662d2d',5),(14,'2023-08-13 16:39:37.356000',NULL,0,'2023-08-13 16:39:37.356000',NULL,'HK','2.4 I4 diesel','FUEL_OIL','ORIGIN_VN',662000000.00,0,'SEAT_FIVE','Hilux 2.4 4x2 AT','824b6cc8-720d-4eb6-8bff-3e4764b769f9',6),(15,'2023-08-13 16:41:56.321000',NULL,0,'2023-08-13 16:41:56.321000',NULL,'HE','2.4 I4 diesel','FUEL_OIL','ORIGIN_VN',622000000.00,0,'SEAT_FIVE','Hilux 2.4 4x2 MT','383924c9-2e36-42d7-889e-923ca5894543',6),(16,'2023-08-13 16:45:44.209000',NULL,0,'2023-08-13 16:45:44.209000',NULL,'HG','2.4 I4 diesel','FUEL_OIL','ORIGIN_IMPORT',772000000.00,0,'SEAT_FIVE','Hilux 2.4 4x4 MT','ddb18e04-3321-4b8f-b048-38f35cbcef04',6),(17,'2023-08-13 16:47:47.252000',NULL,0,'2023-08-13 16:47:47.252000',NULL,'IE','2.0 I4 Dual VVT-i','FUEL_GASOLINE','ORIGIN_VN',771000000.00,0,'SEAT_FIVE','Innova E','0fdfcdd5-2bdb-4ef4-979a-be1c39cd5cdb',7),(18,'2023-08-13 16:51:15.436000',NULL,0,'2023-08-13 16:51:15.436000',NULL,'IG070','2.0 I4 Dual VVT-i','FUEL_GASOLINE','ORIGIN_VN',855000000.00,0,'SEAT_SEVEN','Innova G','01e301a5-7653-43e2-b164-7a60c27c5a3c',7),(19,'2023-08-13 16:52:44.828000',NULL,0,'2023-08-13 16:52:44.828000',NULL,'IV','2.0 I4 Dual VVT-i','FUEL_GASOLINE','ORIGIN_VN',971000000.00,0,'SEAT_SEVEN','Innova V','e5b0d90e-1ddc-49e8-ae02-88f838bccbbc',7),(20,'2023-08-13 16:54:53.754000',NULL,0,'2023-08-13 16:54:53.755000',NULL,'IGM','2.0 I4 Dual VVT-i','FUEL_GASOLINE','ORIGIN_VN',879000000.00,0,'SEAT_FIVE','Innova Venturer','c499a01c-2a0d-403a-a3ff-e3f5a504215b',7),(21,'2023-08-24 09:39:59.601000',NULL,0,'2023-08-24 09:39:59.601000',NULL,'LC','4.6 V8 VVT-i kép','FUEL_GASOLINE','ORIGIN_IMPORT',3983000000.00,0,'SEAT_SEVEN','Land Cruiser 200','b6fc9af2-8d61-4655-a7c9-b92ba4e4d05b',1),(22,'2023-08-24 09:41:39.981000',NULL,0,'2023-08-24 09:41:39.981000',NULL,'LP','2.7 I4 Dual VVT-i','FUEL_GASOLINE','ORIGIN_IMPORT',2340000000.00,0,'SEAT_SEVEN','Land Prado','a0e67991-6805-4741-bfb1-bedeb85b443f',1),(23,'2023-08-24 09:44:33.255000',NULL,0,'2023-08-24 09:44:33.255000',NULL,'RG','1.5 I4','FUEL_GASOLINE','ORIGIN_IMPORT',668000000.00,0,'SEAT_SEVEN','Rush S 1.5AT','756b3d49-265b-40dc-a29f-b0a783788d53',8),(24,'2023-08-24 09:45:50.254000',NULL,0,'2023-08-24 09:45:50.254000',NULL,'VK','1.5 I4 Dual VVT-i','FUEL_GASOLINE','ORIGIN_VN',540000000.00,0,'SEAT_FIVE','Vios 1.5E CVT','c8861ddc-1ff3-4771-93d3-586074b2e85d',11),(25,'2023-08-24 09:46:35.939000',NULL,0,'2023-08-24 09:46:35.939000',NULL,'VE','1.5 I4 Dual VVT-i','FUEL_GASOLINE','ORIGIN_VN',490000000.00,0,'SEAT_FIVE','Vios 1.5E MT','0d92f721-5677-44d4-b0ce-3f8062c37328',11),(26,'2023-08-24 09:47:33.784000',NULL,0,'2023-08-24 09:47:33.784000',NULL,'VE','1.5 I4 Dual VVT-i','FUEL_GASOLINE','ORIGIN_VN',570000000.00,0,'SEAT_FIVE','Vios 1.5G CVT','e934e4b9-0f6f-4bd1-a531-a30a1aafebfa',11),(27,'2023-08-24 09:48:28.801000',NULL,0,'2023-08-24 09:48:28.801000',NULL,'WG','1.5 I4 Dual VVT-i','FUEL_GASOLINE','ORIGIN_IMPORT',405000000.00,0,'SEAT_FIVE','Wigo 1.2 AT','31b540a1-dd31-4e4f-b133-0fb3a474bde2',11),(28,'2023-08-24 09:49:41.340000',NULL,0,'2023-08-24 09:49:41.340000',NULL,'WE','1.2 I4','FUEL_GASOLINE','ORIGIN_IMPORT',345000000.00,0,'SEAT_FIVE','Wigo 1.2MT','7ddb0f9f-33cb-46e8-9fc4-c53b3621ac58',11),(29,'2023-08-24 09:50:26.181000',NULL,0,'2023-08-24 09:50:26.181000',NULL,'YG','1.3 I4 VVT-i','FUEL_GASOLINE','ORIGIN_IMPORT',650000000.00,0,'SEAT_FIVE','Yaris G','0bdf3df2-5cda-46d8-831f-f7b7157dd848',11);
/*!40000 ALTER TABLE `cars` ENABLE KEYS */;
UNLOCK TABLES;

--
-- Table structure for table `customer_avatar`
--

DROP TABLE IF EXISTS `customer_avatar`;
/*!40101 SET @saved_cs_client     = @@character_set_client */;
/*!50503 SET character_set_client = utf8mb4 */;
CREATE TABLE `customer_avatar` (
  `id` varchar(255) NOT NULL,
  `created_at` datetime(6) DEFAULT NULL,
  `created_by` varchar(255) DEFAULT NULL,
  `deleted` tinyint(1) DEFAULT '0',
  `updated_at` datetime(6) DEFAULT NULL,
  `updated_by` varchar(255) DEFAULT NULL,
  `cloud_id` varchar(255) DEFAULT NULL,
  `file_folder` varchar(255) DEFAULT NULL,
  `file_name` varchar(255) DEFAULT NULL,
  `file_type` varchar(255) DEFAULT NULL,
  `file_url` varchar(255) DEFAULT NULL,
  `height` int DEFAULT NULL,
  `width` int DEFAULT NULL,
  `customer_id` varchar(255) DEFAULT NULL,
  PRIMARY KEY (`id`),
  KEY `FK123g3k41hxgoj6618gbdxikx0` (`customer_id`),
  CONSTRAINT `FK123g3k41hxgoj6618gbdxikx0` FOREIGN KEY (`customer_id`) REFERENCES `customers` (`id`)
) ENGINE=InnoDB DEFAULT CHARSET=utf8mb4 COLLATE=utf8mb4_0900_ai_ci;
/*!40101 SET character_set_client = @saved_cs_client */;

--
-- Dumping data for table `customer_avatar`
--

LOCK TABLES `customer_avatar` WRITE;
/*!40000 ALTER TABLE `customer_avatar` DISABLE KEYS */;
INSERT INTO `customer_avatar` VALUES ('595254aa-5315-441a-915e-863ec84f5653','2023-08-28 15:04:53.231627',NULL,0,'2023-08-28 15:04:53.233625',NULL,'toyota_car/customer_avatar/595254aa-5315-441a-915e-863ec84f5653','toyota_car/customer_avatar','595254aa-5315-441a-915e-863ec84f5653.png',NULL,'https://res.cloudinary.com/dev-share/image/upload/v1693209888/toyota_car/customer_avatar/595254aa-5315-441a-915e-863ec84f5653.png',NULL,NULL,'57a214b3-98f0-4745-bef5-3b2f2da5eace'),('5b37dcc8-0a4b-4f3e-a656-72c9e1b845e2','2023-08-28 15:02:50.964003',NULL,0,'2023-08-28 15:02:50.966453',NULL,'toyota_car/customer_avatar/5b37dcc8-0a4b-4f3e-a656-72c9e1b845e2','toyota_car/customer_avatar','5b37dcc8-0a4b-4f3e-a656-72c9e1b845e2.png',NULL,'https://res.cloudinary.com/dev-share/image/upload/v1693209765/toyota_car/customer_avatar/5b37dcc8-0a4b-4f3e-a656-72c9e1b845e2.png',NULL,NULL,'2ef242f5-a89a-4a9b-95d1-2d6eb55e5a78'),('86e10c4b-b8f8-4281-83ab-47531e79f47f','2023-08-28 15:01:00.183968',NULL,0,'2023-08-28 15:01:00.185958',NULL,'toyota_car/customer_avatar/86e10c4b-b8f8-4281-83ab-47531e79f47f','toyota_car/customer_avatar','86e10c4b-b8f8-4281-83ab-47531e79f47f.jpg',NULL,'https://res.cloudinary.com/dev-share/image/upload/v1693209655/toyota_car/customer_avatar/86e10c4b-b8f8-4281-83ab-47531e79f47f.jpg',NULL,NULL,'63877f59-4518-479e-be6f-ce81ebec51fd'),('8793aa7a-ba11-4b09-95da-4fb9102d44fa','2023-08-28 15:03:33.175842',NULL,0,'2023-08-28 15:03:33.177489',NULL,'toyota_car/customer_avatar/8793aa7a-ba11-4b09-95da-4fb9102d44fa','toyota_car/customer_avatar','8793aa7a-ba11-4b09-95da-4fb9102d44fa.png',NULL,'https://res.cloudinary.com/dev-share/image/upload/v1693209808/toyota_car/customer_avatar/8793aa7a-ba11-4b09-95da-4fb9102d44fa.png',NULL,NULL,'1350b546-3cb5-425a-9173-7f92e25be6b7'),('f98cc8bf-21af-4110-bc25-d6ca3970fc1d','2023-08-28 15:01:44.045326',NULL,0,'2023-08-28 15:01:44.046613',NULL,'toyota_car/customer_avatar/f98cc8bf-21af-4110-bc25-d6ca3970fc1d','toyota_car/customer_avatar','f98cc8bf-21af-4110-bc25-d6ca3970fc1d.png',NULL,'https://res.cloudinary.com/dev-share/image/upload/v1693209699/toyota_car/customer_avatar/f98cc8bf-21af-4110-bc25-d6ca3970fc1d.png',NULL,NULL,'1113315c-3668-4bb9-9a63-29d1cc006e84');
/*!40000 ALTER TABLE `customer_avatar` ENABLE KEYS */;
UNLOCK TABLES;

--
-- Table structure for table `customer_location`
--

DROP TABLE IF EXISTS `customer_location`;
/*!40101 SET @saved_cs_client     = @@character_set_client */;
/*!50503 SET character_set_client = utf8mb4 */;
CREATE TABLE `customer_location` (
  `id` bigint NOT NULL AUTO_INCREMENT,
  `created_at` datetime(6) DEFAULT NULL,
  `created_by` varchar(255) DEFAULT NULL,
  `deleted` tinyint(1) DEFAULT '0',
  `updated_at` datetime(6) DEFAULT NULL,
  `updated_by` varchar(255) DEFAULT NULL,
  `address` varchar(255) DEFAULT NULL,
  `district_id` varchar(255) NOT NULL,
  `district_name` varchar(255) NOT NULL,
  `province_id` varchar(255) NOT NULL,
  `province_name` varchar(255) NOT NULL,
  `ward_id` varchar(255) NOT NULL,
  `ward_name` varchar(255) NOT NULL,
  PRIMARY KEY (`id`)
) ENGINE=InnoDB AUTO_INCREMENT=6 DEFAULT CHARSET=utf8mb4 COLLATE=utf8mb4_0900_ai_ci;
/*!40101 SET character_set_client = @saved_cs_client */;

--
-- Dumping data for table `customer_location`
--

LOCK TABLES `customer_location` WRITE;
/*!40000 ALTER TABLE `customer_location` DISABLE KEYS */;
INSERT INTO `customer_location` VALUES (1,'2023-08-28 15:00:54.187083',NULL,0,'2023-08-28 15:00:54.187083',NULL,'40 Nguyễn Tri Phương','46','Tỉnh Thừa Thiên Huế','474','Thành phố Huế','19789','Phường Phú Nhuận'),(2,'2023-08-28 15:01:38.206438',NULL,0,'2023-08-28 15:01:38.206438',NULL,'42 Nguyễn Tri Phương','46','Tỉnh Thừa Thiên Huế','474','Thành phố Huế','19789','Phường Phú Nhuận'),(3,'2023-08-28 15:02:44.012825',NULL,0,'2023-08-28 15:02:44.012825',NULL,'44 Nguyễn Tri Phương','46','Tỉnh Thừa Thiên Huế','474','Thành phố Huế','19789','Phường Phú Nhuận'),(4,'2023-08-28 15:03:27.655210',NULL,0,'2023-08-28 15:03:27.655210',NULL,'46 Nguyễn Tri Phương','46','Tỉnh Thừa Thiên Huế','474','Thành phố Huế','19789','Phường Phú Nhuận'),(5,'2023-08-28 15:04:47.586998',NULL,0,'2023-08-28 15:04:47.586998',NULL,'50 Nguyễn Tri Phương','46','Tỉnh Thừa Thiên Huế','474','Thành phố Huế','19789','Phường Phú Nhuận');
/*!40000 ALTER TABLE `customer_location` ENABLE KEYS */;
UNLOCK TABLES;

--
-- Table structure for table `customers`
--

DROP TABLE IF EXISTS `customers`;
/*!40101 SET @saved_cs_client     = @@character_set_client */;
/*!50503 SET character_set_client = utf8mb4 */;
CREATE TABLE `customers` (
  `id` varchar(255) NOT NULL,
  `created_at` datetime(6) DEFAULT NULL,
  `created_by` varchar(255) DEFAULT NULL,
  `deleted` tinyint(1) DEFAULT '0',
  `updated_at` datetime(6) DEFAULT NULL,
  `updated_by` varchar(255) DEFAULT NULL,
  `dob` date DEFAULT NULL,
  `email` varchar(255) DEFAULT NULL,
  `full_name` varchar(255) NOT NULL,
  `identification_number` varchar(255) NOT NULL,
  `phone` varchar(255) NOT NULL,
  `customer_location_id` bigint NOT NULL,
  `user_id` varchar(255) DEFAULT NULL,
  PRIMARY KEY (`id`),
  KEY `FKpahuyoee7fcwj80modc86kt9t` (`customer_location_id`),
  KEY `FKrh1g1a20omjmn6kurd35o3eit` (`user_id`),
  CONSTRAINT `FKpahuyoee7fcwj80modc86kt9t` FOREIGN KEY (`customer_location_id`) REFERENCES `customer_location` (`id`),
  CONSTRAINT `FKrh1g1a20omjmn6kurd35o3eit` FOREIGN KEY (`user_id`) REFERENCES `users` (`id`)
) ENGINE=InnoDB DEFAULT CHARSET=utf8mb4 COLLATE=utf8mb4_0900_ai_ci;
/*!40101 SET character_set_client = @saved_cs_client */;

--
-- Dumping data for table `customers`
--

LOCK TABLES `customers` WRITE;
/*!40000 ALTER TABLE `customers` DISABLE KEYS */;
INSERT INTO `customers` VALUES ('1113315c-3668-4bb9-9a63-29d1cc006e84','2023-08-28 15:01:44.044325',NULL,0,'2023-08-28 15:01:44.044325',NULL,'1997-01-01','phanvandat@gmail.com','Phan Văn Đạt','222222222222','0932222222',2,'08c6a684-369b-404b-ad8a-0488d904da37'),('1350b546-3cb5-425a-9173-7f92e25be6b7','2023-08-28 15:03:33.174839',NULL,0,'2023-08-28 15:03:33.174839',NULL,'1996-01-01','phunguyen@gmail.com','Nguyễn Quốc Phú','444444444444','0932444444',4,'b6780f45-aea9-41c9-b881-28a584283d3c'),('2ef242f5-a89a-4a9b-95d1-2d6eb55e5a78','2023-08-28 15:02:50.963013',NULL,0,'2023-08-28 15:02:50.963013',NULL,'2000-01-01','baothi@gmail.com','Lê Thị Bảo Thi','333333333333','0932333333',3,'e8b5bd4f-47ff-496e-9238-d6ebfc6b87a2'),('57a214b3-98f0-4745-bef5-3b2f2da5eace','2023-08-28 15:04:53.230621',NULL,0,'2023-08-28 15:04:53.230621',NULL,'1994-01-01','vinhtran@gmail.com','Trần Ngọc Vinh','555555555555','0932555555',5,'a8832a6b-8ad6-45cf-9c85-ab944335f30e'),('63877f59-4518-479e-be6f-ce81ebec51fd','2023-08-28 15:01:00.180979',NULL,0,'2023-08-28 15:01:00.180979',NULL,'1992-01-01','chaunghia@gmail.com','Châu Văn Nghĩa','111111111111','0932111111',1,'55b563df-6e18-4281-9a36-90f90766e750');
/*!40000 ALTER TABLE `customers` ENABLE KEYS */;
UNLOCK TABLES;

--
-- Table structure for table `delivery_bill`
--

DROP TABLE IF EXISTS `delivery_bill`;
/*!40101 SET @saved_cs_client     = @@character_set_client */;
/*!50503 SET character_set_client = utf8mb4 */;
CREATE TABLE `delivery_bill` (
  `id` bigint NOT NULL AUTO_INCREMENT,
  `created_at` datetime(6) DEFAULT NULL,
  `created_by` varchar(255) DEFAULT NULL,
  `deleted` tinyint(1) DEFAULT '0',
  `updated_at` datetime(6) DEFAULT NULL,
  `updated_by` varchar(255) DEFAULT NULL,
  `total_amount` decimal(19,2) NOT NULL,
  `supplier_order_id` bigint DEFAULT NULL,
  PRIMARY KEY (`id`),
  KEY `FKnw5q01aqw84q4ouqiiqen4l35` (`supplier_order_id`),
  CONSTRAINT `FKnw5q01aqw84q4ouqiiqen4l35` FOREIGN KEY (`supplier_order_id`) REFERENCES `supplier_order` (`id`)
) ENGINE=InnoDB DEFAULT CHARSET=utf8mb4 COLLATE=utf8mb4_0900_ai_ci;
/*!40101 SET character_set_client = @saved_cs_client */;

--
-- Dumping data for table `delivery_bill`
--

LOCK TABLES `delivery_bill` WRITE;
/*!40000 ALTER TABLE `delivery_bill` DISABLE KEYS */;
/*!40000 ALTER TABLE `delivery_bill` ENABLE KEYS */;
UNLOCK TABLES;

--
-- Table structure for table `delivery_bill_detail`
--

DROP TABLE IF EXISTS `delivery_bill_detail`;
/*!40101 SET @saved_cs_client     = @@character_set_client */;
/*!50503 SET character_set_client = utf8mb4 */;
CREATE TABLE `delivery_bill_detail` (
  `id` bigint NOT NULL AUTO_INCREMENT,
  `created_at` datetime(6) DEFAULT NULL,
  `created_by` varchar(255) DEFAULT NULL,
  `deleted` tinyint(1) DEFAULT '0',
  `updated_at` datetime(6) DEFAULT NULL,
  `updated_by` varchar(255) DEFAULT NULL,
  `accessory_name` varchar(255) NOT NULL,
  `price` decimal(19,2) NOT NULL,
  `quantity` bigint NOT NULL,
  `delivery_bill_id` bigint NOT NULL,
  `supplier_id` bigint DEFAULT NULL,
  PRIMARY KEY (`id`),
  KEY `FKp1embqafh5htusytjoh7ewe5j` (`delivery_bill_id`),
  KEY `FKt5x7ivatr7bua0wnqpi0pn65v` (`supplier_id`),
  CONSTRAINT `FKp1embqafh5htusytjoh7ewe5j` FOREIGN KEY (`delivery_bill_id`) REFERENCES `delivery_bill` (`id`),
  CONSTRAINT `FKt5x7ivatr7bua0wnqpi0pn65v` FOREIGN KEY (`supplier_id`) REFERENCES `suppliers` (`id`)
) ENGINE=InnoDB DEFAULT CHARSET=utf8mb4 COLLATE=utf8mb4_0900_ai_ci;
/*!40101 SET character_set_client = @saved_cs_client */;

--
-- Dumping data for table `delivery_bill_detail`
--

LOCK TABLES `delivery_bill_detail` WRITE;
/*!40000 ALTER TABLE `delivery_bill_detail` DISABLE KEYS */;
/*!40000 ALTER TABLE `delivery_bill_detail` ENABLE KEYS */;
UNLOCK TABLES;

--
-- Table structure for table `identification_images`
--

DROP TABLE IF EXISTS `identification_images`;
/*!40101 SET @saved_cs_client     = @@character_set_client */;
/*!50503 SET character_set_client = utf8mb4 */;
CREATE TABLE `identification_images` (
  `id` varchar(255) NOT NULL,
  `cloud_id` varchar(255) DEFAULT NULL,
  `file_folder` varchar(255) DEFAULT NULL,
  `file_name` varchar(255) DEFAULT NULL,
  `file_type` varchar(255) DEFAULT NULL,
  `file_url` varchar(255) DEFAULT NULL,
  `height` int DEFAULT NULL,
  `width` int DEFAULT NULL,
  `user_id` varchar(255) NOT NULL,
  PRIMARY KEY (`id`),
  KEY `FKsfed255iyx2duakqqwjhkugxq` (`user_id`),
  CONSTRAINT `FKsfed255iyx2duakqqwjhkugxq` FOREIGN KEY (`user_id`) REFERENCES `users` (`id`)
) ENGINE=InnoDB DEFAULT CHARSET=utf8mb4 COLLATE=utf8mb4_0900_ai_ci;
/*!40101 SET character_set_client = @saved_cs_client */;

--
-- Dumping data for table `identification_images`
--

LOCK TABLES `identification_images` WRITE;
/*!40000 ALTER TABLE `identification_images` DISABLE KEYS */;
INSERT INTO `identification_images` VALUES ('004ad79e-8603-40f1-831e-db890cee36b3','toyota_car/staff_avatar/004ad79e-8603-40f1-831e-db890cee36b3','toyota_car/staff_avatar','004ad79e-8603-40f1-831e-db890cee36b3.jpg',NULL,'https://res.cloudinary.com/dev-share/image/upload/v1693209402/toyota_car/identification_image/004ad79e-8603-40f1-831e-db890cee36b3.jpg',NULL,NULL,'fda62a79-77f0-4862-910e-178281067120'),('0cb61917-3361-444e-ae45-120e93d6968e','toyota_car/staff_avatar/0cb61917-3361-444e-ae45-120e93d6968e','toyota_car/staff_avatar','0cb61917-3361-444e-ae45-120e93d6968e.jpg',NULL,'https://res.cloudinary.com/dev-share/image/upload/v1693209475/toyota_car/identification_image/0cb61917-3361-444e-ae45-120e93d6968e.jpg',NULL,NULL,'e6e03d00-43c9-41e4-ba8d-303618a78ad6'),('1c97dffa-2e2a-4a15-8bc3-a025e408b5d4','toyota_car/staff_avatar/1c97dffa-2e2a-4a15-8bc3-a025e408b5d4','toyota_car/staff_avatar','1c97dffa-2e2a-4a15-8bc3-a025e408b5d4.jpg',NULL,'https://res.cloudinary.com/dev-share/image/upload/v1693209522/toyota_car/identification_image/1c97dffa-2e2a-4a15-8bc3-a025e408b5d4.jpg',NULL,NULL,'acb66406-3a73-488c-bcd7-ff5fe7ce0636'),('23ef606e-fec4-4432-acaa-a4def98104db','toyota_car/staff_avatar/23ef606e-fec4-4432-acaa-a4def98104db','toyota_car/staff_avatar','23ef606e-fec4-4432-acaa-a4def98104db.jpg',NULL,'https://res.cloudinary.com/dev-share/image/upload/v1693209768/toyota_car/identification_image/23ef606e-fec4-4432-acaa-a4def98104db.jpg',NULL,NULL,'e8b5bd4f-47ff-496e-9238-d6ebfc6b87a2'),('2b82d71d-c8ac-44bc-86c2-6db989afef2d','toyota_car/staff_avatar/2b82d71d-c8ac-44bc-86c2-6db989afef2d','toyota_car/staff_avatar','2b82d71d-c8ac-44bc-86c2-6db989afef2d.jpg',NULL,'https://res.cloudinary.com/dev-share/image/upload/v1693209400/toyota_car/identification_image/2b82d71d-c8ac-44bc-86c2-6db989afef2d.jpg',NULL,NULL,'fda62a79-77f0-4862-910e-178281067120'),('34573200-015b-4289-8b57-fc4b3c3d07d4','toyota_car/staff_avatar/34573200-015b-4289-8b57-fc4b3c3d07d4','toyota_car/staff_avatar','34573200-015b-4289-8b57-fc4b3c3d07d4.jpg',NULL,'https://res.cloudinary.com/dev-share/image/upload/v1693209314/toyota_car/identification_image/34573200-015b-4289-8b57-fc4b3c3d07d4.jpg',NULL,NULL,'5efeccd6-0d8c-43de-8f52-de43b770d13a'),('4492001d-6699-4278-9a54-7bfca7b45d17','toyota_car/staff_avatar/4492001d-6699-4278-9a54-7bfca7b45d17','toyota_car/staff_avatar','4492001d-6699-4278-9a54-7bfca7b45d17.jpg',NULL,'https://res.cloudinary.com/dev-share/image/upload/v1693209520/toyota_car/identification_image/4492001d-6699-4278-9a54-7bfca7b45d17.jpg',NULL,NULL,'acb66406-3a73-488c-bcd7-ff5fe7ce0636'),('4a2e64ee-4a36-4d84-844a-bfd96a7bf568','toyota_car/staff_avatar/4a2e64ee-4a36-4d84-844a-bfd96a7bf568','toyota_car/staff_avatar','4a2e64ee-4a36-4d84-844a-bfd96a7bf568.jpg',NULL,'https://res.cloudinary.com/dev-share/image/upload/v1693209892/toyota_car/identification_image/4a2e64ee-4a36-4d84-844a-bfd96a7bf568.jpg',NULL,NULL,'a8832a6b-8ad6-45cf-9c85-ab944335f30e'),('4e9bdd93-2eb1-45d4-939a-988af4707ba9','toyota_car/staff_avatar/4e9bdd93-2eb1-45d4-939a-988af4707ba9','toyota_car/staff_avatar','4e9bdd93-2eb1-45d4-939a-988af4707ba9.jpg',NULL,'https://res.cloudinary.com/dev-share/image/upload/v1693209657/toyota_car/identification_image/4e9bdd93-2eb1-45d4-939a-988af4707ba9.jpg',NULL,NULL,'55b563df-6e18-4281-9a36-90f90766e750'),('6cf2ed86-795f-4ad6-8757-15d5f77af707','toyota_car/staff_avatar/6cf2ed86-795f-4ad6-8757-15d5f77af707','toyota_car/staff_avatar','6cf2ed86-795f-4ad6-8757-15d5f77af707.jpg',NULL,'https://res.cloudinary.com/dev-share/image/upload/v1693209576/toyota_car/identification_image/6cf2ed86-795f-4ad6-8757-15d5f77af707.jpg',NULL,NULL,'49fbce1c-b7bd-4530-8444-bbee95afac42'),('768c8adb-ae03-4c7f-9121-25f8c5ba1893','toyota_car/staff_avatar/768c8adb-ae03-4c7f-9121-25f8c5ba1893','toyota_car/staff_avatar','768c8adb-ae03-4c7f-9121-25f8c5ba1893.jpg',NULL,'https://res.cloudinary.com/dev-share/image/upload/v1693209770/toyota_car/identification_image/768c8adb-ae03-4c7f-9121-25f8c5ba1893.jpg',NULL,NULL,'e8b5bd4f-47ff-496e-9238-d6ebfc6b87a2'),('8f77c0fe-ac40-44e0-8632-0fdd6ed2b52a','toyota_car/staff_avatar/8f77c0fe-ac40-44e0-8632-0fdd6ed2b52a','toyota_car/staff_avatar','8f77c0fe-ac40-44e0-8632-0fdd6ed2b52a.jpg',NULL,'https://res.cloudinary.com/dev-share/image/upload/v1693209474/toyota_car/identification_image/8f77c0fe-ac40-44e0-8632-0fdd6ed2b52a.jpg',NULL,NULL,'e6e03d00-43c9-41e4-ba8d-303618a78ad6'),('9196997f-c7fb-4833-8e6a-6195d3697e57','toyota_car/staff_avatar/9196997f-c7fb-4833-8e6a-6195d3697e57','toyota_car/staff_avatar','9196997f-c7fb-4833-8e6a-6195d3697e57.jpg',NULL,'https://res.cloudinary.com/dev-share/image/upload/v1693209812/toyota_car/identification_image/9196997f-c7fb-4833-8e6a-6195d3697e57.jpg',NULL,NULL,'b6780f45-aea9-41c9-b881-28a584283d3c'),('ba48946c-64a6-48f3-8272-607c1c327a94','toyota_car/staff_avatar/ba48946c-64a6-48f3-8272-607c1c327a94','toyota_car/staff_avatar','ba48946c-64a6-48f3-8272-607c1c327a94.jpg',NULL,'https://res.cloudinary.com/dev-share/image/upload/v1693209316/toyota_car/identification_image/ba48946c-64a6-48f3-8272-607c1c327a94.jpg',NULL,NULL,'5efeccd6-0d8c-43de-8f52-de43b770d13a'),('c698405b-b5f5-4a15-b554-495d4a13ddae','toyota_car/staff_avatar/c698405b-b5f5-4a15-b554-495d4a13ddae','toyota_car/staff_avatar','c698405b-b5f5-4a15-b554-495d4a13ddae.jpg',NULL,'https://res.cloudinary.com/dev-share/image/upload/v1693209574/toyota_car/identification_image/c698405b-b5f5-4a15-b554-495d4a13ddae.jpg',NULL,NULL,'49fbce1c-b7bd-4530-8444-bbee95afac42'),('ca713521-2ea1-402e-9401-473c494c06ce','toyota_car/staff_avatar/ca713521-2ea1-402e-9401-473c494c06ce','toyota_car/staff_avatar','ca713521-2ea1-402e-9401-473c494c06ce.jpg',NULL,'https://res.cloudinary.com/dev-share/image/upload/v1693209659/toyota_car/identification_image/ca713521-2ea1-402e-9401-473c494c06ce.jpg',NULL,NULL,'55b563df-6e18-4281-9a36-90f90766e750'),('dbd6bdef-6fe7-47f5-8a02-de4b4df8e7e1','toyota_car/staff_avatar/dbd6bdef-6fe7-47f5-8a02-de4b4df8e7e1','toyota_car/staff_avatar','dbd6bdef-6fe7-47f5-8a02-de4b4df8e7e1.jpg',NULL,'https://res.cloudinary.com/dev-share/image/upload/v1693209890/toyota_car/identification_image/dbd6bdef-6fe7-47f5-8a02-de4b4df8e7e1.jpg',NULL,NULL,'a8832a6b-8ad6-45cf-9c85-ab944335f30e'),('ea3bc717-b94c-49de-986f-a6cad42cfa5c','toyota_car/staff_avatar/ea3bc717-b94c-49de-986f-a6cad42cfa5c','toyota_car/staff_avatar','ea3bc717-b94c-49de-986f-a6cad42cfa5c.jpg',NULL,'https://res.cloudinary.com/dev-share/image/upload/v1693209701/toyota_car/identification_image/ea3bc717-b94c-49de-986f-a6cad42cfa5c.jpg',NULL,NULL,'08c6a684-369b-404b-ad8a-0488d904da37'),('ee2bb599-98a4-4fd1-9c6f-2d343f725b40','toyota_car/staff_avatar/ee2bb599-98a4-4fd1-9c6f-2d343f725b40','toyota_car/staff_avatar','ee2bb599-98a4-4fd1-9c6f-2d343f725b40.jpg',NULL,'https://res.cloudinary.com/dev-share/image/upload/v1693209810/toyota_car/identification_image/ee2bb599-98a4-4fd1-9c6f-2d343f725b40.jpg',NULL,NULL,'b6780f45-aea9-41c9-b881-28a584283d3c'),('ef657fe1-b622-4c3a-a29f-bd302115c227','toyota_car/staff_avatar/ef657fe1-b622-4c3a-a29f-bd302115c227','toyota_car/staff_avatar','ef657fe1-b622-4c3a-a29f-bd302115c227.jpg',NULL,'https://res.cloudinary.com/dev-share/image/upload/v1693209703/toyota_car/identification_image/ef657fe1-b622-4c3a-a29f-bd302115c227.jpg',NULL,NULL,'08c6a684-369b-404b-ad8a-0488d904da37');
/*!40000 ALTER TABLE `identification_images` ENABLE KEYS */;
UNLOCK TABLES;

--
-- Table structure for table `maintenance_item_accessory`
--

DROP TABLE IF EXISTS `maintenance_item_accessory`;
/*!40101 SET @saved_cs_client     = @@character_set_client */;
/*!50503 SET character_set_client = utf8mb4 */;
CREATE TABLE `maintenance_item_accessory` (
  `id` bigint NOT NULL AUTO_INCREMENT,
  `accessory_id` bigint DEFAULT NULL,
  `maintenance_item_id` bigint DEFAULT NULL,
  `accessory_quantity` decimal(10,2) NOT NULL,
  PRIMARY KEY (`id`),
  UNIQUE KEY `UK_maintenance_item_accessory` (`maintenance_item_id`,`accessory_id`),
  KEY `FK8a6n54332tct6hhbq5e3bkinu` (`accessory_id`),
  CONSTRAINT `FK6whmg1gr67ocd626xevrpdor1` FOREIGN KEY (`maintenance_item_id`) REFERENCES `maintenance_items` (`id`),
  CONSTRAINT `FK8a6n54332tct6hhbq5e3bkinu` FOREIGN KEY (`accessory_id`) REFERENCES `accessories` (`id`)
) ENGINE=InnoDB AUTO_INCREMENT=25 DEFAULT CHARSET=utf8mb4 COLLATE=utf8mb4_0900_ai_ci;
/*!40101 SET character_set_client = @saved_cs_client */;

--
-- Dumping data for table `maintenance_item_accessory`
--

LOCK TABLES `maintenance_item_accessory` WRITE;
/*!40000 ALTER TABLE `maintenance_item_accessory` DISABLE KEYS */;
INSERT INTO `maintenance_item_accessory` VALUES (1,26,11,1.00),(2,1107,11,1.00),(3,278,12,1.00),(4,1856,12,1.00),(5,459,13,1.00),(6,528,14,1.00),(7,423,15,1.00),(8,424,15,1.00),(9,435,15,1.00),(10,782,15,1.00),(11,831,15,1.00),(12,832,15,1.00),(13,834,15,1.00),(14,835,15,1.00),(15,1109,16,1.00),(16,1110,16,1.00),(17,149,21,1.00),(18,1,24,1.00),(19,795,36,1.00),(20,796,36,1.00),(21,794,38,1.00),(22,797,38,1.00),(23,798,38,1.00),(24,802,38,1.00);
/*!40000 ALTER TABLE `maintenance_item_accessory` ENABLE KEYS */;
UNLOCK TABLES;

--
-- Table structure for table `maintenance_items`
--

DROP TABLE IF EXISTS `maintenance_items`;
/*!40101 SET @saved_cs_client     = @@character_set_client */;
/*!50503 SET character_set_client = utf8mb4 */;
CREATE TABLE `maintenance_items` (
  `id` bigint NOT NULL AUTO_INCREMENT,
  `created_at` datetime(6) DEFAULT NULL,
  `created_by` varchar(255) DEFAULT NULL,
  `deleted` tinyint(1) DEFAULT '0',
  `updated_at` datetime(6) DEFAULT NULL,
  `updated_by` varchar(255) DEFAULT NULL,
  `code` varchar(255) NOT NULL,
  `title` varchar(255) NOT NULL,
  `service_area_id` bigint NOT NULL,
  PRIMARY KEY (`id`),
  KEY `FK75m02qtpy1xi2yicet3a3io7i` (`service_area_id`),
  CONSTRAINT `FK75m02qtpy1xi2yicet3a3io7i` FOREIGN KEY (`service_area_id`) REFERENCES `service_area` (`id`)
) ENGINE=InnoDB AUTO_INCREMENT=40 DEFAULT CHARSET=utf8mb4 COLLATE=utf8mb4_0900_ai_ci;
/*!40101 SET character_set_client = @saved_cs_client */;

--
-- Dumping data for table `maintenance_items`
--

LOCK TABLES `maintenance_items` WRITE;
/*!40000 ALTER TABLE `maintenance_items` DISABLE KEYS */;
INSERT INTO `maintenance_items` VALUES (1,NULL,NULL,0,NULL,NULL,'BDĐK','Đèn cảnh báo trên bảng táp lô',4),(2,NULL,NULL,0,NULL,NULL,'BDĐK','Hệ thống điều hòa và âm thanh (nhạc, bluetooth, GPS, Còi)',4),(3,NULL,NULL,0,NULL,NULL,'BDĐK','Cơ cấu nâng hạ ghế bằng tay, điều chỉnh ghế điện (nếu có). Dây đai an toàn',4),(4,NULL,NULL,0,NULL,NULL,'BDĐK','Bộ phun nước rửa kính, cần gạt nước trước, sau (nếu có)',2),(5,NULL,NULL,0,NULL,NULL,'BDĐK','Hệ thống đèn lái phía trước, sau, sương mù, xi nhan',4),(6,NULL,NULL,0,NULL,NULL,'BDĐK','Đèn pha tự động, điều chỉnh độ cao đèn pha, điều chỉnh đèn pha theo góc lái AFS',4),(7,NULL,NULL,0,NULL,NULL,'BDĐK','Công tắc đèn trần, nâng hạ vô lăng, lên kính, gương chiếu hậu',4),(8,NULL,NULL,0,NULL,NULL,'BDĐK','Hoạt động cần số, phanh tay, hoạt động bàn đạp chân ly hợp đối với (hộp số MT), chân phanh',2),(9,NULL,NULL,0,NULL,NULL,'BDĐK','Đóng/mở bình xăng, cốp xe, cửa xe',2),(10,NULL,NULL,0,NULL,NULL,'BDĐK','Cần gạt mưa phía sau (nếu có). Đèn lái phía sau',2),(11,NULL,NULL,0,NULL,NULL,'BDĐK','Lọc gió động cơ',2),(12,NULL,NULL,0,NULL,NULL,'BDĐK','Dầu đọng cơ',2),(13,NULL,NULL,0,NULL,NULL,'BDĐK','Lọc dầu động cơ',2),(14,NULL,NULL,0,NULL,NULL,'BDĐK','Lọc nhiên liệu',2),(15,NULL,NULL,0,NULL,NULL,'BDĐK','Nắp bình nhiên liệu, đường ống nhiên liệu, khớp nối và van điều khiển hơi nhiên liệu',2),(16,NULL,NULL,0,NULL,NULL,'BDĐK','Lọc gió điều hòa',4),(17,NULL,NULL,0,NULL,NULL,'BDĐK','Hệ thống điều hòa và sưởi ấm (Chế độ lạnh và sưởi, tình trạng đường ống, độ kín khít tại các đầu nối, Mức gas điều hòa)',4),(18,NULL,NULL,0,NULL,NULL,'BDĐK','Đai truyền động (Sức căng, cơ cấu tăng đai, tình trạng dây đai)',2),(19,NULL,NULL,0,NULL,NULL,'BDĐK','Mức dầu phanh',2),(20,NULL,NULL,0,NULL,NULL,'BDĐK','Mức dầu ly hợp',2),(21,NULL,NULL,0,NULL,NULL,'BDĐK','Hệ thống làm mát động cơ (Nắp két nước, tình trạng két nước và các đường ống)',4),(22,NULL,NULL,0,NULL,NULL,'BDĐK','Mức nước làm mát',4),(23,NULL,NULL,0,NULL,NULL,'BDĐK','Mức nước rửa kính',2),(24,NULL,NULL,0,NULL,NULL,'BDĐK','Ắc quy (Mức dung dịch, tình trạng điện cực, tình trạng ắc quy, hệ thống sạch kiểm tra bằng máy)',4),(25,NULL,NULL,0,NULL,NULL,'BDĐK','Mức dầu trợ lực lái và trình trạng đường ống',2),(26,NULL,NULL,0,NULL,NULL,'BDĐK','Bugi thường (Bugi bạch kim thay thế mức 80K)',2),(27,NULL,NULL,0,NULL,NULL,'BDĐK','Hoạt động vô lăng. Các thanh dẫn động cơ cấu lái',2),(28,NULL,NULL,0,NULL,NULL,'BDĐK','Dầu hộp số thường, hộp số phụ (BT-50) (Dầu hộp số tự động thay thế mức 100k)',3),(29,NULL,NULL,0,NULL,NULL,'BDĐK','Dầu cầu, vi sai',3),(30,NULL,NULL,0,NULL,NULL,'BDĐK','Khớ cầu và các cao su che bụi',3),(31,NULL,NULL,0,NULL,NULL,'BDĐK','Hệ thống treo trước và sau',3),(32,NULL,NULL,0,NULL,NULL,'BDĐK','Áp suất lốp, tình trạng lốp, tình trạng mòn lốp (Min = 1,6 mm)',3),(33,NULL,NULL,0,NULL,NULL,'BDĐK','Cao su che bụi bán trục',3),(34,NULL,NULL,0,NULL,NULL,'BDĐK','Đĩa phanh và má phanh. Kiểm tra độ dày má phanh (trước trái .../2 mm, trước phải .../2 mm, sau trái .../2 mm, sau phải .../2 mm)',3),(35,NULL,NULL,0,NULL,NULL,'BDĐK','Trống phanh và guốc phanh. Kiểm tra độ dày guốc phanh (Sau trái .../1 mm, sau phải .../1 mm)',3),(36,NULL,NULL,0,NULL,NULL,'BDĐK','Đường ống dầu phanh',3),(37,NULL,NULL,0,NULL,NULL,'BDĐK','Độ rơ bạch đạn bánh xe. Độ rơ rotuyn lái trong. Độ rơ thước tay lái, rotuyn trụ',3),(38,NULL,NULL,0,NULL,NULL,'BDĐK','Các ốc gầm và ốc lốp',3),(39,NULL,NULL,0,NULL,NULL,'BDĐK','Sự rò rỉ nhiên liệu dầu và hư hỏng dưới gầm xe',3);
/*!40000 ALTER TABLE `maintenance_items` ENABLE KEYS */;
UNLOCK TABLES;

--
-- Table structure for table `maintenance_maintenance_item`
--

DROP TABLE IF EXISTS `maintenance_maintenance_item`;
/*!40101 SET @saved_cs_client     = @@character_set_client */;
/*!50503 SET character_set_client = utf8mb4 */;
CREATE TABLE `maintenance_maintenance_item` (
  `id` bigint NOT NULL AUTO_INCREMENT,
  `name` varchar(50) DEFAULT NULL,
  `maintenance_id` bigint NOT NULL,
  `maintenance_item_id` bigint NOT NULL,
  PRIMARY KEY (`id`),
  UNIQUE KEY `UK_maintenance_maintenance_item` (`maintenance_id`,`maintenance_item_id`),
  KEY `FKfq83ljc126kcw6rqq83eianu` (`maintenance_item_id`),
  CONSTRAINT `FKfasy8qqg5l3toqddu6jeli168` FOREIGN KEY (`maintenance_id`) REFERENCES `maintenances` (`id`),
  CONSTRAINT `FKfq83ljc126kcw6rqq83eianu` FOREIGN KEY (`maintenance_item_id`) REFERENCES `maintenance_items` (`id`)
) ENGINE=InnoDB AUTO_INCREMENT=157 DEFAULT CHARSET=utf8mb4 COLLATE=utf8mb4_0900_ai_ci;
/*!40101 SET character_set_client = @saved_cs_client */;

--
-- Dumping data for table `maintenance_maintenance_item`
--

LOCK TABLES `maintenance_maintenance_item` WRITE;
/*!40000 ALTER TABLE `maintenance_maintenance_item` DISABLE KEYS */;
INSERT INTO `maintenance_maintenance_item` VALUES (1,'CHECK',1,1),(2,'CHECK',1,2),(3,'CHECK',1,3),(4,'CHECK',1,4),(5,'CHECK',1,5),(6,'CHECK',1,6),(7,'CHECK',1,7),(8,'CHECK',1,8),(9,'CHECK',1,9),(10,'CHECK',1,10),(11,'TOILET',1,11),(12,'REPLACE',1,12),(13,'CHECK',1,15),(14,'TOILET',1,16),(15,'CHECK',1,17),(16,'CHECK',1,18),(17,'CHECK',1,19),(18,'CHECK',1,20),(19,'CHECK',1,21),(20,'CHECK',1,22),(21,'CHECK',1,23),(22,'CHECK',1,24),(23,'CHECK',1,25),(24,'CHECK',1,27),(25,'CHECK',1,30),(26,'TIGHT',1,31),(27,'CHECK',1,32),(28,'CHECK',1,33),(29,'CHECK',1,34),(30,'CHECK',1,35),(31,'CHECK',1,36),(32,'CHECK',1,37),(33,'TIGHT',1,38),(34,'CHECK',1,39),(35,'NONE',1,13),(36,'NONE',1,14),(37,'NONE',1,26),(38,'NONE',1,28),(39,'NONE',1,29),(40,'CHECK',2,1),(41,'CHECK',2,2),(42,'CHECK',2,3),(43,'CHECK',2,4),(44,'CHECK',2,5),(45,'CHECK',2,6),(46,'CHECK',2,7),(47,'CHECK',2,8),(48,'CHECK',2,9),(49,'CHECK',2,10),(50,'TOILET',2,11),(51,'REPLACE',2,12),(52,'CHECK',2,15),(53,'TOILET',2,16),(54,'CHECK',2,17),(55,'CHECK',2,18),(56,'CHECK',2,19),(57,'CHECK',2,20),(58,'CHECK',2,21),(59,'CHECK',2,22),(60,'CHECK',2,23),(61,'CHECK',2,24),(62,'CHECK',2,25),(63,'CHECK',2,27),(64,'CHECK',2,30),(65,'TIGHT',2,31),(66,'CHECK',2,32),(67,'CHECK',2,33),(68,'CHECK',2,34),(69,'CHECK',2,35),(70,'CHECK',2,36),(71,'CHECK',2,37),(72,'TIGHT',2,38),(73,'CHECK',2,39),(74,'REPLACE',2,13),(75,'NONE',2,14),(76,'NONE',2,26),(77,'TOILET',2,28),(78,'TOILET',2,29),(79,'CHECK',3,1),(80,'CHECK',3,2),(81,'CHECK',3,3),(82,'CHECK',3,4),(83,'CHECK',3,5),(84,'CHECK',3,6),(85,'CHECK',3,7),(86,'CHECK',3,8),(87,'CHECK',3,9),(88,'CHECK',3,10),(89,'TOILET',3,11),(90,'REPLACE',3,12),(91,'CHECK',3,15),(92,'REPLACE',3,16),(93,'CHECK',3,17),(94,'CHECK',3,18),(95,'CHECK',3,19),(96,'CHECK',3,20),(97,'CHECK',3,21),(98,'CHECK',3,22),(99,'CHECK',3,23),(100,'CHECK',3,24),(101,'CHECK',3,25),(102,'CHECK',3,27),(103,'CHECK',3,30),(104,'TIGHT',3,31),(105,'CHECK',3,32),(106,'TOILET',3,33),(107,'TOILET',3,34),(108,'CHECK',3,35),(109,'CHECK',3,36),(110,'CHECK',3,37),(111,'TIGHT',3,38),(112,'CHECK',3,39),(113,'REPLACE',3,13),(114,'NONE',3,14),(115,'NONE',3,26),(116,'CHECK',3,28),(117,'CHECK',3,29),(118,'CHECK',4,1),(119,'CHECK',4,2),(120,'CHECK',4,3),(121,'CHECK',4,4),(122,'CHECK',4,5),(123,'CHECK',4,6),(124,'CHECK',4,7),(125,'CHECK',4,8),(126,'CHECK',4,9),(127,'CHECK',4,10),(128,'REPLACE',4,11),(129,'REPLACE',4,12),(130,'CHECK',4,15),(131,'REPLACE',4,16),(132,'CHECK',4,17),(133,'REPLACE',4,18),(134,'REPLACE',4,19),(135,'REPLACE',4,20),(136,'CHECK',4,21),(137,'REPLACE',4,22),(138,'CHECK',4,23),(139,'CHECK',4,24),(140,'REPLACE',4,25),(141,'CHECK',4,27),(142,'CHECK',4,30),(143,'TIGHT',4,31),(144,'CHECK',4,32),(145,'TOILET',4,33),(146,'TOILET',4,34),(147,'CHECK',4,35),(148,'CHECK',4,36),(149,'CHECK',4,37),(150,'TIGHT',4,38),(151,'CHECK',4,39),(152,'REPLACE',4,13),(153,'REPLACE',4,14),(154,'REPLACE',4,26),(155,'CHECK',4,28),(156,'REPLACE',4,29);
/*!40000 ALTER TABLE `maintenance_maintenance_item` ENABLE KEYS */;
UNLOCK TABLES;

--
-- Table structure for table `maintenances`
--

DROP TABLE IF EXISTS `maintenances`;
/*!40101 SET @saved_cs_client     = @@character_set_client */;
/*!50503 SET character_set_client = utf8mb4 */;
CREATE TABLE `maintenances` (
  `id` bigint NOT NULL AUTO_INCREMENT,
  `created_at` datetime(6) DEFAULT NULL,
  `created_by` varchar(255) DEFAULT NULL,
  `deleted` tinyint(1) DEFAULT '0',
  `updated_at` datetime(6) DEFAULT NULL,
  `updated_by` varchar(255) DEFAULT NULL,
  `code` varchar(255) NOT NULL,
  `price_wage` decimal(10,0) NOT NULL,
  `quantity_wage` decimal(10,2) NOT NULL,
  `title` varchar(255) NOT NULL,
  `unit_wage` varchar(255) NOT NULL,
  PRIMARY KEY (`id`)
) ENGINE=InnoDB AUTO_INCREMENT=5 DEFAULT CHARSET=utf8mb4 COLLATE=utf8mb4_0900_ai_ci;
/*!40101 SET character_set_client = @saved_cs_client */;

--
-- Dumping data for table `maintenances`
--

LOCK TABLES `maintenances` WRITE;
/*!40000 ALTER TABLE `maintenances` DISABLE KEYS */;
INSERT INTO `maintenances` VALUES (1,NULL,NULL,0,NULL,NULL,'BDĐK',270000,0.90,'BẢO DƯỠNG XE CẤP (5K, 15K, 25K, 35K, 45K, 55K, 65K...)','CÔNG'),(2,NULL,NULL,0,NULL,NULL,'BDĐK',270000,1.90,'BẢO DƯỠNG XE CẤP (10K, 30K, 50K, 70K, 90K, 110K, 130K, 150K...)','CÔNG'),(3,NULL,NULL,0,NULL,NULL,'BDĐK',270000,2.30,'BẢO DƯỠNG XE CẤP (20K, 60K, 100K, 140K, 180K, 220K...) ','CÔNG'),(4,NULL,NULL,0,NULL,NULL,'BDĐK',270000,3.60,'BẢO DƯỠNG XE CẤP (40K, 80K, 120K, 160K, 200K, 240K...)','CÔNG');
/*!40000 ALTER TABLE `maintenances` ENABLE KEYS */;
UNLOCK TABLES;

--
-- Table structure for table `management_car_plate_car_queue`
--

DROP TABLE IF EXISTS `management_car_plate_car_queue`;
/*!40101 SET @saved_cs_client     = @@character_set_client */;
/*!50503 SET character_set_client = utf8mb4 */;
CREATE TABLE `management_car_plate_car_queue` (
  `id` bigint NOT NULL AUTO_INCREMENT,
  `car_queue_id` bigint DEFAULT NULL,
  `management_car_plate_id` bigint DEFAULT NULL,
  PRIMARY KEY (`id`),
  UNIQUE KEY `UK_management_car_plate_car_queue` (`management_car_plate_id`,`car_queue_id`),
  KEY `FK58l5gixy1rollqu61g2e34lb7` (`car_queue_id`),
  CONSTRAINT `FK58l5gixy1rollqu61g2e34lb7` FOREIGN KEY (`car_queue_id`) REFERENCES `car_queue` (`id`),
  CONSTRAINT `FKk8m7y13jqstno0knx441eenvw` FOREIGN KEY (`management_car_plate_id`) REFERENCES `management_car_plates` (`id`)
) ENGINE=InnoDB AUTO_INCREMENT=6 DEFAULT CHARSET=utf8mb4 COLLATE=utf8mb4_0900_ai_ci;
/*!40101 SET character_set_client = @saved_cs_client */;

--
-- Dumping data for table `management_car_plate_car_queue`
--

LOCK TABLES `management_car_plate_car_queue` WRITE;
/*!40000 ALTER TABLE `management_car_plate_car_queue` DISABLE KEYS */;
INSERT INTO `management_car_plate_car_queue` VALUES (1,1,1),(2,2,2),(3,3,3),(4,4,4),(5,5,5);
/*!40000 ALTER TABLE `management_car_plate_car_queue` ENABLE KEYS */;
UNLOCK TABLES;

--
-- Table structure for table `management_car_plates`
--

DROP TABLE IF EXISTS `management_car_plates`;
/*!40101 SET @saved_cs_client     = @@character_set_client */;
/*!50503 SET character_set_client = utf8mb4 */;
CREATE TABLE `management_car_plates` (
  `id` bigint NOT NULL AUTO_INCREMENT,
  `created_at` datetime(6) DEFAULT NULL,
  `created_by` varchar(255) DEFAULT NULL,
  `deleted` tinyint(1) DEFAULT '0',
  `updated_at` datetime(6) DEFAULT NULL,
  `updated_by` varchar(255) DEFAULT NULL,
  `car_number_plate` varchar(255) NOT NULL,
  `car_id` bigint NOT NULL,
  `customer_id` varchar(255) NOT NULL,
  PRIMARY KEY (`id`),
  UNIQUE KEY `UK_management_car_plate` (`customer_id`,`car_id`,`car_number_plate`),
  KEY `FKeb59bgd3wv72gi87s8hjhkwv2` (`car_id`),
  CONSTRAINT `FKeb59bgd3wv72gi87s8hjhkwv2` FOREIGN KEY (`car_id`) REFERENCES `cars` (`id`),
  CONSTRAINT `FKf5dujjjamhogjh4q0oty5513u` FOREIGN KEY (`customer_id`) REFERENCES `customers` (`id`)
) ENGINE=InnoDB AUTO_INCREMENT=6 DEFAULT CHARSET=utf8mb4 COLLATE=utf8mb4_0900_ai_ci;
/*!40101 SET character_set_client = @saved_cs_client */;

--
-- Dumping data for table `management_car_plates`
--

LOCK TABLES `management_car_plates` WRITE;
/*!40000 ALTER TABLE `management_car_plates` DISABLE KEYS */;
INSERT INTO `management_car_plates` VALUES (1,'2023-08-28 15:05:47.913423',NULL,0,'2023-08-28 15:05:47.913423',NULL,'75A11111',17,'63877f59-4518-479e-be6f-ce81ebec51fd'),(2,'2023-08-28 15:07:00.508592',NULL,0,'2023-08-28 15:07:00.508592',NULL,'75A22222',10,'1113315c-3668-4bb9-9a63-29d1cc006e84'),(3,'2023-08-28 15:07:54.707595',NULL,0,'2023-08-28 15:07:54.707595',NULL,'75A33333',2,'2ef242f5-a89a-4a9b-95d1-2d6eb55e5a78'),(4,'2023-08-28 15:09:03.877295',NULL,0,'2023-08-28 15:09:03.877295',NULL,'75A44444',20,'1350b546-3cb5-425a-9173-7f92e25be6b7'),(5,'2023-08-28 15:10:13.019638',NULL,0,'2023-08-28 15:10:13.019638',NULL,'75A55555',9,'57a214b3-98f0-4745-bef5-3b2f2da5eace');
/*!40000 ALTER TABLE `management_car_plates` ENABLE KEYS */;
UNLOCK TABLES;

--
-- Table structure for table `order_maintenance`
--

DROP TABLE IF EXISTS `order_maintenance`;
/*!40101 SET @saved_cs_client     = @@character_set_client */;
/*!50503 SET character_set_client = utf8mb4 */;
CREATE TABLE `order_maintenance` (
  `id` bigint NOT NULL AUTO_INCREMENT,
  `created_at` datetime(6) DEFAULT NULL,
  `created_by` varchar(255) DEFAULT NULL,
  `deleted` tinyint(1) DEFAULT '0',
  `updated_at` datetime(6) DEFAULT NULL,
  `updated_by` varchar(255) DEFAULT NULL,
  `amount` decimal(10,0) NOT NULL,
  `discount` decimal(10,0) DEFAULT NULL,
  `fees` bigint DEFAULT NULL,
  `maintenance_name` varchar(255) NOT NULL,
  `pack_name` varchar(50) DEFAULT NULL,
  `payment` varchar(50) DEFAULT NULL,
  `maintenance_price_wage` decimal(10,0) NOT NULL,
  `quantity` decimal(10,2) NOT NULL,
  `status_name` varchar(50) DEFAULT NULL,
  `unit_wage` varchar(255) NOT NULL,
  `maintenance_id` bigint DEFAULT NULL,
  `order_service_id` bigint NOT NULL,
  PRIMARY KEY (`id`),
  KEY `FKjjgmunlmx2ittxv4f1hiexbi8` (`maintenance_id`),
  KEY `FKriruek5a4db4esx5c5mv7n1ca` (`order_service_id`),
  CONSTRAINT `FKjjgmunlmx2ittxv4f1hiexbi8` FOREIGN KEY (`maintenance_id`) REFERENCES `maintenances` (`id`),
  CONSTRAINT `FKriruek5a4db4esx5c5mv7n1ca` FOREIGN KEY (`order_service_id`) REFERENCES `order_service` (`id`)
) ENGINE=InnoDB AUTO_INCREMENT=8 DEFAULT CHARSET=utf8mb4 COLLATE=utf8mb4_0900_ai_ci;
/*!40101 SET character_set_client = @saved_cs_client */;

--
-- Dumping data for table `order_maintenance`
--

LOCK TABLES `order_maintenance` WRITE;
/*!40000 ALTER TABLE `order_maintenance` DISABLE KEYS */;
INSERT INTO `order_maintenance` VALUES (5,'2023-08-28 17:32:19.298388',NULL,1,'2023-08-30 08:21:28.783253',NULL,243000,NULL,NULL,'BẢO DƯỠNG XE CẤP (5K, 15K, 25K, 35K, 45K, 55K, 65K...)','MAINTENANCE','PAYMENT_CUSTOMER',270000,0.90,'STATUS_DOING','CÔNG',1,5),(6,'2023-08-31 08:36:39.258506',NULL,1,'2023-08-31 11:43:15.496925',NULL,243000,NULL,NULL,'BẢO DƯỠNG XE CẤP (5K, 15K, 25K, 35K, 45K, 55K, 65K...)','MAINTENANCE','PAYMENT_CUSTOMER',270000,0.90,'STATUS_DOING','CÔNG',1,6),(7,'2023-08-31 10:48:59.811182',NULL,1,'2023-08-31 11:54:26.267071',NULL,243000,NULL,NULL,'BẢO DƯỠNG XE CẤP (5K, 15K, 25K, 35K, 45K, 55K, 65K...)','MAINTENANCE','PAYMENT_CUSTOMER',270000,0.90,'STATUS_DOING','CÔNG',1,7);
/*!40000 ALTER TABLE `order_maintenance` ENABLE KEYS */;
UNLOCK TABLES;

--
-- Table structure for table `order_maintenance_item`
--

DROP TABLE IF EXISTS `order_maintenance_item`;
/*!40101 SET @saved_cs_client     = @@character_set_client */;
/*!50503 SET character_set_client = utf8mb4 */;
CREATE TABLE `order_maintenance_item` (
  `id` bigint NOT NULL AUTO_INCREMENT,
  `created_at` datetime(6) DEFAULT NULL,
  `created_by` varchar(255) DEFAULT NULL,
  `deleted` tinyint(1) DEFAULT '0',
  `updated_at` datetime(6) DEFAULT NULL,
  `updated_by` varchar(255) DEFAULT NULL,
  `check_name` varchar(50) DEFAULT NULL,
  `maintenance_checklist_name` varchar(50) DEFAULT NULL,
  `maintenance_item_name` varchar(255) NOT NULL,
  `status_name` varchar(50) DEFAULT NULL,
  `maintenance_item_id` bigint DEFAULT NULL,
  `order_maintenance_id` bigint NOT NULL,
  PRIMARY KEY (`id`),
  KEY `FKbdcd4simxc7jj8anhsjtwf6v3` (`maintenance_item_id`),
  KEY `FKrtvlhgnb803lelmr5ktwqtp0y` (`order_maintenance_id`),
  CONSTRAINT `FKbdcd4simxc7jj8anhsjtwf6v3` FOREIGN KEY (`maintenance_item_id`) REFERENCES `maintenance_items` (`id`),
  CONSTRAINT `FKrtvlhgnb803lelmr5ktwqtp0y` FOREIGN KEY (`order_maintenance_id`) REFERENCES `order_maintenance` (`id`)
) ENGINE=InnoDB AUTO_INCREMENT=239 DEFAULT CHARSET=utf8mb4 COLLATE=utf8mb4_0900_ai_ci;
/*!40101 SET character_set_client = @saved_cs_client */;

--
-- Dumping data for table `order_maintenance_item`
--

LOCK TABLES `order_maintenance_item` WRITE;
/*!40000 ALTER TABLE `order_maintenance_item` DISABLE KEYS */;
INSERT INTO `order_maintenance_item` VALUES (137,'2023-08-28 17:32:19.318321',NULL,1,'2023-08-30 08:21:28.784248',NULL,'DONE','CHECK','Đèn cảnh báo trên bảng táp lô','STATUS_DONE',1,5),(138,'2023-08-28 17:32:19.319318',NULL,1,'2023-08-30 08:21:28.785245',NULL,'DONE','CHECK','Hệ thống điều hòa và âm thanh (nhạc, bluetooth, GPS, Còi)','STATUS_DONE',2,5),(139,'2023-08-28 17:32:19.319318',NULL,1,'2023-08-30 08:21:28.786247',NULL,'DONE','CHECK','Cơ cấu nâng hạ ghế bằng tay, điều chỉnh ghế điện (nếu có). Dây đai an toàn','STATUS_DONE',3,5),(140,'2023-08-28 17:32:19.320314',NULL,1,'2023-08-30 08:21:28.786247',NULL,'DONE','CHECK','Bộ phun nước rửa kính, cần gạt nước trước, sau (nếu có)','STATUS_DONE',4,5),(141,'2023-08-28 17:32:19.320314',NULL,1,'2023-08-30 08:21:28.787238',NULL,'DONE','CHECK','Hệ thống đèn lái phía trước, sau, sương mù, xi nhan','STATUS_DONE',5,5),(142,'2023-08-28 17:32:19.321311',NULL,1,'2023-08-30 08:21:28.787238',NULL,'DONE','CHECK','Đèn pha tự động, điều chỉnh độ cao đèn pha, điều chỉnh đèn pha theo góc lái AFS','STATUS_DONE',6,5),(143,'2023-08-28 17:32:19.321311',NULL,1,'2023-08-30 08:21:28.787238',NULL,'DONE','CHECK','Công tắc đèn trần, nâng hạ vô lăng, lên kính, gương chiếu hậu','STATUS_DONE',7,5),(144,'2023-08-28 17:32:19.321311',NULL,1,'2023-08-30 08:21:28.787238',NULL,'DONE','CHECK','Hoạt động cần số, phanh tay, hoạt động bàn đạp chân ly hợp đối với (hộp số MT), chân phanh','STATUS_DONE',8,5),(145,'2023-08-28 17:32:19.322307',NULL,1,'2023-08-30 08:21:28.788740',NULL,'DONE','CHECK','Đóng/mở bình xăng, cốp xe, cửa xe','STATUS_DONE',9,5),(146,'2023-08-28 17:32:19.323567',NULL,1,'2023-08-30 08:21:28.789247',NULL,'DONE','CHECK','Cần gạt mưa phía sau (nếu có). Đèn lái phía sau','STATUS_DONE',10,5),(147,'2023-08-28 17:32:19.323567',NULL,1,'2023-08-30 08:21:28.789247',NULL,'DONE','TOILET','Lọc gió động cơ','STATUS_DONE',11,5),(148,'2023-08-28 17:32:19.323567',NULL,1,'2023-08-30 08:21:28.789963',NULL,'DONE','REPLACE','Dầu đọng cơ','STATUS_DONE',12,5),(149,'2023-08-28 17:32:19.323567',NULL,1,'2023-08-30 08:21:28.790245',NULL,'DONE','CHECK','Nắp bình nhiên liệu, đường ống nhiên liệu, khớp nối và van điều khiển hơi nhiên liệu','STATUS_DONE',15,5),(150,'2023-08-28 17:32:19.323567',NULL,1,'2023-08-30 08:21:28.790245',NULL,'DONE','TOILET','Lọc gió điều hòa','STATUS_DONE',16,5),(151,'2023-08-28 17:32:19.323567',NULL,1,'2023-08-30 08:21:28.791243',NULL,'DONE','CHECK','Hệ thống điều hòa và sưởi ấm (Chế độ lạnh và sưởi, tình trạng đường ống, độ kín khít tại các đầu nối, Mức gas điều hòa)','STATUS_DONE',17,5),(152,'2023-08-28 17:32:19.323567',NULL,1,'2023-08-30 08:21:28.791243',NULL,'DONE','CHECK','Đai truyền động (Sức căng, cơ cấu tăng đai, tình trạng dây đai)','STATUS_DONE',18,5),(153,'2023-08-28 17:32:19.323567',NULL,1,'2023-08-30 08:21:28.792239',NULL,'DONE','CHECK','Mức dầu phanh','STATUS_DONE',19,5),(154,'2023-08-28 17:32:19.323567',NULL,1,'2023-08-30 08:21:28.792239',NULL,'DONE','CHECK','Mức dầu ly hợp','STATUS_DONE',20,5),(155,'2023-08-28 17:32:19.323567',NULL,1,'2023-08-30 08:21:28.792239',NULL,'DONE','CHECK','Hệ thống làm mát động cơ (Nắp két nước, tình trạng két nước và các đường ống)','STATUS_DONE',21,5),(156,'2023-08-28 17:32:19.323567',NULL,1,'2023-08-30 08:21:28.793289',NULL,'DONE','CHECK','Mức nước làm mát','STATUS_DONE',22,5),(157,'2023-08-28 17:32:19.323567',NULL,1,'2023-08-30 08:21:28.793289',NULL,'DONE','CHECK','Mức nước rửa kính','STATUS_DONE',23,5),(158,'2023-08-28 17:32:19.323567',NULL,1,'2023-08-30 08:21:28.794234',NULL,'DONE','CHECK','Ắc quy (Mức dung dịch, tình trạng điện cực, tình trạng ắc quy, hệ thống sạch kiểm tra bằng máy)','STATUS_DONE',24,5),(159,'2023-08-28 17:32:19.323567',NULL,1,'2023-08-30 08:21:28.794234',NULL,'DONE','CHECK','Mức dầu trợ lực lái và trình trạng đường ống','STATUS_DONE',25,5),(160,'2023-08-28 17:32:19.329126',NULL,1,'2023-08-30 08:21:28.795230',NULL,'DONE','CHECK','Hoạt động vô lăng. Các thanh dẫn động cơ cấu lái','STATUS_DONE',27,5),(161,'2023-08-28 17:32:19.329126',NULL,1,'2023-08-30 08:21:28.795230',NULL,'DONE','CHECK','Khớ cầu và các cao su che bụi','STATUS_DONE',30,5),(162,'2023-08-28 17:32:19.329126',NULL,1,'2023-08-30 08:21:28.795230',NULL,'DONE','TIGHT','Hệ thống treo trước và sau','STATUS_DONE',31,5),(163,'2023-08-28 17:32:19.330475',NULL,1,'2023-08-30 08:21:28.796227',NULL,'DONE','CHECK','Áp suất lốp, tình trạng lốp, tình trạng mòn lốp (Min = 1,6 mm)','STATUS_DONE',32,5),(164,'2023-08-28 17:32:19.330475',NULL,1,'2023-08-30 08:21:28.796227',NULL,'DONE','CHECK','Cao su che bụi bán trục','STATUS_DONE',33,5),(165,'2023-08-28 17:32:19.330475',NULL,1,'2023-08-30 08:21:28.797224',NULL,'DONE','CHECK','Đĩa phanh và má phanh. Kiểm tra độ dày má phanh (trước trái .../2 mm, trước phải .../2 mm, sau trái .../2 mm, sau phải .../2 mm)','STATUS_DONE',34,5),(166,'2023-08-28 17:32:19.330475',NULL,1,'2023-08-30 08:21:28.797224',NULL,'DONE','CHECK','Trống phanh và guốc phanh. Kiểm tra độ dày guốc phanh (Sau trái .../1 mm, sau phải .../1 mm)','STATUS_DONE',35,5),(167,'2023-08-28 17:32:19.330475',NULL,1,'2023-08-30 08:21:28.798220',NULL,'DONE','CHECK','Đường ống dầu phanh','STATUS_DONE',36,5),(168,'2023-08-28 17:32:19.330475',NULL,1,'2023-08-30 08:21:28.798220',NULL,'DONE','CHECK','Độ rơ bạch đạn bánh xe. Độ rơ rotuyn lái trong. Độ rơ thước tay lái, rotuyn trụ','STATUS_DONE',37,5),(169,'2023-08-28 17:32:19.330475',NULL,1,'2023-08-30 08:21:28.798220',NULL,'DONE','TIGHT','Các ốc gầm và ốc lốp','STATUS_DONE',38,5),(170,'2023-08-28 17:32:19.330475',NULL,1,'2023-08-30 08:21:28.799217',NULL,'DONE','CHECK','Sự rò rỉ nhiên liệu dầu và hư hỏng dưới gầm xe','STATUS_DONE',39,5),(171,'2023-08-31 08:36:39.300255',NULL,1,'2023-08-31 11:43:15.498918',NULL,'DONE','CHECK','Đèn cảnh báo trên bảng táp lô','STATUS_DONE',1,6),(172,'2023-08-31 08:36:39.304105',NULL,1,'2023-08-31 11:43:15.499915',NULL,'DONE','CHECK','Hệ thống điều hòa và âm thanh (nhạc, bluetooth, GPS, Còi)','STATUS_DONE',2,6),(173,'2023-08-31 08:36:39.305104',NULL,1,'2023-08-31 11:43:15.499915',NULL,'DONE','CHECK','Cơ cấu nâng hạ ghế bằng tay, điều chỉnh ghế điện (nếu có). Dây đai an toàn','STATUS_DONE',3,6),(174,'2023-08-31 08:36:39.306100',NULL,1,'2023-08-31 11:43:15.500911',NULL,'DONE','CHECK','Bộ phun nước rửa kính, cần gạt nước trước, sau (nếu có)','STATUS_DONE',4,6),(175,'2023-08-31 08:36:39.306100',NULL,1,'2023-08-31 11:43:15.500911',NULL,'DONE','CHECK','Hệ thống đèn lái phía trước, sau, sương mù, xi nhan','STATUS_DONE',5,6),(176,'2023-08-31 08:36:39.307334',NULL,1,'2023-08-31 11:43:15.501909',NULL,'DONE','CHECK','Đèn pha tự động, điều chỉnh độ cao đèn pha, điều chỉnh đèn pha theo góc lái AFS','STATUS_DONE',6,6),(177,'2023-08-31 08:36:39.308244',NULL,1,'2023-08-31 11:43:15.501909',NULL,'DONE','CHECK','Công tắc đèn trần, nâng hạ vô lăng, lên kính, gương chiếu hậu','STATUS_DONE',7,6),(178,'2023-08-31 08:36:39.309158',NULL,1,'2023-08-31 11:43:15.502905',NULL,'DONE','CHECK','Hoạt động cần số, phanh tay, hoạt động bàn đạp chân ly hợp đối với (hộp số MT), chân phanh','STATUS_DONE',8,6),(179,'2023-08-31 08:36:39.309158',NULL,1,'2023-08-31 11:43:15.502905',NULL,'DONE','CHECK','Đóng/mở bình xăng, cốp xe, cửa xe','STATUS_DONE',9,6),(180,'2023-08-31 08:36:39.310157',NULL,1,'2023-08-31 11:43:15.503902',NULL,'DONE','CHECK','Cần gạt mưa phía sau (nếu có). Đèn lái phía sau','STATUS_DONE',10,6),(181,'2023-08-31 08:36:39.310157',NULL,1,'2023-08-31 11:43:15.503902',NULL,'DONE','TOILET','Lọc gió động cơ','STATUS_DONE',11,6),(182,'2023-08-31 08:36:39.311153',NULL,1,'2023-08-31 11:43:15.503902',NULL,'DONE','REPLACE','Dầu đọng cơ','STATUS_DONE',12,6),(183,'2023-08-31 08:36:39.312157',NULL,1,'2023-08-31 11:43:15.504899',NULL,'DONE','CHECK','Nắp bình nhiên liệu, đường ống nhiên liệu, khớp nối và van điều khiển hơi nhiên liệu','STATUS_DONE',15,6),(184,'2023-08-31 08:36:39.313148',NULL,1,'2023-08-31 11:43:15.504899',NULL,'DONE','TOILET','Lọc gió điều hòa','STATUS_DONE',16,6),(185,'2023-08-31 08:36:39.313148',NULL,1,'2023-08-31 11:43:15.505896',NULL,'DONE','CHECK','Hệ thống điều hòa và sưởi ấm (Chế độ lạnh và sưởi, tình trạng đường ống, độ kín khít tại các đầu nối, Mức gas điều hòa)','STATUS_DONE',17,6),(186,'2023-08-31 08:36:39.314143',NULL,1,'2023-08-31 11:43:15.505896',NULL,'DONE','CHECK','Đai truyền động (Sức căng, cơ cấu tăng đai, tình trạng dây đai)','STATUS_DONE',18,6),(187,'2023-08-31 08:36:39.314143',NULL,1,'2023-08-31 11:43:15.506892',NULL,'DONE','CHECK','Mức dầu phanh','STATUS_DONE',19,6),(188,'2023-08-31 08:36:39.315140',NULL,1,'2023-08-31 11:43:15.506892',NULL,'DONE','CHECK','Mức dầu ly hợp','STATUS_DONE',20,6),(189,'2023-08-31 08:36:39.316137',NULL,1,'2023-08-31 11:43:15.507893',NULL,'DONE','CHECK','Hệ thống làm mát động cơ (Nắp két nước, tình trạng két nước và các đường ống)','STATUS_DONE',21,6),(190,'2023-08-31 08:36:39.316137',NULL,1,'2023-08-31 11:43:15.507893',NULL,'DONE','CHECK','Mức nước làm mát','STATUS_DONE',22,6),(191,'2023-08-31 08:36:39.317133',NULL,1,'2023-08-31 11:43:15.508885',NULL,'DONE','CHECK','Mức nước rửa kính','STATUS_DONE',23,6),(192,'2023-08-31 08:36:39.317133',NULL,1,'2023-08-31 11:43:15.509882',NULL,'DONE','CHECK','Ắc quy (Mức dung dịch, tình trạng điện cực, tình trạng ắc quy, hệ thống sạch kiểm tra bằng máy)','STATUS_DONE',24,6),(193,'2023-08-31 08:36:39.318131',NULL,1,'2023-08-31 11:43:15.509882',NULL,'DONE','CHECK','Mức dầu trợ lực lái và trình trạng đường ống','STATUS_DONE',25,6),(194,'2023-08-31 08:36:39.319127',NULL,1,'2023-08-31 11:43:15.509882',NULL,'DONE','CHECK','Hoạt động vô lăng. Các thanh dẫn động cơ cấu lái','STATUS_DONE',27,6),(195,'2023-08-31 08:36:39.319127',NULL,1,'2023-08-31 11:43:15.510878',NULL,'DONE','CHECK','Khớ cầu và các cao su che bụi','STATUS_DONE',30,6),(196,'2023-08-31 08:36:39.320124',NULL,1,'2023-08-31 11:43:15.510878',NULL,'DONE','TIGHT','Hệ thống treo trước và sau','STATUS_DONE',31,6),(197,'2023-08-31 08:36:39.320124',NULL,1,'2023-08-31 11:43:15.511875',NULL,'DONE','CHECK','Áp suất lốp, tình trạng lốp, tình trạng mòn lốp (Min = 1,6 mm)','STATUS_DONE',32,6),(198,'2023-08-31 08:36:39.321120',NULL,1,'2023-08-31 11:43:15.511875',NULL,'DONE','CHECK','Cao su che bụi bán trục','STATUS_DONE',33,6),(199,'2023-08-31 08:36:39.321120',NULL,1,'2023-08-31 11:43:15.511875',NULL,'DONE','CHECK','Đĩa phanh và má phanh. Kiểm tra độ dày má phanh (trước trái .../2 mm, trước phải .../2 mm, sau trái .../2 mm, sau phải .../2 mm)','STATUS_DONE',34,6),(200,'2023-08-31 08:36:39.322117',NULL,1,'2023-08-31 11:43:15.512872',NULL,'DONE','CHECK','Trống phanh và guốc phanh. Kiểm tra độ dày guốc phanh (Sau trái .../1 mm, sau phải .../1 mm)','STATUS_DONE',35,6),(201,'2023-08-31 08:36:39.322117',NULL,1,'2023-08-31 11:43:15.512872',NULL,'DONE','CHECK','Đường ống dầu phanh','STATUS_DONE',36,6),(202,'2023-08-31 08:36:39.323113',NULL,1,'2023-08-31 11:43:15.512872',NULL,'DONE','CHECK','Độ rơ bạch đạn bánh xe. Độ rơ rotuyn lái trong. Độ rơ thước tay lái, rotuyn trụ','STATUS_DONE',37,6),(203,'2023-08-31 08:36:39.323113',NULL,1,'2023-08-31 11:43:15.513868',NULL,'DONE','TIGHT','Các ốc gầm và ốc lốp','STATUS_DONE',38,6),(204,'2023-08-31 08:36:39.324110',NULL,1,'2023-08-31 11:43:15.513868',NULL,'DONE','CHECK','Sự rò rỉ nhiên liệu dầu và hư hỏng dưới gầm xe','STATUS_DONE',39,6),(205,'2023-08-31 10:48:59.840081',NULL,1,'2023-08-31 11:54:26.268071',NULL,'DONE','CHECK','Đèn cảnh báo trên bảng táp lô','STATUS_DONE',1,7),(206,'2023-08-31 10:48:59.841078',NULL,1,'2023-08-31 11:54:26.268071',NULL,'DONE','CHECK','Hệ thống điều hòa và âm thanh (nhạc, bluetooth, GPS, Còi)','STATUS_DONE',2,7),(207,'2023-08-31 10:48:59.842076',NULL,1,'2023-08-31 11:54:26.269068',NULL,'DONE','CHECK','Cơ cấu nâng hạ ghế bằng tay, điều chỉnh ghế điện (nếu có). Dây đai an toàn','STATUS_DONE',3,7),(208,'2023-08-31 10:48:59.843077',NULL,1,'2023-08-31 11:54:26.269068',NULL,'DONE','CHECK','Bộ phun nước rửa kính, cần gạt nước trước, sau (nếu có)','STATUS_DONE',4,7),(209,'2023-08-31 10:48:59.843077',NULL,1,'2023-08-31 11:54:26.270063',NULL,'DONE','CHECK','Hệ thống đèn lái phía trước, sau, sương mù, xi nhan','STATUS_DONE',5,7),(210,'2023-08-31 10:48:59.844073',NULL,1,'2023-08-31 11:54:26.270063',NULL,'DONE','CHECK','Đèn pha tự động, điều chỉnh độ cao đèn pha, điều chỉnh đèn pha theo góc lái AFS','STATUS_DONE',6,7),(211,'2023-08-31 10:48:59.844073',NULL,1,'2023-08-31 11:54:26.271060',NULL,'DONE','CHECK','Công tắc đèn trần, nâng hạ vô lăng, lên kính, gương chiếu hậu','STATUS_DONE',7,7),(212,'2023-08-31 10:48:59.845070',NULL,1,'2023-08-31 11:54:26.271060',NULL,'DONE','CHECK','Hoạt động cần số, phanh tay, hoạt động bàn đạp chân ly hợp đối với (hộp số MT), chân phanh','STATUS_DONE',8,7),(213,'2023-08-31 10:48:59.846067',NULL,1,'2023-08-31 11:54:26.272057',NULL,'DONE','CHECK','Đóng/mở bình xăng, cốp xe, cửa xe','STATUS_DONE',9,7),(214,'2023-08-31 10:48:59.846067',NULL,1,'2023-08-31 11:54:26.272057',NULL,'DONE','CHECK','Cần gạt mưa phía sau (nếu có). Đèn lái phía sau','STATUS_DONE',10,7),(215,'2023-08-31 10:48:59.847064',NULL,1,'2023-08-31 11:54:26.272057',NULL,'DONE','TOILET','Lọc gió động cơ','STATUS_DONE',11,7),(216,'2023-08-31 10:48:59.848060',NULL,1,'2023-08-31 11:54:26.273053',NULL,'DONE','REPLACE','Dầu đọng cơ','STATUS_DONE',12,7),(217,'2023-08-31 10:48:59.848060',NULL,1,'2023-08-31 11:54:26.273053',NULL,'DONE','CHECK','Nắp bình nhiên liệu, đường ống nhiên liệu, khớp nối và van điều khiển hơi nhiên liệu','STATUS_DONE',15,7),(218,'2023-08-31 10:48:59.849057',NULL,1,'2023-08-31 11:54:26.274050',NULL,'DONE','TOILET','Lọc gió điều hòa','STATUS_DONE',16,7),(219,'2023-08-31 10:48:59.850055',NULL,1,'2023-08-31 11:54:26.274050',NULL,'DONE','CHECK','Hệ thống điều hòa và sưởi ấm (Chế độ lạnh và sưởi, tình trạng đường ống, độ kín khít tại các đầu nối, Mức gas điều hòa)','STATUS_DONE',17,7),(220,'2023-08-31 10:48:59.850055',NULL,1,'2023-08-31 11:54:26.274050',NULL,'DONE','CHECK','Đai truyền động (Sức căng, cơ cấu tăng đai, tình trạng dây đai)','STATUS_DONE',18,7),(221,'2023-08-31 10:48:59.851050',NULL,1,'2023-08-31 11:54:26.275047',NULL,'DONE','CHECK','Mức dầu phanh','STATUS_DONE',19,7),(222,'2023-08-31 10:48:59.851050',NULL,1,'2023-08-31 11:54:26.275047',NULL,'DONE','CHECK','Mức dầu ly hợp','STATUS_DONE',20,7),(223,'2023-08-31 10:48:59.852046',NULL,1,'2023-08-31 11:54:26.276043',NULL,'DONE','CHECK','Hệ thống làm mát động cơ (Nắp két nước, tình trạng két nước và các đường ống)','STATUS_DONE',21,7),(224,'2023-08-31 10:48:59.852046',NULL,1,'2023-08-31 11:54:26.276043',NULL,'DONE','CHECK','Mức nước làm mát','STATUS_DONE',22,7),(225,'2023-08-31 10:48:59.853043',NULL,1,'2023-08-31 11:54:26.277040',NULL,'DONE','CHECK','Mức nước rửa kính','STATUS_DONE',23,7),(226,'2023-08-31 10:48:59.853043',NULL,1,'2023-08-31 11:54:26.277040',NULL,'DONE','CHECK','Ắc quy (Mức dung dịch, tình trạng điện cực, tình trạng ắc quy, hệ thống sạch kiểm tra bằng máy)','STATUS_DONE',24,7),(227,'2023-08-31 10:48:59.854040',NULL,1,'2023-08-31 11:54:26.277040',NULL,'DONE','CHECK','Mức dầu trợ lực lái và trình trạng đường ống','STATUS_DONE',25,7),(228,'2023-08-31 10:48:59.854040',NULL,1,'2023-08-31 11:54:26.278037',NULL,'DONE','CHECK','Hoạt động vô lăng. Các thanh dẫn động cơ cấu lái','STATUS_DONE',27,7),(229,'2023-08-31 10:48:59.855037',NULL,1,'2023-08-31 11:54:26.278037',NULL,'DONE','CHECK','Khớ cầu và các cao su che bụi','STATUS_DONE',30,7),(230,'2023-08-31 10:48:59.856040',NULL,1,'2023-08-31 11:54:26.279033',NULL,'DONE','TIGHT','Hệ thống treo trước và sau','STATUS_DONE',31,7),(231,'2023-08-31 10:48:59.856040',NULL,1,'2023-08-31 11:54:26.279033',NULL,'DONE','CHECK','Áp suất lốp, tình trạng lốp, tình trạng mòn lốp (Min = 1,6 mm)','STATUS_DONE',32,7),(232,'2023-08-31 10:48:59.857031',NULL,1,'2023-08-31 11:54:26.280030',NULL,'DONE','CHECK','Cao su che bụi bán trục','STATUS_DONE',33,7),(233,'2023-08-31 10:48:59.858111',NULL,1,'2023-08-31 11:54:26.280030',NULL,'DONE','CHECK','Đĩa phanh và má phanh. Kiểm tra độ dày má phanh (trước trái .../2 mm, trước phải .../2 mm, sau trái .../2 mm, sau phải .../2 mm)','STATUS_DONE',34,7),(234,'2023-08-31 10:48:59.858111',NULL,1,'2023-08-31 11:54:26.280030',NULL,'DONE','CHECK','Trống phanh và guốc phanh. Kiểm tra độ dày guốc phanh (Sau trái .../1 mm, sau phải .../1 mm)','STATUS_DONE',35,7),(235,'2023-08-31 10:48:59.859110',NULL,1,'2023-08-31 11:54:26.281026',NULL,'DONE','CHECK','Đường ống dầu phanh','STATUS_DONE',36,7),(236,'2023-08-31 10:48:59.862101',NULL,1,'2023-08-31 11:54:26.281026',NULL,'DONE','CHECK','Độ rơ bạch đạn bánh xe. Độ rơ rotuyn lái trong. Độ rơ thước tay lái, rotuyn trụ','STATUS_DONE',37,7),(237,'2023-08-31 10:48:59.863097',NULL,1,'2023-08-31 11:54:26.281026',NULL,'DONE','TIGHT','Các ốc gầm và ốc lốp','STATUS_DONE',38,7),(238,'2023-08-31 10:48:59.863097',NULL,1,'2023-08-31 11:54:26.282023',NULL,'DONE','CHECK','Sự rò rỉ nhiên liệu dầu và hư hỏng dưới gầm xe','STATUS_DONE',39,7);
/*!40000 ALTER TABLE `order_maintenance_item` ENABLE KEYS */;
UNLOCK TABLES;

--
-- Table structure for table `order_maintenance_item_accessory`
--

DROP TABLE IF EXISTS `order_maintenance_item_accessory`;
/*!40101 SET @saved_cs_client     = @@character_set_client */;
/*!50503 SET character_set_client = utf8mb4 */;
CREATE TABLE `order_maintenance_item_accessory` (
  `id` bigint NOT NULL AUTO_INCREMENT,
  `created_at` datetime(6) DEFAULT NULL,
  `created_by` varchar(255) DEFAULT NULL,
  `deleted` tinyint(1) DEFAULT '0',
  `updated_at` datetime(6) DEFAULT NULL,
  `updated_by` varchar(255) DEFAULT NULL,
  `accessory_name` varchar(255) NOT NULL,
  `accessory_price` decimal(10,0) NOT NULL,
  `accessory_quantity` decimal(10,2) NOT NULL,
  `accessory_unit` varchar(255) NOT NULL,
  `amount` decimal(10,0) NOT NULL,
  `accessory_id` bigint DEFAULT NULL,
  `order_maintenance_item_id` bigint NOT NULL,
  PRIMARY KEY (`id`),
  KEY `FKday5hodabsoir36vlekeabw5e` (`accessory_id`),
  KEY `FKcrtx5uh7p46tc8j4tt0coddgk` (`order_maintenance_item_id`),
  CONSTRAINT `FKcrtx5uh7p46tc8j4tt0coddgk` FOREIGN KEY (`order_maintenance_item_id`) REFERENCES `order_maintenance_item` (`id`),
  CONSTRAINT `FKday5hodabsoir36vlekeabw5e` FOREIGN KEY (`accessory_id`) REFERENCES `accessories` (`id`)
) ENGINE=InnoDB DEFAULT CHARSET=utf8mb4 COLLATE=utf8mb4_0900_ai_ci;
/*!40101 SET character_set_client = @saved_cs_client */;

--
-- Dumping data for table `order_maintenance_item_accessory`
--

LOCK TABLES `order_maintenance_item_accessory` WRITE;
/*!40000 ALTER TABLE `order_maintenance_item_accessory` DISABLE KEYS */;
/*!40000 ALTER TABLE `order_maintenance_item_accessory` ENABLE KEYS */;
UNLOCK TABLES;

--
-- Table structure for table `order_repair_item`
--

DROP TABLE IF EXISTS `order_repair_item`;
/*!40101 SET @saved_cs_client     = @@character_set_client */;
/*!50503 SET character_set_client = utf8mb4 */;
CREATE TABLE `order_repair_item` (
  `id` bigint NOT NULL AUTO_INCREMENT,
  `created_at` datetime(6) DEFAULT NULL,
  `created_by` varchar(255) DEFAULT NULL,
  `deleted` tinyint(1) DEFAULT '0',
  `updated_at` datetime(6) DEFAULT NULL,
  `updated_by` varchar(255) DEFAULT NULL,
  `amount` decimal(10,0) NOT NULL,
  `discount` decimal(10,0) DEFAULT NULL,
  `fees` bigint DEFAULT NULL,
  `repair_item_name` varchar(255) NOT NULL,
  `pack_name` varchar(50) DEFAULT NULL,
  `payment` varchar(50) DEFAULT NULL,
  `price_wage` decimal(10,0) NOT NULL,
  `quantity` decimal(10,2) NOT NULL,
  `status_name` varchar(50) DEFAULT NULL,
  `unit_wage` varchar(255) NOT NULL,
  `order_service_id` bigint NOT NULL,
  `repair_item_id` bigint DEFAULT NULL,
  PRIMARY KEY (`id`),
  KEY `FKtgulf3svqocv0ronb78kugt1n` (`order_service_id`),
  KEY `FKpn4lh73pohq8iqy4gkrs0rv9b` (`repair_item_id`),
  CONSTRAINT `FKpn4lh73pohq8iqy4gkrs0rv9b` FOREIGN KEY (`repair_item_id`) REFERENCES `repair_items` (`id`),
  CONSTRAINT `FKtgulf3svqocv0ronb78kugt1n` FOREIGN KEY (`order_service_id`) REFERENCES `order_service` (`id`)
) ENGINE=InnoDB AUTO_INCREMENT=9 DEFAULT CHARSET=utf8mb4 COLLATE=utf8mb4_0900_ai_ci;
/*!40101 SET character_set_client = @saved_cs_client */;

--
-- Dumping data for table `order_repair_item`
--

LOCK TABLES `order_repair_item` WRITE;
/*!40000 ALTER TABLE `order_repair_item` DISABLE KEYS */;
INSERT INTO `order_repair_item` VALUES (6,'2023-08-28 17:32:19.413937',NULL,1,'2023-08-30 08:21:28.801231',NULL,100000,NULL,NULL,'Mức nước rửa kính','REPAIR','PAYMENT_CUSTOMER',100000,1.00,'STATUS_DONE','GÓI',5,23),(7,'2023-08-31 08:36:39.446468',NULL,1,'2023-08-31 11:43:15.515862',NULL,270000,NULL,NULL,'Lọc dầu động cơ','REPAIR','PAYMENT_CUSTOMER',270000,1.00,'STATUS_DONE','GÓI',6,13),(8,'2023-08-31 10:48:59.932992',NULL,1,'2023-08-31 11:54:26.282023',NULL,100000,NULL,NULL,'Lọc dầu động cơ','REPAIR','PAYMENT_CUSTOMER',100000,1.00,'STATUS_DONE','GÓI',7,13);
/*!40000 ALTER TABLE `order_repair_item` ENABLE KEYS */;
UNLOCK TABLES;

--
-- Table structure for table `order_repair_item_accessory`
--

DROP TABLE IF EXISTS `order_repair_item_accessory`;
/*!40101 SET @saved_cs_client     = @@character_set_client */;
/*!50503 SET character_set_client = utf8mb4 */;
CREATE TABLE `order_repair_item_accessory` (
  `id` bigint NOT NULL AUTO_INCREMENT,
  `created_at` datetime(6) DEFAULT NULL,
  `created_by` varchar(255) DEFAULT NULL,
  `deleted` tinyint(1) DEFAULT '0',
  `updated_at` datetime(6) DEFAULT NULL,
  `updated_by` varchar(255) DEFAULT NULL,
  `accessory_name` varchar(255) NOT NULL,
  `accessory_price` decimal(10,0) NOT NULL,
  `accessory_quantity` decimal(10,2) NOT NULL,
  `accessory_unit` varchar(255) NOT NULL,
  `amount` decimal(10,0) NOT NULL,
  `accessory_id` bigint DEFAULT NULL,
  `order_repair_id` bigint NOT NULL,
  PRIMARY KEY (`id`),
  KEY `FK2704ntk58olvixoi35a9d4bcl` (`accessory_id`),
  KEY `FKtee9d5vuokmxr7hvirnpm661h` (`order_repair_id`),
  CONSTRAINT `FK2704ntk58olvixoi35a9d4bcl` FOREIGN KEY (`accessory_id`) REFERENCES `accessories` (`id`),
  CONSTRAINT `FKtee9d5vuokmxr7hvirnpm661h` FOREIGN KEY (`order_repair_id`) REFERENCES `order_repair_item` (`id`)
) ENGINE=InnoDB AUTO_INCREMENT=4 DEFAULT CHARSET=utf8mb4 COLLATE=utf8mb4_0900_ai_ci;
/*!40101 SET character_set_client = @saved_cs_client */;

--
-- Dumping data for table `order_repair_item_accessory`
--

LOCK TABLES `order_repair_item_accessory` WRITE;
/*!40000 ALTER TABLE `order_repair_item_accessory` DISABLE KEYS */;
INSERT INTO `order_repair_item_accessory` VALUES (1,'2023-08-28 17:32:19.420865',NULL,1,'2023-08-30 08:21:28.802230',NULL,'Nước rửa kính',255000,1.00,'UNIT_BOTTLE',255000,1873,6),(2,'2023-08-31 08:36:39.456623',NULL,1,'2023-08-31 11:43:15.517855',NULL,'Cụm lọc dầu và làm mát dầu đi kèm',2386000,1.00,'UNIT_PACKAGE',2386000,459,7),(3,'2023-08-31 10:48:59.936983',NULL,1,'2023-08-31 11:54:26.283021',NULL,'Cụm lọc dầu và làm mát dầu đi kèm',2386000,1.00,'UNIT_PACKAGE',2386000,459,8);
/*!40000 ALTER TABLE `order_repair_item_accessory` ENABLE KEYS */;
UNLOCK TABLES;

--
-- Table structure for table `order_service`
--

DROP TABLE IF EXISTS `order_service`;
/*!40101 SET @saved_cs_client     = @@character_set_client */;
/*!50503 SET character_set_client = utf8mb4 */;
CREATE TABLE `order_service` (
  `id` bigint NOT NULL AUTO_INCREMENT,
  `created_at` datetime(6) DEFAULT NULL,
  `created_by` varchar(255) DEFAULT NULL,
  `deleted` tinyint(1) DEFAULT '0',
  `updated_at` datetime(6) DEFAULT NULL,
  `updated_by` varchar(255) DEFAULT NULL,
  `amount_tax` decimal(10,0) DEFAULT NULL,
  `current_service_area` varchar(255) DEFAULT NULL,
  `customer_req` longtext,
  `distance` bigint DEFAULT NULL,
  `do_early` longtext,
  `status_name` varchar(50) DEFAULT NULL,
  `tax` bigint DEFAULT NULL,
  `total_amount` decimal(10,0) DEFAULT NULL,
  `total_amount_after_tax` decimal(10,0) DEFAULT NULL,
  `car_queue_id` bigint DEFAULT NULL,
  PRIMARY KEY (`id`),
  KEY `FK88bh29h0q5e6scihlty3avjjl` (`car_queue_id`),
  CONSTRAINT `FK88bh29h0q5e6scihlty3avjjl` FOREIGN KEY (`car_queue_id`) REFERENCES `car_queue` (`id`)
) ENGINE=InnoDB AUTO_INCREMENT=8 DEFAULT CHARSET=utf8mb4 COLLATE=utf8mb4_0900_ai_ci;
/*!40101 SET character_set_client = @saved_cs_client */;

--
-- Dumping data for table `order_service`
--

LOCK TABLES `order_service` WRITE;
/*!40000 ALTER TABLE `order_service` DISABLE KEYS */;
INSERT INTO `order_service` VALUES (5,'2023-08-28 17:32:19.295398',NULL,1,'2023-08-30 08:21:28.780262',NULL,55840,NULL,'Bảo dưỡng định kỳ cấp 5000 KM',5200,'','STATUS_DONE',8,698000,753840,1),(6,'2023-08-31 08:36:39.211154',NULL,1,'2023-08-31 11:43:15.491943',NULL,231920,NULL,'Bảo dưỡng định kỳ 5000 KM',6000,'','STATUS_DONE',8,2899000,3130920,3),(7,'2023-08-31 10:48:59.794663',NULL,1,'2023-08-31 11:54:26.265576',NULL,218320,NULL,'',5000,'','STATUS_DONE',8,2729000,2947320,5);
/*!40000 ALTER TABLE `order_service` ENABLE KEYS */;
UNLOCK TABLES;

--
-- Table structure for table `order_service_current_service_areas`
--

DROP TABLE IF EXISTS `order_service_current_service_areas`;
/*!40101 SET @saved_cs_client     = @@character_set_client */;
/*!50503 SET character_set_client = utf8mb4 */;
CREATE TABLE `order_service_current_service_areas` (
  `id` bigint NOT NULL AUTO_INCREMENT,
  `created_at` datetime(6) DEFAULT NULL,
  `created_by` varchar(255) DEFAULT NULL,
  `deleted` tinyint(1) DEFAULT '0',
  `updated_at` datetime(6) DEFAULT NULL,
  `updated_by` varchar(255) DEFAULT NULL,
  `service_area_name` varchar(255) DEFAULT NULL,
  `order_service_id` bigint DEFAULT NULL,
  PRIMARY KEY (`id`),
  KEY `FKrph7nvmelp5tdjhpqiyxrm6ff` (`order_service_id`),
  CONSTRAINT `FKrph7nvmelp5tdjhpqiyxrm6ff` FOREIGN KEY (`order_service_id`) REFERENCES `order_service` (`id`)
) ENGINE=InnoDB AUTO_INCREMENT=23 DEFAULT CHARSET=utf8mb4 COLLATE=utf8mb4_0900_ai_ci;
/*!40101 SET character_set_client = @saved_cs_client */;

--
-- Dumping data for table `order_service_current_service_areas`
--

LOCK TABLES `order_service_current_service_areas` WRITE;
/*!40000 ALTER TABLE `order_service_current_service_areas` DISABLE KEYS */;
INSERT INTO `order_service_current_service_areas` VALUES (1,'2023-08-28 17:32:19.295398',NULL,1,'2023-08-29 08:25:29.245401',NULL,NULL,5),(2,'2023-08-29 11:21:37.671788',NULL,1,'2023-08-29 11:21:37.671788',NULL,'Khu vực sửa chung',5),(3,'2023-08-29 11:21:37.667801',NULL,1,'2023-08-29 11:21:54.977805',NULL,NULL,5),(4,'2023-08-29 11:21:54.976811',NULL,1,'2023-08-29 11:22:07.307945',NULL,'Khu vực gầm máy',5),(5,'2023-08-29 11:22:07.300184',NULL,1,'2023-08-29 11:25:08.831848',NULL,NULL,5),(6,'2023-08-29 11:25:08.829850',NULL,1,'2023-08-29 11:26:53.845980',NULL,'Khu vực điện, điện lạnh',5),(7,'2023-08-29 11:26:53.839622',NULL,1,'2023-08-29 11:26:53.839622',NULL,NULL,5),(8,'2023-08-31 08:36:39.241056',NULL,1,'2023-08-31 09:55:38.730512',NULL,NULL,6),(10,'2023-08-31 09:55:38.724102',NULL,1,'2023-08-31 09:56:04.247035',NULL,'Khu vực sửa chung',6),(11,'2023-08-31 09:56:04.245040',NULL,1,'2023-08-31 09:58:01.900514',NULL,NULL,6),(12,'2023-08-31 09:58:01.897534',NULL,1,'2023-08-31 10:06:23.770903',NULL,'Khu vực gầm máy',6),(13,'2023-08-31 10:06:23.768914',NULL,1,'2023-08-31 10:06:41.307199',NULL,NULL,6),(14,'2023-08-31 10:06:41.305097',NULL,1,'2023-08-31 10:39:17.161475',NULL,'Khu vực điện, điện lạnh',6),(15,'2023-08-31 10:39:17.156492',NULL,1,'2023-08-31 10:39:17.156492',NULL,NULL,6),(16,'2023-08-31 10:48:59.806130',NULL,1,'2023-08-31 10:50:29.800497',NULL,NULL,7),(17,'2023-08-31 10:50:29.798417',NULL,1,'2023-08-31 11:04:06.543917',NULL,'Khu vực sửa chung',7),(18,'2023-08-31 11:04:06.535796',NULL,1,'2023-08-31 11:10:31.370457',NULL,NULL,7),(19,'2023-08-31 11:10:31.364411',NULL,1,'2023-08-31 11:10:43.579803',NULL,'Khu vực gầm máy',7),(20,'2023-08-31 11:10:43.577806',NULL,1,'2023-08-31 11:10:59.158967',NULL,NULL,7),(21,'2023-08-31 11:10:59.156971',NULL,1,'2023-08-31 11:11:09.034378',NULL,'Khu vực điện, điện lạnh',7),(22,'2023-08-31 11:11:09.033384',NULL,1,'2023-08-31 11:54:26.284017',NULL,NULL,7);
/*!40000 ALTER TABLE `order_service_current_service_areas` ENABLE KEYS */;
UNLOCK TABLES;

--
-- Table structure for table `repair_item_accessories`
--

DROP TABLE IF EXISTS `repair_item_accessories`;
/*!40101 SET @saved_cs_client     = @@character_set_client */;
/*!50503 SET character_set_client = utf8mb4 */;
CREATE TABLE `repair_item_accessories` (
  `id` bigint NOT NULL AUTO_INCREMENT,
  `accessory_id` bigint DEFAULT NULL,
  `repair_item_id` bigint DEFAULT NULL,
  `accessory_quantity` decimal(10,2) NOT NULL,
  PRIMARY KEY (`id`),
  UNIQUE KEY `UK_repair_item_accessory` (`repair_item_id`,`accessory_id`),
  KEY `FK5ucsmiw7c26ol8ny7ptojsesf` (`accessory_id`),
  CONSTRAINT `FK5ucsmiw7c26ol8ny7ptojsesf` FOREIGN KEY (`accessory_id`) REFERENCES `accessories` (`id`),
  CONSTRAINT `FK82kk5i5nmbt0fygec6vnc8gil` FOREIGN KEY (`repair_item_id`) REFERENCES `repair_items` (`id`)
) ENGINE=InnoDB AUTO_INCREMENT=270 DEFAULT CHARSET=utf8mb4 COLLATE=utf8mb4_0900_ai_ci;
/*!40101 SET character_set_client = @saved_cs_client */;

--
-- Dumping data for table `repair_item_accessories`
--

LOCK TABLES `repair_item_accessories` WRITE;
/*!40000 ALTER TABLE `repair_item_accessories` DISABLE KEYS */;
INSERT INTO `repair_item_accessories` VALUES (1,46,1,1.00),(2,93,2,1.00),(3,711,2,1.00),(4,1002,2,1.00),(5,1101,2,1.00),(6,1102,2,1.00),(7,1109,2,1.00),(8,1110,2,1.00),(9,1169,2,1.00),(10,1309,2,1.00),(11,279,3,1.00),(12,427,3,1.00),(13,430,3,1.00),(14,521,3,1.00),(15,1060,3,1.00),(16,573,4,1.00),(17,1855,4,1.00),(18,433,5,1.00),(19,447,5,1.00),(20,641,5,1.00),(21,642,5,1.00),(22,643,5,1.00),(23,644,5,1.00),(24,651,5,1.00),(25,652,5,1.00),(26,654,5,1.00),(27,656,5,1.00),(28,657,5,1.00),(29,660,5,1.00),(30,661,5,1.00),(31,663,5,1.00),(32,44,6,1.00),(33,881,6,1.00),(34,882,6,1.00),(35,44,7,1.00),(36,46,7,1.00),(37,139,7,1.00),(38,19,8,1.00),(39,308,8,1.00),(40,364,8,1.00),(41,403,8,1.00),(42,20,9,1.00),(43,21,9,1.00),(44,528,9,1.00),(45,870,9,1.00),(46,967,9,1.00),(47,1473,9,1.00),(48,1488,9,1.00),(49,1489,9,1.00),(50,41,10,1.00),(51,573,10,1.00),(52,650,10,1.00),(53,26,11,1.00),(54,1107,11,1.00),(55,278,12,1.00),(56,1856,12,1.00),(57,459,13,1.00),(58,528,14,1.00),(59,423,15,1.00),(60,424,15,1.00),(61,435,15,1.00),(62,782,15,1.00),(63,831,15,1.00),(64,832,15,1.00),(65,834,15,1.00),(66,835,15,1.00),(67,1109,16,1.00),(68,1110,16,1.00),(69,411,17,1.00),(70,413,17,1.00),(71,1109,17,1.00),(72,166,31,1.00),(77,149,21,1.00),(78,1,24,1.00),(79,617,25,1.00),(80,1857,28,1.00),(81,1860,28,1.00),(82,768,31,1.00),(83,769,31,1.00),(84,770,31,1.00),(85,771,31,1.00),(86,795,36,1.00),(87,796,36,1.00),(88,794,38,1.00),(89,797,38,1.00),(90,798,38,1.00),(91,802,38,1.00),(92,1875,40,1.00),(93,1876,40,1.00),(94,1877,40,1.00),(95,1878,40,1.00),(96,1879,40,1.00),(97,1880,40,1.00),(98,1875,41,1.00),(99,1876,41,1.00),(100,1877,41,1.00),(101,1878,41,1.00),(102,1879,41,1.00),(103,1880,41,1.00),(104,1875,42,1.00),(105,1876,42,1.00),(106,1877,42,1.00),(107,1878,42,1.00),(108,1879,43,1.00),(109,1880,43,1.00),(110,1875,44,1.00),(111,1876,44,1.00),(112,1877,44,1.00),(113,1878,44,1.00),(114,1879,44,1.00),(115,1880,44,1.00),(116,1875,45,1.00),(117,1876,45,1.00),(118,1877,45,1.00),(119,1878,45,1.00),(120,1879,45,1.00),(121,1880,45,1.00),(122,1875,46,1.00),(123,1876,46,1.00),(124,1877,46,1.00),(125,1878,46,1.00),(126,1879,46,1.00),(127,1880,46,1.00),(128,1875,47,1.00),(129,1876,47,1.00),(130,1877,47,1.00),(131,1878,47,1.00),(132,1879,47,1.00),(133,1880,47,1.00),(236,1865,29,1.00),(237,1866,29,1.00),(238,1055,30,1.00),(239,339,30,1.00),(240,327,33,1.00),(241,152,34,1.00),(242,28,35,1.00),(243,166,18,1.00),(244,1871,19,1.00),(245,1872,20,1.00),(246,787,21,1.00),(247,1043,21,1.00),(248,1872,22,1.00),(249,1873,23,1.00),(250,134,26,1.00),(251,11,37,1.00),(252,1875,48,1.00),(253,1876,48,1.00),(254,1877,48,1.00),(255,1878,48,1.00),(256,1879,48,1.00),(257,1880,48,1.00),(258,1875,49,1.00),(259,1876,49,1.00),(260,1877,49,1.00),(261,1878,49,1.00),(262,1879,49,1.00),(263,1880,49,1.00),(264,1875,50,1.00),(265,1876,50,1.00),(266,1877,50,1.00),(267,1878,50,1.00),(268,1879,50,1.00),(269,1880,50,1.00);
/*!40000 ALTER TABLE `repair_item_accessories` ENABLE KEYS */;
UNLOCK TABLES;

--
-- Table structure for table `repair_items`
--

DROP TABLE IF EXISTS `repair_items`;
/*!40101 SET @saved_cs_client     = @@character_set_client */;
/*!50503 SET character_set_client = utf8mb4 */;
CREATE TABLE `repair_items` (
  `id` bigint NOT NULL AUTO_INCREMENT,
  `created_at` datetime(6) DEFAULT NULL,
  `created_by` varchar(255) DEFAULT NULL,
  `deleted` tinyint(1) DEFAULT '0',
  `updated_at` datetime(6) DEFAULT NULL,
  `updated_by` varchar(255) DEFAULT NULL,
  `code` varchar(255) NOT NULL,
  `title` varchar(255) NOT NULL,
  `service_area_id` bigint NOT NULL,
  PRIMARY KEY (`id`),
  KEY `FKc98rkgc4jgvxgqx9vv92w3l3n` (`service_area_id`),
  CONSTRAINT `FKc98rkgc4jgvxgqx9vv92w3l3n` FOREIGN KEY (`service_area_id`) REFERENCES `service_area` (`id`)
) ENGINE=InnoDB AUTO_INCREMENT=51 DEFAULT CHARSET=utf8mb4 COLLATE=utf8mb4_0900_ai_ci;
/*!40101 SET character_set_client = @saved_cs_client */;

--
-- Dumping data for table `repair_items`
--

LOCK TABLES `repair_items` WRITE;
/*!40000 ALTER TABLE `repair_items` DISABLE KEYS */;
INSERT INTO `repair_items` VALUES (1,NULL,NULL,0,NULL,NULL,'GMGĐ','Đèn cảnh báo trên bảng táp lô',4),(2,NULL,NULL,0,NULL,NULL,'GMGĐ','Hệ thống điều hòa và âm thanh (nhạc, bluetooth, GPS, Còi)',4),(3,NULL,NULL,0,NULL,NULL,'GMGĐ','Cơ cấu nâng hạ ghế bằng tay, điều chỉnh ghế điện (nếu có). Dây đai an toàn',4),(4,NULL,NULL,0,NULL,NULL,'GMGĐ','Bộ phun nước rửa kính, cần gạt nước trước, sau (nếu có)',2),(5,NULL,NULL,0,NULL,NULL,'GMGĐ','Hệ thống đèn lái phía trước, sau, sương mù, xi nhan',4),(6,NULL,NULL,0,NULL,NULL,'GMGĐ','Đèn pha tự động, điều chỉnh độ cao đèn pha, điều chỉnh đèn pha theo góc lái AFS',4),(7,NULL,NULL,0,NULL,NULL,'GMGĐ','Công tắc đèn trần, nâng hạ vô lăng, lên kính, gương chiếu hậu',4),(8,NULL,NULL,0,NULL,NULL,'GMGĐ','Hoạt động cần số, phanh tay, hoạt động bàn đạp chân ly hợp đối với (hộp số MT), chân phanh',2),(9,NULL,NULL,0,NULL,NULL,'GMGĐ','Đóng/mở bình xăng, cốp xe, cửa xe',2),(10,NULL,NULL,0,NULL,NULL,'GMGĐ','Cần gạt mưa phía sau (nếu có). Đèn lái phía sau',2),(11,NULL,NULL,0,NULL,NULL,'GMGĐ','Lọc gió động cơ',2),(12,NULL,NULL,0,NULL,NULL,'GMGĐ','Dầu đọng cơ',2),(13,NULL,NULL,0,NULL,NULL,'GMGĐ','Lọc dầu động cơ',2),(14,NULL,NULL,0,NULL,NULL,'GMGĐ','Lọc nhiên liệu',2),(15,NULL,NULL,0,NULL,NULL,'GMGĐ','Nắp bình nhiên liệu, đường ống nhiên liệu, khớp nối và van điều khiển hơi nhiên liệu',2),(16,NULL,NULL,0,NULL,NULL,'GMGĐ','Lọc gió điều hòa',4),(17,NULL,NULL,0,NULL,NULL,'GMGĐ','Hệ thống điều hòa và sưởi ấm (Chế độ lạnh và sưởi, tình trạng đường ống, độ kín khít tại các đầu nối, Mức gas điều hòa)',4),(18,NULL,NULL,0,NULL,NULL,'GMGĐ','Đai truyền động (Sức căng, cơ cấu tăng đai, tình trạng dây đai)',2),(19,NULL,NULL,0,NULL,NULL,'GMGĐ','Mức dầu phanh',2),(20,NULL,NULL,0,NULL,NULL,'GMGĐ','Mức dầu ly hợp',2),(21,NULL,NULL,0,NULL,NULL,'GMGĐ','Hệ thống làm mát động cơ (Nắp két nước, tình trạng két nước và các đường ống)',4),(22,NULL,NULL,0,NULL,NULL,'GMGĐ','Mức nước làm mát',4),(23,NULL,NULL,0,NULL,NULL,'GMGĐ','Mức nước rửa kính',2),(24,NULL,NULL,0,NULL,NULL,'GMGĐ','Ắc quy (Mức dung dịch, tình trạng điện cực, tình trạng ắc quy, hệ thống sạch kiểm tra bằng máy)',4),(25,NULL,NULL,0,NULL,NULL,'GMGĐ','Mức dầu trợ lực lái và trình trạng đường ống',2),(26,NULL,NULL,0,NULL,NULL,'GMGĐ','Bugi thường (Bugi bạch kim thay thế mức 80K)',2),(27,NULL,NULL,0,NULL,NULL,'GMGĐ','Hoạt động vô lăng. Các thanh dẫn động cơ cấu lái',2),(28,NULL,NULL,0,NULL,NULL,'GMGĐ','Dầu hộp số thường, hộp số phụ (BT-50) (Dầu hộp số tự động thay thế mức 100k)',3),(29,NULL,NULL,0,NULL,NULL,'GMGĐ','Dầu cầu, vi sai',3),(30,NULL,NULL,0,NULL,NULL,'GMGĐ','Khớ cầu và các cao su che bụi',3),(31,NULL,NULL,0,NULL,NULL,'GMGĐ','Hệ thống treo trước và sau',3),(32,NULL,NULL,0,NULL,NULL,'GMGĐ','Áp suất lốp, tình trạng lốp, tình trạng mòn lốp (Mln = 1,6 mm)',3),(33,NULL,NULL,0,NULL,NULL,'GMGĐ','Cao su che bụi bán trục',3),(34,NULL,NULL,0,NULL,NULL,'GMGĐ','Đĩa phanh và má phanh. Kiểm tra độ dày má phanh (trước trái .../2 mm, trước phải .../2 mm, sau trái .../2 mm, sau phải .../2 mm)',3),(35,NULL,NULL,0,NULL,NULL,'GMGĐ','Trống phanh và guốc phanh. Kiểm tra độ dày guốc phanh (Sau trái .../1 mm, sau phải .../1 mm)',3),(36,NULL,NULL,0,NULL,NULL,'GMGĐ','Đường ống dầu phanh',3),(37,NULL,NULL,0,NULL,NULL,'GMGĐ','Độ rơ bạch đạn bánh xe. Độ rơ rotuyn lái trong. Độ rơ thước tay lái, rotuyn trụ',3),(38,NULL,NULL,0,NULL,NULL,'GMGĐ','Các ốc gầm và ốc lốp',3),(39,NULL,NULL,0,NULL,NULL,'GMGĐ','Sự rò rỉ nhiên liệu dầu và hư hỏng dưới gầm xe',3),(40,NULL,NULL,0,NULL,NULL,'DS','Sơn góc padershock',1),(41,NULL,NULL,0,NULL,NULL,'DS','Sơn nẹp cửa',1),(42,NULL,NULL,0,NULL,NULL,'DS','Sơn ốp phồng',1),(43,NULL,NULL,0,NULL,NULL,'DS','Gò sơn babule (TH móp nhẹ thi công gò từ 1-2h)',1),(44,NULL,NULL,0,NULL,NULL,'DS','Sơn la răng',1),(45,NULL,NULL,0,NULL,NULL,'DS','Sơn ốp gương',1),(46,NULL,NULL,0,NULL,NULL,'DS','Sơn chống ồn gầm xe Sedan, Hatback',1),(47,NULL,NULL,0,NULL,NULL,'DS','Sơn chống ồn gầm xe Crossover, SUV',1),(48,NULL,NULL,0,NULL,NULL,'DS','Gò sơn đại tu xe 04 Sedan, hatback, koup',1),(49,NULL,NULL,0,NULL,NULL,'DS','Gò sơn đại tu xe Crossover, SUV',1),(50,NULL,NULL,0,NULL,NULL,'DS','Sơn quây xe Crossover, SUV',1);
/*!40000 ALTER TABLE `repair_items` ENABLE KEYS */;
UNLOCK TABLES;

--
-- Table structure for table `service_area`
--

DROP TABLE IF EXISTS `service_area`;
/*!40101 SET @saved_cs_client     = @@character_set_client */;
/*!50503 SET character_set_client = utf8mb4 */;
CREATE TABLE `service_area` (
  `id` bigint NOT NULL AUTO_INCREMENT,
  `created_at` datetime(6) DEFAULT NULL,
  `created_by` varchar(255) DEFAULT NULL,
  `deleted` tinyint(1) DEFAULT '0',
  `updated_at` datetime(6) DEFAULT NULL,
  `updated_by` varchar(255) DEFAULT NULL,
  `capacity` bigint NOT NULL,
  `current_capacity` bigint NOT NULL DEFAULT '0',
  `name` varchar(255) NOT NULL,
  `status_name` varchar(50) DEFAULT NULL,
  PRIMARY KEY (`id`)
) ENGINE=InnoDB AUTO_INCREMENT=6 DEFAULT CHARSET=utf8mb4 COLLATE=utf8mb4_0900_ai_ci;
/*!40101 SET character_set_client = @saved_cs_client */;

--
-- Dumping data for table `service_area`
--

LOCK TABLES `service_area` WRITE;
/*!40000 ALTER TABLE `service_area` DISABLE KEYS */;
INSERT INTO `service_area` VALUES (1,NULL,NULL,0,NULL,NULL,5,0,'Khu vực đồng sơn','STATUS_FREE'),(2,NULL,NULL,0,'2023-08-31 11:04:06.536791',NULL,5,0,'Khu vực sửa chung','STATUS_FREE'),(3,NULL,NULL,0,'2023-08-31 11:10:43.576810',NULL,5,0,'Khu vực gầm máy','STATUS_FREE'),(4,NULL,NULL,0,'2023-08-31 11:11:09.031390',NULL,5,0,'Khu vực điện, điện lạnh','STATUS_FREE'),(5,NULL,NULL,0,NULL,NULL,5,0,'Khu vực rửa xe','STATUS_FREE');
/*!40000 ALTER TABLE `service_area` ENABLE KEYS */;
UNLOCK TABLES;

--
-- Table structure for table `staff_avatar`
--

DROP TABLE IF EXISTS `staff_avatar`;
/*!40101 SET @saved_cs_client     = @@character_set_client */;
/*!50503 SET character_set_client = utf8mb4 */;
CREATE TABLE `staff_avatar` (
  `id` varchar(255) NOT NULL,
  `created_at` datetime(6) DEFAULT NULL,
  `created_by` varchar(255) DEFAULT NULL,
  `deleted` tinyint(1) DEFAULT '0',
  `updated_at` datetime(6) DEFAULT NULL,
  `updated_by` varchar(255) DEFAULT NULL,
  `cloud_id` varchar(255) DEFAULT NULL,
  `file_folder` varchar(255) DEFAULT NULL,
  `file_name` varchar(255) DEFAULT NULL,
  `file_type` varchar(255) DEFAULT NULL,
  `file_url` varchar(255) DEFAULT NULL,
  `height` int DEFAULT NULL,
  `width` int DEFAULT NULL,
  `staff_id` varchar(255) NOT NULL,
  PRIMARY KEY (`id`),
  KEY `FKrvb1osu4o9qkoyecmx5b2dlbk` (`staff_id`),
  CONSTRAINT `FKrvb1osu4o9qkoyecmx5b2dlbk` FOREIGN KEY (`staff_id`) REFERENCES `staffs` (`id`)
) ENGINE=InnoDB DEFAULT CHARSET=utf8mb4 COLLATE=utf8mb4_0900_ai_ci;
/*!40101 SET character_set_client = @saved_cs_client */;

--
-- Dumping data for table `staff_avatar`
--

LOCK TABLES `staff_avatar` WRITE;
/*!40000 ALTER TABLE `staff_avatar` DISABLE KEYS */;
INSERT INTO `staff_avatar` VALUES ('0750838d-a273-4448-9612-155c2190d271','2023-08-28 14:55:17.704348',NULL,0,'2023-08-28 14:55:17.712323',NULL,'toyota_car/staff_avatar/0750838d-a273-4448-9612-155c2190d271','toyota_car/staff_avatar','0750838d-a273-4448-9612-155c2190d271.png',NULL,'https://res.cloudinary.com/dev-share/image/upload/v1693209312/toyota_car/staff_avatar/0750838d-a273-4448-9612-155c2190d271.png',NULL,NULL,'062eb11f-ee41-4fde-8f40-3f721b6732b7'),('270b468a-6e2e-45b2-ab20-0c002548f17c','2023-08-28 14:56:42.864215',NULL,0,'2023-08-28 14:56:42.865551',NULL,'toyota_car/staff_avatar/270b468a-6e2e-45b2-ab20-0c002548f17c','toyota_car/staff_avatar','270b468a-6e2e-45b2-ab20-0c002548f17c.png',NULL,'https://res.cloudinary.com/dev-share/image/upload/v1693209398/toyota_car/staff_avatar/270b468a-6e2e-45b2-ab20-0c002548f17c.png',NULL,NULL,'9831b0d6-fb30-408e-afd9-6371e6f472ac'),('678bf3f9-c851-40b4-8407-5e2b3290d300','2023-08-28 14:59:36.577239',NULL,0,'2023-08-28 14:59:36.579232',NULL,'toyota_car/staff_avatar/678bf3f9-c851-40b4-8407-5e2b3290d300','toyota_car/staff_avatar','678bf3f9-c851-40b4-8407-5e2b3290d300.png',NULL,'https://res.cloudinary.com/dev-share/image/upload/v1693209571/toyota_car/staff_avatar/678bf3f9-c851-40b4-8407-5e2b3290d300.png',NULL,NULL,'88297a69-a5b3-4c83-a9f3-d0c826082452'),('bf8aac01-5893-43b4-bcb1-cb632d7479e3','2023-08-28 14:58:43.082716',NULL,0,'2023-08-28 14:58:43.085216',NULL,'toyota_car/staff_avatar/bf8aac01-5893-43b4-bcb1-cb632d7479e3','toyota_car/staff_avatar','bf8aac01-5893-43b4-bcb1-cb632d7479e3.png',NULL,'https://res.cloudinary.com/dev-share/image/upload/v1693209518/toyota_car/staff_avatar/bf8aac01-5893-43b4-bcb1-cb632d7479e3.png',NULL,NULL,'67591df2-f2c3-4666-bc25-bda1b2d16d7a'),('fc1cb435-9925-4db2-97ce-f38208dc1e05','2023-08-28 14:57:56.533755',NULL,0,'2023-08-28 14:57:56.537745',NULL,'toyota_car/staff_avatar/fc1cb435-9925-4db2-97ce-f38208dc1e05','toyota_car/staff_avatar','fc1cb435-9925-4db2-97ce-f38208dc1e05.png',NULL,'https://res.cloudinary.com/dev-share/image/upload/v1693209472/toyota_car/staff_avatar/fc1cb435-9925-4db2-97ce-f38208dc1e05.png',NULL,NULL,'9c419d49-9329-49a8-8390-1c3cb617bbb3');
/*!40000 ALTER TABLE `staff_avatar` ENABLE KEYS */;
UNLOCK TABLES;

--
-- Table structure for table `staff_location`
--

DROP TABLE IF EXISTS `staff_location`;
/*!40101 SET @saved_cs_client     = @@character_set_client */;
/*!50503 SET character_set_client = utf8mb4 */;
CREATE TABLE `staff_location` (
  `id` bigint NOT NULL AUTO_INCREMENT,
  `created_at` datetime(6) DEFAULT NULL,
  `created_by` varchar(255) DEFAULT NULL,
  `deleted` tinyint(1) DEFAULT '0',
  `updated_at` datetime(6) DEFAULT NULL,
  `updated_by` varchar(255) DEFAULT NULL,
  `address` varchar(255) DEFAULT NULL,
  `district_id` varchar(255) NOT NULL,
  `district_name` varchar(255) NOT NULL,
  `province_id` varchar(255) NOT NULL,
  `province_name` varchar(255) NOT NULL,
  `ward_id` varchar(255) NOT NULL,
  `ward_name` varchar(255) NOT NULL,
  PRIMARY KEY (`id`)
) ENGINE=InnoDB AUTO_INCREMENT=6 DEFAULT CHARSET=utf8mb4 COLLATE=utf8mb4_0900_ai_ci;
/*!40101 SET character_set_client = @saved_cs_client */;

--
-- Dumping data for table `staff_location`
--

LOCK TABLES `staff_location` WRITE;
/*!40000 ALTER TABLE `staff_location` DISABLE KEYS */;
INSERT INTO `staff_location` VALUES (1,'2023-08-28 14:55:11.006249',NULL,0,'2023-08-28 14:55:11.006249',NULL,'28 Nguyễn Tri Phương','46','Tỉnh Thừa Thiên Huế','474','Thành phố Huế','19789','Phường Phú Nhuận'),(2,'2023-08-28 14:56:37.120509',NULL,0,'2023-08-28 14:56:37.120509',NULL,'28 Nguyễn Tri Phương','46','Tỉnh Thừa Thiên Huế','474','Thành phố Huế','19789','Phường Phú Nhuận'),(3,'2023-08-28 14:57:51.252979',NULL,0,'2023-08-28 14:57:51.252979',NULL,'30 Nguyễn Tri Phương','46','Tỉnh Thừa Thiên Huế','474','Thành phố Huế','19789','Phường Phú Nhuận'),(4,'2023-08-28 14:58:37.291456',NULL,0,'2023-08-28 14:58:37.291456',NULL,'32 Nguyễn Tri Phương','46','Tỉnh Thừa Thiên Huế','474','Thành phố Huế','19789','Phường Phú Nhuận'),(5,'2023-08-28 14:59:30.855045',NULL,0,'2023-08-28 14:59:30.855045',NULL,'34 Nguyễn Tri Phương','46','Tỉnh Thừa Thiên Huế','474','Thành phố Huế','19789','Phường Phú Nhuận');
/*!40000 ALTER TABLE `staff_location` ENABLE KEYS */;
UNLOCK TABLES;

--
-- Table structure for table `staff_service_area`
--

DROP TABLE IF EXISTS `staff_service_area`;
/*!40101 SET @saved_cs_client     = @@character_set_client */;
/*!50503 SET character_set_client = utf8mb4 */;
CREATE TABLE `staff_service_area` (
  `id` bigint NOT NULL AUTO_INCREMENT,
  `service_area_id` bigint NOT NULL,
  `staff_id` varchar(255) NOT NULL,
  PRIMARY KEY (`id`),
  UNIQUE KEY `UK_staff_service_area` (`staff_id`,`service_area_id`),
  KEY `FKal7859858sawijntfui88fm8w` (`service_area_id`),
  CONSTRAINT `FKal7859858sawijntfui88fm8w` FOREIGN KEY (`service_area_id`) REFERENCES `service_area` (`id`),
  CONSTRAINT `FKdbnfq0aw0e394p0jq0hhvj89e` FOREIGN KEY (`staff_id`) REFERENCES `staffs` (`id`)
) ENGINE=InnoDB DEFAULT CHARSET=utf8mb4 COLLATE=utf8mb4_0900_ai_ci;
/*!40101 SET character_set_client = @saved_cs_client */;

--
-- Dumping data for table `staff_service_area`
--

LOCK TABLES `staff_service_area` WRITE;
/*!40000 ALTER TABLE `staff_service_area` DISABLE KEYS */;
/*!40000 ALTER TABLE `staff_service_area` ENABLE KEYS */;
UNLOCK TABLES;

--
-- Table structure for table `staffs`
--

DROP TABLE IF EXISTS `staffs`;
/*!40101 SET @saved_cs_client     = @@character_set_client */;
/*!50503 SET character_set_client = utf8mb4 */;
CREATE TABLE `staffs` (
  `id` varchar(255) NOT NULL,
  `created_at` datetime(6) DEFAULT NULL,
  `created_by` varchar(255) DEFAULT NULL,
  `deleted` tinyint(1) DEFAULT '0',
  `updated_at` datetime(6) DEFAULT NULL,
  `updated_by` varchar(255) DEFAULT NULL,
  `dob` date DEFAULT NULL,
  `email` varchar(255) DEFAULT NULL,
  `full_name` varchar(255) NOT NULL,
  `identification_number` varchar(255) NOT NULL,
  `phone` varchar(255) DEFAULT NULL,
  `staff_location_id` bigint NOT NULL,
  `user_id` varchar(255) DEFAULT NULL,
  PRIMARY KEY (`id`),
  KEY `FKarrou0rkxqq7i4mloq3ksthw` (`staff_location_id`),
  KEY `FKamgwfug55gkfkjidp88wyaj37` (`user_id`),
  CONSTRAINT `FKamgwfug55gkfkjidp88wyaj37` FOREIGN KEY (`user_id`) REFERENCES `users` (`id`),
  CONSTRAINT `FKarrou0rkxqq7i4mloq3ksthw` FOREIGN KEY (`staff_location_id`) REFERENCES `staff_location` (`id`)
) ENGINE=InnoDB DEFAULT CHARSET=utf8mb4 COLLATE=utf8mb4_0900_ai_ci;
/*!40101 SET character_set_client = @saved_cs_client */;

--
-- Dumping data for table `staffs`
--

LOCK TABLES `staffs` WRITE;
/*!40000 ALTER TABLE `staffs` DISABLE KEYS */;
INSERT INTO `staffs` VALUES ('062eb11f-ee41-4fde-8f40-3f721b6732b7','2023-08-28 14:55:17.691805',NULL,0,'2023-08-28 14:55:17.691805',NULL,'1989-01-01','bcbm@gmail.com','Bùi Công Bình Minh','123123123123','0899878910',1,'5efeccd6-0d8c-43de-8f52-de43b770d13a'),('67591df2-f2c3-4666-bc25-bda1b2d16d7a','2023-08-28 14:58:43.081695',NULL,0,'2023-08-28 14:58:43.081695',NULL,'1994-01-01','nva@gmail.com','Nguyễn Văn A','456456456456','0899234567',4,'acb66406-3a73-488c-bcd7-ff5fe7ce0636'),('88297a69-a5b3-4c83-a9f3-d0c826082452','2023-08-28 14:59:36.576248',NULL,0,'2023-08-28 14:59:36.576248',NULL,'2000-01-01','hahoaian@gmail.com','Hà Hoài An','567567567567','0899345678',5,'49fbce1c-b7bd-4530-8444-bbee95afac42'),('9831b0d6-fb30-408e-afd9-6371e6f472ac','2023-08-28 14:56:42.862226',NULL,0,'2023-08-28 14:56:42.862226',NULL,'1994-01-01','hacongbang174@gmail.com','Hà Công Bằng','234234234234','0932555266',2,'fda62a79-77f0-4862-910e-178281067120'),('9c419d49-9329-49a8-8390-1c3cb617bbb3','2023-08-28 14:57:56.531760',NULL,0,'2023-08-28 14:57:56.531760',NULL,'1992-01-01','psn@gmail.com','Phạm Sinh Nhật','345345345345','0899123456',3,'e6e03d00-43c9-41e4-ba8d-303618a78ad6');
/*!40000 ALTER TABLE `staffs` ENABLE KEYS */;
UNLOCK TABLES;

--
-- Table structure for table `supplier_info`
--

DROP TABLE IF EXISTS `supplier_info`;
/*!40101 SET @saved_cs_client     = @@character_set_client */;
/*!50503 SET character_set_client = utf8mb4 */;
CREATE TABLE `supplier_info` (
  `id` bigint NOT NULL AUTO_INCREMENT,
  `created_at` datetime(6) DEFAULT NULL,
  `created_by` varchar(255) DEFAULT NULL,
  `deleted` tinyint(1) DEFAULT '0',
  `updated_at` datetime(6) DEFAULT NULL,
  `updated_by` varchar(255) DEFAULT NULL,
  `accessory_name` varchar(255) NOT NULL,
  `supplier_id` bigint NOT NULL,
  PRIMARY KEY (`id`),
  KEY `FKd0ki9ckuinghhq8u27c24xql4` (`supplier_id`),
  CONSTRAINT `FKd0ki9ckuinghhq8u27c24xql4` FOREIGN KEY (`supplier_id`) REFERENCES `suppliers` (`id`)
) ENGINE=InnoDB DEFAULT CHARSET=utf8mb4 COLLATE=utf8mb4_0900_ai_ci;
/*!40101 SET character_set_client = @saved_cs_client */;

--
-- Dumping data for table `supplier_info`
--

LOCK TABLES `supplier_info` WRITE;
/*!40000 ALTER TABLE `supplier_info` DISABLE KEYS */;
/*!40000 ALTER TABLE `supplier_info` ENABLE KEYS */;
UNLOCK TABLES;

--
-- Table structure for table `supplier_location`
--

DROP TABLE IF EXISTS `supplier_location`;
/*!40101 SET @saved_cs_client     = @@character_set_client */;
/*!50503 SET character_set_client = utf8mb4 */;
CREATE TABLE `supplier_location` (
  `id` bigint NOT NULL AUTO_INCREMENT,
  `address` varchar(255) DEFAULT NULL,
  `district_id` varchar(255) NOT NULL,
  `district_name` varchar(255) NOT NULL,
  `province_id` varchar(255) NOT NULL,
  `province_name` varchar(255) NOT NULL,
  `ward_id` varchar(255) NOT NULL,
  `ward_name` varchar(255) NOT NULL,
  PRIMARY KEY (`id`)
) ENGINE=InnoDB DEFAULT CHARSET=utf8mb4 COLLATE=utf8mb4_0900_ai_ci;
/*!40101 SET character_set_client = @saved_cs_client */;

--
-- Dumping data for table `supplier_location`
--

LOCK TABLES `supplier_location` WRITE;
/*!40000 ALTER TABLE `supplier_location` DISABLE KEYS */;
/*!40000 ALTER TABLE `supplier_location` ENABLE KEYS */;
UNLOCK TABLES;

--
-- Table structure for table `supplier_order`
--

DROP TABLE IF EXISTS `supplier_order`;
/*!40101 SET @saved_cs_client     = @@character_set_client */;
/*!50503 SET character_set_client = utf8mb4 */;
CREATE TABLE `supplier_order` (
  `id` bigint NOT NULL AUTO_INCREMENT,
  `created_at` datetime(6) DEFAULT NULL,
  `created_by` varchar(255) DEFAULT NULL,
  `deleted` tinyint(1) DEFAULT '0',
  `updated_at` datetime(6) DEFAULT NULL,
  `updated_by` varchar(255) DEFAULT NULL,
  `total_amount` decimal(19,2) NOT NULL,
  `supplier_id` bigint DEFAULT NULL,
  PRIMARY KEY (`id`),
  KEY `FKkg65expaclosknak3cj318y5q` (`supplier_id`),
  CONSTRAINT `FKkg65expaclosknak3cj318y5q` FOREIGN KEY (`supplier_id`) REFERENCES `suppliers` (`id`)
) ENGINE=InnoDB DEFAULT CHARSET=utf8mb4 COLLATE=utf8mb4_0900_ai_ci;
/*!40101 SET character_set_client = @saved_cs_client */;

--
-- Dumping data for table `supplier_order`
--

LOCK TABLES `supplier_order` WRITE;
/*!40000 ALTER TABLE `supplier_order` DISABLE KEYS */;
/*!40000 ALTER TABLE `supplier_order` ENABLE KEYS */;
UNLOCK TABLES;

--
-- Table structure for table `supplier_order_detail`
--

DROP TABLE IF EXISTS `supplier_order_detail`;
/*!40101 SET @saved_cs_client     = @@character_set_client */;
/*!50503 SET character_set_client = utf8mb4 */;
CREATE TABLE `supplier_order_detail` (
  `id` bigint NOT NULL AUTO_INCREMENT,
  `created_at` datetime(6) DEFAULT NULL,
  `created_by` varchar(255) DEFAULT NULL,
  `deleted` tinyint(1) DEFAULT '0',
  `updated_at` datetime(6) DEFAULT NULL,
  `updated_by` varchar(255) DEFAULT NULL,
  `accessory_name` varchar(255) NOT NULL,
  `price` decimal(19,2) NOT NULL,
  `quantity` bigint NOT NULL,
  `supplier_order_id` bigint NOT NULL,
  PRIMARY KEY (`id`),
  KEY `FKs3rgea8wn62pvbcalej1lkqp2` (`supplier_order_id`),
  CONSTRAINT `FKs3rgea8wn62pvbcalej1lkqp2` FOREIGN KEY (`supplier_order_id`) REFERENCES `supplier_order` (`id`)
) ENGINE=InnoDB DEFAULT CHARSET=utf8mb4 COLLATE=utf8mb4_0900_ai_ci;
/*!40101 SET character_set_client = @saved_cs_client */;

--
-- Dumping data for table `supplier_order_detail`
--

LOCK TABLES `supplier_order_detail` WRITE;
/*!40000 ALTER TABLE `supplier_order_detail` DISABLE KEYS */;
/*!40000 ALTER TABLE `supplier_order_detail` ENABLE KEYS */;
UNLOCK TABLES;

--
-- Table structure for table `suppliers`
--

DROP TABLE IF EXISTS `suppliers`;
/*!40101 SET @saved_cs_client     = @@character_set_client */;
/*!50503 SET character_set_client = utf8mb4 */;
CREATE TABLE `suppliers` (
  `id` bigint NOT NULL AUTO_INCREMENT,
  `created_at` datetime(6) DEFAULT NULL,
  `created_by` varchar(255) DEFAULT NULL,
  `deleted` tinyint(1) DEFAULT '0',
  `updated_at` datetime(6) DEFAULT NULL,
  `updated_by` varchar(255) DEFAULT NULL,
  `bank_number` bigint NOT NULL,
  `supplier_code` varchar(255) NOT NULL,
  `supplier_name` varchar(255) NOT NULL,
  `supplier_location_id` bigint NOT NULL,
  PRIMARY KEY (`id`),
  KEY `FKc32ismnehok3luxe6omtkbg9q` (`supplier_location_id`),
  CONSTRAINT `FKc32ismnehok3luxe6omtkbg9q` FOREIGN KEY (`supplier_location_id`) REFERENCES `supplier_location` (`id`)
) ENGINE=InnoDB DEFAULT CHARSET=utf8mb4 COLLATE=utf8mb4_0900_ai_ci;
/*!40101 SET character_set_client = @saved_cs_client */;

--
-- Dumping data for table `suppliers`
--

LOCK TABLES `suppliers` WRITE;
/*!40000 ALTER TABLE `suppliers` DISABLE KEYS */;
/*!40000 ALTER TABLE `suppliers` ENABLE KEYS */;
UNLOCK TABLES;

--
-- Table structure for table `user_role`
--

DROP TABLE IF EXISTS `user_role`;
/*!40101 SET @saved_cs_client     = @@character_set_client */;
/*!50503 SET character_set_client = utf8mb4 */;
CREATE TABLE `user_role` (
  `id` bigint NOT NULL AUTO_INCREMENT,
  `code` varchar(255) DEFAULT NULL,
  `name` varchar(50) DEFAULT NULL,
  PRIMARY KEY (`id`)
) ENGINE=InnoDB AUTO_INCREMENT=8 DEFAULT CHARSET=utf8mb4 COLLATE=utf8mb4_0900_ai_ci;
/*!40101 SET character_set_client = @saved_cs_client */;

--
-- Dumping data for table `user_role`
--

LOCK TABLES `user_role` WRITE;
/*!40000 ALTER TABLE `user_role` DISABLE KEYS */;
INSERT INTO `user_role` VALUES (1,'ADMIN','ROLE_ADMIN'),(2,'MANAGER','ROLE_MANAGER'),(3,'CASHIER','ROLE_CASHIER'),(4,'RECEPTION','ROLE_RECEPTION'),(5,'TECHNICAL','ROLE_TECHNICAL'),(6,'STOCKER','ROLE_STOCKER'),(7,'CUSTOMER','ROLE_CUSTOMER');
/*!40000 ALTER TABLE `user_role` ENABLE KEYS */;
UNLOCK TABLES;

--
-- Table structure for table `users`
--

DROP TABLE IF EXISTS `users`;
/*!40101 SET @saved_cs_client     = @@character_set_client */;
/*!50503 SET character_set_client = utf8mb4 */;
CREATE TABLE `users` (
  `id` varchar(255) NOT NULL,
  `created_at` datetime(6) DEFAULT NULL,
  `created_by` varchar(255) DEFAULT NULL,
  `deleted` tinyint(1) DEFAULT '0',
  `updated_at` datetime(6) DEFAULT NULL,
  `updated_by` varchar(255) DEFAULT NULL,
  `password` varchar(255) NOT NULL,
  `username` varchar(255) NOT NULL,
  `role_id` bigint NOT NULL,
  PRIMARY KEY (`id`),
  UNIQUE KEY `UK_r43af9ap4edm43mmtq01oddj6` (`username`),
  KEY `FKqjp6iwe2anthe5yx88fl0coan` (`role_id`),
  CONSTRAINT `FKqjp6iwe2anthe5yx88fl0coan` FOREIGN KEY (`role_id`) REFERENCES `user_role` (`id`)
) ENGINE=InnoDB DEFAULT CHARSET=utf8mb4 COLLATE=utf8mb4_0900_ai_ci;
/*!40101 SET character_set_client = @saved_cs_client */;

--
-- Dumping data for table `users`
--

LOCK TABLES `users` WRITE;
/*!40000 ALTER TABLE `users` DISABLE KEYS */;
INSERT INTO `users` VALUES ('08c6a684-369b-404b-ad8a-0488d904da37','2023-08-28 15:01:38.205442',NULL,0,'2023-08-28 15:01:38.205442',NULL,'$2a$10$UYXL6pIx/DXn/paHxA9sQeglMoLdqvknX7iV87fNhJqhsNpytTHy.','0932222222',7),('49fbce1c-b7bd-4530-8444-bbee95afac42','2023-08-28 14:59:30.854058',NULL,0,'2023-08-28 14:59:30.854058',NULL,'$2a$10$GC/QuqA.DuEwsDoK.z2x4.Q9G/pNuLxWdTLAxt8v2uyUhlJNjl0b.','0899345678',3),('55b563df-6e18-4281-9a36-90f90766e750','2023-08-28 15:00:54.185090',NULL,0,'2023-08-28 15:00:54.185090',NULL,'$2a$10$ZX22z3ZOFPb0H7K5eKZBbul.erU0TUJk8XKtxxTDpH9TjWdAepWMK','0932111111',7),('5efeccd6-0d8c-43de-8f52-de43b770d13a','2023-08-28 14:55:10.995752',NULL,0,'2023-08-28 14:55:10.995752',NULL,'$2a$10$Ii1e4QtwQFfyt9eJ1yTvY.0FSxxHbYQ1JNKSJeCpEyAQEL84LQLjC','0899878910',1),('a8832a6b-8ad6-45cf-9c85-ab944335f30e','2023-08-28 15:04:47.586000',NULL,0,'2023-08-28 15:04:47.586000',NULL,'$2a$10$RQuJUqj2SwXGRrJPEVchvuJKQOIR8dKKUTZNS9M.K9keNGfP6o9B6','0932555555',7),('acb66406-3a73-488c-bcd7-ff5fe7ce0636','2023-08-28 14:58:37.290459',NULL,0,'2023-08-28 14:58:37.290459',NULL,'$2a$10$MVyK/EdLdayYbW7YrL6FN.cQ44MZMVd8aQZcz/YlQC6TPbEQKm8CC','0899234567',5),('b6780f45-aea9-41c9-b881-28a584283d3c','2023-08-28 15:03:27.653609',NULL,0,'2023-08-28 15:03:27.653609',NULL,'$2a$10$aJMNcJVUAzOxZo.gtJ9ghuIj7xXy8vd/AqQbbmq/iREpIWyaGM19S','0932444444',7),('e6e03d00-43c9-41e4-ba8d-303618a78ad6','2023-08-28 14:57:51.251978',NULL,0,'2023-08-28 14:57:51.251978',NULL,'$2a$10$9pE7diW36rX6x5jxg5uyveSCN2WQP5pUqW5NcivvrElxQ1rXcdXu6','0899123456',4),('e8b5bd4f-47ff-496e-9238-d6ebfc6b87a2','2023-08-28 15:02:44.010831',NULL,0,'2023-08-28 15:02:44.010831',NULL,'$2a$10$aBBTDmlS0GMDtzCcMhhdC.BBkGGPnlI1HTT4tQswhRLIEj8dmrlKq','0932333333',7),('fda62a79-77f0-4862-910e-178281067120','2023-08-28 14:56:37.118520',NULL,0,'2023-08-28 14:56:37.118520',NULL,'$2a$10$KpnCcmpuJPcuZ4.bw3Bph.tfvuBGHxTuqmyvjlanzGF9lBJ7PAUi.','0932555266',1);
/*!40000 ALTER TABLE `users` ENABLE KEYS */;
UNLOCK TABLES;

--
-- Table structure for table `vehicles`
--

DROP TABLE IF EXISTS `vehicles`;
/*!40101 SET @saved_cs_client     = @@character_set_client */;
/*!50503 SET character_set_client = utf8mb4 */;
CREATE TABLE `vehicles` (
  `id` bigint NOT NULL AUTO_INCREMENT,
  `created_at` datetime(6) DEFAULT NULL,
  `created_by` varchar(255) DEFAULT NULL,
  `deleted` tinyint(1) DEFAULT '0',
  `updated_at` datetime(6) DEFAULT NULL,
  `updated_by` varchar(255) DEFAULT NULL,
  `model_code` varchar(50) NOT NULL,
  `name` varchar(255) NOT NULL,
  PRIMARY KEY (`id`)
) ENGINE=InnoDB AUTO_INCREMENT=16 DEFAULT CHARSET=utf8mb4 COLLATE=utf8mb4_0900_ai_ci;
/*!40101 SET character_set_client = @saved_cs_client */;

--
-- Dumping data for table `vehicles`
--

LOCK TABLES `vehicles` WRITE;
/*!40000 ALTER TABLE `vehicles` DISABLE KEYS */;
INSERT INTO `vehicles` VALUES (1,NULL,NULL,0,NULL,NULL,'MODEL_MPV','Alphard'),(2,NULL,NULL,0,NULL,NULL,'MODEL_SEDAN','Camry'),(3,NULL,NULL,0,NULL,NULL,'MODEL_SEDAN','Corolla Altis'),(4,NULL,NULL,0,NULL,NULL,'MODEL_SUV','Corolla Cross'),(5,NULL,NULL,0,NULL,NULL,'MODEL_SUV','Fortuner'),(6,NULL,NULL,0,NULL,NULL,'MODEL_PICKUP_TRUCK','Hilux'),(7,NULL,NULL,0,NULL,NULL,'MODEL_MPV','Innova'),(8,NULL,NULL,0,NULL,NULL,'MODEL_SUV','Land Cruiser'),(9,NULL,NULL,0,NULL,NULL,'MODEL_SUV','Land Cruiser Prado'),(10,NULL,NULL,0,NULL,NULL,'MODEL_SUV','Raize'),(11,NULL,NULL,0,NULL,NULL,'MODEL_SEDAN','Vios'),(12,NULL,NULL,0,NULL,NULL,'MODEL_HATCHBACK','Wigo'),(13,NULL,NULL,0,NULL,NULL,'MODEL_HATCHBACK','Yaris'),(14,NULL,NULL,0,NULL,NULL,'MODEL_MPV','Avanza Premio'),(15,NULL,NULL,0,NULL,NULL,'MODEL_MPV','Veloz Cross');
/*!40000 ALTER TABLE `vehicles` ENABLE KEYS */;
UNLOCK TABLES;
/*!40103 SET TIME_ZONE=@OLD_TIME_ZONE */;

/*!40101 SET SQL_MODE=@OLD_SQL_MODE */;
/*!40014 SET FOREIGN_KEY_CHECKS=@OLD_FOREIGN_KEY_CHECKS */;
/*!40014 SET UNIQUE_CHECKS=@OLD_UNIQUE_CHECKS */;
/*!40101 SET CHARACTER_SET_CLIENT=@OLD_CHARACTER_SET_CLIENT */;
/*!40101 SET CHARACTER_SET_RESULTS=@OLD_CHARACTER_SET_RESULTS */;
/*!40101 SET COLLATION_CONNECTION=@OLD_COLLATION_CONNECTION */;
/*!40111 SET SQL_NOTES=@OLD_SQL_NOTES */;

-- Dump completed on 2023-08-31 11:56:27
